message,severity,attributes,tags,timestamp
2026-05-16T17:11:39.816509Z 0 [ERROR] [MY-012888] [InnoDB] Cannot resize redo log file ./#innodb_redo/#ib_redo322_tmp to 3 MB (Failed to set size),error,"{""level"":""error""}","{""project"":""0ee5f251-6f6f-4df1-88b1-bb752a8a350b"",""environment"":""e0e44f1f-ec58-480e-94e9-09bad9cd99ba"",""service"":""df16bcd7-7927-4bbf-adf1-191ac3e92d21"",""deployment"":""9f2b543f-0b35-41bc-9cb5-d19bf9898c07"",""replica"":""1901484f-77af-4ab4-83ab-a08df9c439b6""}",2026-05-16T17:11:39.826889294Z
"2026-05-16T17:11:39.823002Z 0 [ERROR] [MY-012144] [InnoDB] posix_fallocate(): Failed to preallocate data for file ./railway/kpi_cache.ibd, desired size 16384 bytes. Operating system error number 28. Check that the disk is not full or a disk quota exceeded. Make sure the file system supports this function. Refer to your operating system documentation for operating system error code information.",error,"{""level"":""error""}","{""project"":""0ee5f251-6f6f-4df1-88b1-bb752a8a350b"",""environment"":""e0e44f1f-ec58-480e-94e9-09bad9cd99ba"",""service"":""df16bcd7-7927-4bbf-adf1-191ac3e92d21"",""deployment"":""9f2b543f-0b35-41bc-9cb5-d19bf9898c07"",""replica"":""1901484f-77af-4ab4-83ab-a08df9c439b6""}",2026-05-16T17:11:39.826892703Z
2026-05-16T17:11:39.823033Z 0 [Warning] [MY-012638] [InnoDB] Retry attempts for writing partial data failed.,error,"{""level"":""error""}","{""project"":""0ee5f251-6f6f-4df1-88b1-bb752a8a350b"",""environment"":""e0e44f1f-ec58-480e-94e9-09bad9cd99ba"",""service"":""df16bcd7-7927-4bbf-adf1-191ac3e92d21"",""deployment"":""9f2b543f-0b35-41bc-9cb5-d19bf9898c07"",""replica"":""1901484f-77af-4ab4-83ab-a08df9c439b6""}",2026-05-16T17:11:39.826895627Z
2026-05-16T17:11:39.823038Z 0 [Warning] [MY-012145] [InnoDB] Error while writing 16384 zeroes to ./railway/kpi_cache.ibd starting at offset 163840,error,"{""level"":""error""}","{""project"":""0ee5f251-6f6f-4df1-88b1-bb752a8a350b"",""environment"":""e0e44f1f-ec58-480e-94e9-09bad9cd99ba"",""service"":""df16bcd7-7927-4bbf-adf1-191ac3e92d21"",""deployment"":""9f2b543f-0b35-41bc-9cb5-d19bf9898c07"",""replica"":""1901484f-77af-4ab4-83ab-a08df9c439b6""}",2026-05-16T17:11:39.826898577Z
2026-05-16T17:11:39.831443Z 0 [Warning] [MY-012638] [InnoDB] Retry attempts for writing partial data failed.,error,"{""level"":""error""}","{""project"":""0ee5f251-6f6f-4df1-88b1-bb752a8a350b"",""environment"":""e0e44f1f-ec58-480e-94e9-09bad9cd99ba"",""service"":""df16bcd7-7927-4bbf-adf1-191ac3e92d21"",""deployment"":""9f2b543f-0b35-41bc-9cb5-d19bf9898c07"",""replica"":""1901484f-77af-4ab4-83ab-a08df9c439b6""}",2026-05-16T17:11:39.835978503Z
2026-05-16T17:11:39.831462Z 0 [ERROR] [MY-012888] [InnoDB] Cannot resize redo log file ./#innodb_redo/#ib_redo322_tmp to 3 MB (Failed to set size),error,"{""level"":""error""}","{""project"":""0ee5f251-6f6f-4df1-88b1-bb752a8a350b"",""environment"":""e0e44f1f-ec58-480e-94e9-09bad9cd99ba"",""service"":""df16bcd7-7927-4bbf-adf1-191ac3e92d21"",""deployment"":""9f2b543f-0b35-41bc-9cb5-d19bf9898c07"",""replica"":""1901484f-77af-4ab4-83ab-a08df9c439b6""}",2026-05-16T17:11:39.835982991Z
2026-05-16T17:11:39.847452Z 0 [Warning] [MY-012638] [InnoDB] Retry attempts for writing partial data failed.,error,"{""level"":""error""}","{""project"":""0ee5f251-6f6f-4df1-88b1-bb752a8a350b"",""environment"":""e0e44f1f-ec58-480e-94e9-09bad9cd99ba"",""service"":""df16bcd7-7927-4bbf-adf1-191ac3e92d21"",""deployment"":""9f2b543f-0b35-41bc-9cb5-d19bf9898c07"",""replica"":""1901484f-77af-4ab4-83ab-a08df9c439b6""}",2026-05-16T17:11:39.848415552Z
2026-05-16T17:11:39.847468Z 0 [ERROR] [MY-012888] [InnoDB] Cannot resize redo log file ./#innodb_redo/#ib_redo322_tmp to 3 MB (Failed to set size),error,"{""level"":""error""}","{""project"":""0ee5f251-6f6f-4df1-88b1-bb752a8a350b"",""environment"":""e0e44f1f-ec58-480e-94e9-09bad9cd99ba"",""service"":""df16bcd7-7927-4bbf-adf1-191ac3e92d21"",""deployment"":""9f2b543f-0b35-41bc-9cb5-d19bf9898c07"",""replica"":""1901484f-77af-4ab4-83ab-a08df9c439b6""}",2026-05-16T17:11:39.848423245Z
2026-05-16T17:11:39.862321Z 0 [Warning] [MY-012638] [InnoDB] Retry attempts for writing partial data failed.,error,"{""level"":""error""}","{""project"":""0ee5f251-6f6f-4df1-88b1-bb752a8a350b"",""environment"":""e0e44f1f-ec58-480e-94e9-09bad9cd99ba"",""service"":""df16bcd7-7927-4bbf-adf1-191ac3e92d21"",""deployment"":""9f2b543f-0b35-41bc-9cb5-d19bf9898c07"",""replica"":""1901484f-77af-4ab4-83ab-a08df9c439b6""}",2026-05-16T17:11:39.864118656Z
2026-05-16T17:11:39.862337Z 0 [ERROR] [MY-012888] [InnoDB] Cannot resize redo log file ./#innodb_redo/#ib_redo322_tmp to 3 MB (Failed to set size),error,"{""level"":""error""}","{""project"":""0ee5f251-6f6f-4df1-88b1-bb752a8a350b"",""environment"":""e0e44f1f-ec58-480e-94e9-09bad9cd99ba"",""service"":""df16bcd7-7927-4bbf-adf1-191ac3e92d21"",""deployment"":""9f2b543f-0b35-41bc-9cb5-d19bf9898c07"",""replica"":""1901484f-77af-4ab4-83ab-a08df9c439b6""}",2026-05-16T17:11:39.864122458Z
"2026-05-16T17:11:39.873184Z 0 [ERROR] [MY-012144] [InnoDB] posix_fallocate(): Failed to preallocate data for file ./railway/kpi_cache.ibd, desired size 16384 bytes. Operating system error number 28. Check that the disk is not full or a disk quota exceeded. Make sure the file system supports this function. Refer to your operating system documentation for operating system error code information.",error,"{""level"":""error""}","{""project"":""0ee5f251-6f6f-4df1-88b1-bb752a8a350b"",""environment"":""e0e44f1f-ec58-480e-94e9-09bad9cd99ba"",""service"":""df16bcd7-7927-4bbf-adf1-191ac3e92d21"",""deployment"":""9f2b543f-0b35-41bc-9cb5-d19bf9898c07"",""replica"":""1901484f-77af-4ab4-83ab-a08df9c439b6""}",2026-05-16T17:11:39.877129992Z
2026-05-16T17:11:39.873214Z 0 [Warning] [MY-012638] [InnoDB] Retry attempts for writing partial data failed.,error,"{""level"":""error""}","{""project"":""0ee5f251-6f6f-4df1-88b1-bb752a8a350b"",""environment"":""e0e44f1f-ec58-480e-94e9-09bad9cd99ba"",""service"":""df16bcd7-7927-4bbf-adf1-191ac3e92d21"",""deployment"":""9f2b543f-0b35-41bc-9cb5-d19bf9898c07"",""replica"":""1901484f-77af-4ab4-83ab-a08df9c439b6""}",2026-05-16T17:11:39.877134011Z
2026-05-16T17:11:39.873219Z 0 [Warning] [MY-012145] [InnoDB] Error while writing 16384 zeroes to ./railway/kpi_cache.ibd starting at offset 163840,error,"{""level"":""error""}","{""project"":""0ee5f251-6f6f-4df1-88b1-bb752a8a350b"",""environment"":""e0e44f1f-ec58-480e-94e9-09bad9cd99ba"",""service"":""df16bcd7-7927-4bbf-adf1-191ac3e92d21"",""deployment"":""9f2b543f-0b35-41bc-9cb5-d19bf9898c07"",""replica"":""1901484f-77af-4ab4-83ab-a08df9c439b6""}",2026-05-16T17:11:39.877138735Z
2026-05-16T17:11:39.877697Z 0 [Warning] [MY-012638] [InnoDB] Retry attempts for writing partial data failed.,error,"{""level"":""error""}","{""project"":""0ee5f251-6f6f-4df1-88b1-bb752a8a350b"",""environment"":""e0e44f1f-ec58-480e-94e9-09bad9cd99ba"",""service"":""df16bcd7-7927-4bbf-adf1-191ac3e92d21"",""deployment"":""9f2b543f-0b35-41bc-9cb5-d19bf9898c07"",""replica"":""1901484f-77af-4ab4-83ab-a08df9c439b6""}",2026-05-16T17:11:39.878559165Z
2026-05-16T17:11:39.877713Z 0 [ERROR] [MY-012888] [InnoDB] Cannot resize redo log file ./#innodb_redo/#ib_redo322_tmp to 3 MB (Failed to set size),error,"{""level"":""error""}","{""project"":""0ee5f251-6f6f-4df1-88b1-bb752a8a350b"",""environment"":""e0e44f1f-ec58-480e-94e9-09bad9cd99ba"",""service"":""df16bcd7-7927-4bbf-adf1-191ac3e92d21"",""deployment"":""9f2b543f-0b35-41bc-9cb5-d19bf9898c07"",""replica"":""1901484f-77af-4ab4-83ab-a08df9c439b6""}",2026-05-16T17:11:39.878563948Z
2026-05-16T17:11:39.893911Z 0 [Warning] [MY-012638] [InnoDB] Retry attempts for writing partial data failed.,error,"{""level"":""error""}","{""project"":""0ee5f251-6f6f-4df1-88b1-bb752a8a350b"",""environment"":""e0e44f1f-ec58-480e-94e9-09bad9cd99ba"",""service"":""df16bcd7-7927-4bbf-adf1-191ac3e92d21"",""deployment"":""9f2b543f-0b35-41bc-9cb5-d19bf9898c07"",""replica"":""1901484f-77af-4ab4-83ab-a08df9c439b6""}",2026-05-16T17:11:39.902009918Z
2026-05-16T17:11:39.893927Z 0 [ERROR] [MY-012888] [InnoDB] Cannot resize redo log file ./#innodb_redo/#ib_redo322_tmp to 3 MB (Failed to set size),error,"{""level"":""error""}","{""project"":""0ee5f251-6f6f-4df1-88b1-bb752a8a350b"",""environment"":""e0e44f1f-ec58-480e-94e9-09bad9cd99ba"",""service"":""df16bcd7-7927-4bbf-adf1-191ac3e92d21"",""deployment"":""9f2b543f-0b35-41bc-9cb5-d19bf9898c07"",""replica"":""1901484f-77af-4ab4-83ab-a08df9c439b6""}",2026-05-16T17:11:39.902016127Z
2026-05-16T17:11:39.908696Z 0 [Warning] [MY-012638] [InnoDB] Retry attempts for writing partial data failed.,error,"{""level"":""error""}","{""project"":""0ee5f251-6f6f-4df1-88b1-bb752a8a350b"",""environment"":""e0e44f1f-ec58-480e-94e9-09bad9cd99ba"",""service"":""df16bcd7-7927-4bbf-adf1-191ac3e92d21"",""deployment"":""9f2b543f-0b35-41bc-9cb5-d19bf9898c07"",""replica"":""1901484f-77af-4ab4-83ab-a08df9c439b6""}",2026-05-16T17:11:39.909743926Z
2026-05-16T17:11:39.908713Z 0 [ERROR] [MY-012888] [InnoDB] Cannot resize redo log file ./#innodb_redo/#ib_redo322_tmp to 3 MB (Failed to set size),error,"{""level"":""error""}","{""project"":""0ee5f251-6f6f-4df1-88b1-bb752a8a350b"",""environment"":""e0e44f1f-ec58-480e-94e9-09bad9cd99ba"",""service"":""df16bcd7-7927-4bbf-adf1-191ac3e92d21"",""deployment"":""9f2b543f-0b35-41bc-9cb5-d19bf9898c07"",""replica"":""1901484f-77af-4ab4-83ab-a08df9c439b6""}",2026-05-16T17:11:39.909749586Z
"2026-05-16T17:11:39.923373Z 0 [ERROR] [MY-012144] [InnoDB] posix_fallocate(): Failed to preallocate data for file ./railway/kpi_cache.ibd, desired size 16384 bytes. Operating system error number 28. Check that the disk is not full or a disk quota exceeded. Make sure the file system supports this function. Refer to your operating system documentation for operating system error code information.",error,"{""level"":""error""}","{""project"":""0ee5f251-6f6f-4df1-88b1-bb752a8a350b"",""environment"":""e0e44f1f-ec58-480e-94e9-09bad9cd99ba"",""service"":""df16bcd7-7927-4bbf-adf1-191ac3e92d21"",""deployment"":""9f2b543f-0b35-41bc-9cb5-d19bf9898c07"",""replica"":""1901484f-77af-4ab4-83ab-a08df9c439b6""}",2026-05-16T17:11:40.276277445Z
2026-05-16T17:11:39.923405Z 0 [Warning] [MY-012638] [InnoDB] Retry attempts for writing partial data failed.,error,"{""level"":""error""}","{""project"":""0ee5f251-6f6f-4df1-88b1-bb752a8a350b"",""environment"":""e0e44f1f-ec58-480e-94e9-09bad9cd99ba"",""service"":""df16bcd7-7927-4bbf-adf1-191ac3e92d21"",""deployment"":""9f2b543f-0b35-41bc-9cb5-d19bf9898c07"",""replica"":""1901484f-77af-4ab4-83ab-a08df9c439b6""}",2026-05-16T17:11:40.276283183Z
2026-05-16T17:11:39.923412Z 0 [Warning] [MY-012145] [InnoDB] Error while writing 16384 zeroes to ./railway/kpi_cache.ibd starting at offset 163840,error,"{""level"":""error""}","{""project"":""0ee5f251-6f6f-4df1-88b1-bb752a8a350b"",""environment"":""e0e44f1f-ec58-480e-94e9-09bad9cd99ba"",""service"":""df16bcd7-7927-4bbf-adf1-191ac3e92d21"",""deployment"":""9f2b543f-0b35-41bc-9cb5-d19bf9898c07"",""replica"":""1901484f-77af-4ab4-83ab-a08df9c439b6""}",2026-05-16T17:11:40.276288079Z
2026-05-16T17:11:39.923521Z 0 [Warning] [MY-012638] [InnoDB] Retry attempts for writing partial data failed.,error,"{""level"":""error""}","{""project"":""0ee5f251-6f6f-4df1-88b1-bb752a8a350b"",""environment"":""e0e44f1f-ec58-480e-94e9-09bad9cd99ba"",""service"":""df16bcd7-7927-4bbf-adf1-191ac3e92d21"",""deployment"":""9f2b543f-0b35-41bc-9cb5-d19bf9898c07"",""replica"":""1901484f-77af-4ab4-83ab-a08df9c439b6""}",2026-05-16T17:11:40.276294545Z
2026-05-16T17:11:39.923539Z 0 [ERROR] [MY-012888] [InnoDB] Cannot resize redo log file ./#innodb_redo/#ib_redo322_tmp to 3 MB (Failed to set size),error,"{""level"":""error""}","{""project"":""0ee5f251-6f6f-4df1-88b1-bb752a8a350b"",""environment"":""e0e44f1f-ec58-480e-94e9-09bad9cd99ba"",""service"":""df16bcd7-7927-4bbf-adf1-191ac3e92d21"",""deployment"":""9f2b543f-0b35-41bc-9cb5-d19bf9898c07"",""replica"":""1901484f-77af-4ab4-83ab-a08df9c439b6""}",2026-05-16T17:11:40.276301468Z
2026-05-16T17:11:39.943060Z 0 [Warning] [MY-012638] [InnoDB] Retry attempts for writing partial data failed.,error,"{""level"":""error""}","{""project"":""0ee5f251-6f6f-4df1-88b1-bb752a8a350b"",""environment"":""e0e44f1f-ec58-480e-94e9-09bad9cd99ba"",""service"":""df16bcd7-7927-4bbf-adf1-191ac3e92d21"",""deployment"":""9f2b543f-0b35-41bc-9cb5-d19bf9898c07"",""replica"":""1901484f-77af-4ab4-83ab-a08df9c439b6""}",2026-05-16T17:11:40.276308128Z
2026-05-16T17:11:39.943076Z 0 [ERROR] [MY-012888] [InnoDB] Cannot resize redo log file ./#innodb_redo/#ib_redo322_tmp to 3 MB (Failed to set size),error,"{""level"":""error""}","{""project"":""0ee5f251-6f6f-4df1-88b1-bb752a8a350b"",""environment"":""e0e44f1f-ec58-480e-94e9-09bad9cd99ba"",""service"":""df16bcd7-7927-4bbf-adf1-191ac3e92d21"",""deployment"":""9f2b543f-0b35-41bc-9cb5-d19bf9898c07"",""replica"":""1901484f-77af-4ab4-83ab-a08df9c439b6""}",2026-05-16T17:11:40.276314514Z
2026-05-16T17:11:39.961719Z 0 [Warning] [MY-012638] [InnoDB] Retry attempts for writing partial data failed.,error,"{""level"":""error""}","{""project"":""0ee5f251-6f6f-4df1-88b1-bb752a8a350b"",""environment"":""e0e44f1f-ec58-480e-94e9-09bad9cd99ba"",""service"":""df16bcd7-7927-4bbf-adf1-191ac3e92d21"",""deployment"":""9f2b543f-0b35-41bc-9cb5-d19bf9898c07"",""replica"":""1901484f-77af-4ab4-83ab-a08df9c439b6""}",2026-05-16T17:11:40.276321906Z
2026-05-16T17:11:39.961737Z 0 [ERROR] [MY-012888] [InnoDB] Cannot resize redo log file ./#innodb_redo/#ib_redo322_tmp to 3 MB (Failed to set size),error,"{""level"":""error""}","{""project"":""0ee5f251-6f6f-4df1-88b1-bb752a8a350b"",""environment"":""e0e44f1f-ec58-480e-94e9-09bad9cd99ba"",""service"":""df16bcd7-7927-4bbf-adf1-191ac3e92d21"",""deployment"":""9f2b543f-0b35-41bc-9cb5-d19bf9898c07"",""replica"":""1901484f-77af-4ab4-83ab-a08df9c439b6""}",2026-05-16T17:11:40.276326742Z
"2026-05-16T17:11:39.973556Z 0 [ERROR] [MY-012144] [InnoDB] posix_fallocate(): Failed to preallocate data for file ./railway/kpi_cache.ibd, desired size 16384 bytes. Operating system error number 28. Check that the disk is not full or a disk quota exceeded. Make sure the file system supports this function. Refer to your operating system documentation for operating system error code information.",error,"{""level"":""error""}","{""project"":""0ee5f251-6f6f-4df1-88b1-bb752a8a350b"",""environment"":""e0e44f1f-ec58-480e-94e9-09bad9cd99ba"",""service"":""df16bcd7-7927-4bbf-adf1-191ac3e92d21"",""deployment"":""9f2b543f-0b35-41bc-9cb5-d19bf9898c07"",""replica"":""1901484f-77af-4ab4-83ab-a08df9c439b6""}",2026-05-16T17:11:40.276332215Z
2026-05-16T17:11:39.973590Z 0 [Warning] [MY-012638] [InnoDB] Retry attempts for writing partial data failed.,error,"{""level"":""error""}","{""project"":""0ee5f251-6f6f-4df1-88b1-bb752a8a350b"",""environment"":""e0e44f1f-ec58-480e-94e9-09bad9cd99ba"",""service"":""df16bcd7-7927-4bbf-adf1-191ac3e92d21"",""deployment"":""9f2b543f-0b35-41bc-9cb5-d19bf9898c07"",""replica"":""1901484f-77af-4ab4-83ab-a08df9c439b6""}",2026-05-16T17:11:40.277318423Z
2026-05-16T17:11:39.973594Z 0 [Warning] [MY-012145] [InnoDB] Error while writing 16384 zeroes to ./railway/kpi_cache.ibd starting at offset 163840,error,"{""level"":""error""}","{""project"":""0ee5f251-6f6f-4df1-88b1-bb752a8a350b"",""environment"":""e0e44f1f-ec58-480e-94e9-09bad9cd99ba"",""service"":""df16bcd7-7927-4bbf-adf1-191ac3e92d21"",""deployment"":""9f2b543f-0b35-41bc-9cb5-d19bf9898c07"",""replica"":""1901484f-77af-4ab4-83ab-a08df9c439b6""}",2026-05-16T17:11:40.277324861Z
2026-05-16T17:11:39.977305Z 0 [Warning] [MY-012638] [InnoDB] Retry attempts for writing partial data failed.,error,"{""level"":""error""}","{""project"":""0ee5f251-6f6f-4df1-88b1-bb752a8a350b"",""environment"":""e0e44f1f-ec58-480e-94e9-09bad9cd99ba"",""service"":""df16bcd7-7927-4bbf-adf1-191ac3e92d21"",""deployment"":""9f2b543f-0b35-41bc-9cb5-d19bf9898c07"",""replica"":""1901484f-77af-4ab4-83ab-a08df9c439b6""}",2026-05-16T17:11:40.277329078Z
2026-05-16T17:11:39.977320Z 0 [ERROR] [MY-012888] [InnoDB] Cannot resize redo log file ./#innodb_redo/#ib_redo322_tmp to 3 MB (Failed to set size),error,"{""level"":""error""}","{""project"":""0ee5f251-6f6f-4df1-88b1-bb752a8a350b"",""environment"":""e0e44f1f-ec58-480e-94e9-09bad9cd99ba"",""service"":""df16bcd7-7927-4bbf-adf1-191ac3e92d21"",""deployment"":""9f2b543f-0b35-41bc-9cb5-d19bf9898c07"",""replica"":""1901484f-77af-4ab4-83ab-a08df9c439b6""}",2026-05-16T17:11:40.277333778Z
2026-05-16T17:11:39.992693Z 0 [Warning] [MY-012638] [InnoDB] Retry attempts for writing partial data failed.,error,"{""level"":""error""}","{""project"":""0ee5f251-6f6f-4df1-88b1-bb752a8a350b"",""environment"":""e0e44f1f-ec58-480e-94e9-09bad9cd99ba"",""service"":""df16bcd7-7927-4bbf-adf1-191ac3e92d21"",""deployment"":""9f2b543f-0b35-41bc-9cb5-d19bf9898c07"",""replica"":""1901484f-77af-4ab4-83ab-a08df9c439b6""}",2026-05-16T17:11:40.277337395Z
2026-05-16T17:11:39.992709Z 0 [ERROR] [MY-012888] [InnoDB] Cannot resize redo log file ./#innodb_redo/#ib_redo322_tmp to 3 MB (Failed to set size),error,"{""level"":""error""}","{""project"":""0ee5f251-6f6f-4df1-88b1-bb752a8a350b"",""environment"":""e0e44f1f-ec58-480e-94e9-09bad9cd99ba"",""service"":""df16bcd7-7927-4bbf-adf1-191ac3e92d21"",""deployment"":""9f2b543f-0b35-41bc-9cb5-d19bf9898c07"",""replica"":""1901484f-77af-4ab4-83ab-a08df9c439b6""}",2026-05-16T17:11:40.277341201Z
2026-05-16T17:11:40.008530Z 0 [Warning] [MY-012638] [InnoDB] Retry attempts for writing partial data failed.,error,"{""level"":""error""}","{""project"":""0ee5f251-6f6f-4df1-88b1-bb752a8a350b"",""environment"":""e0e44f1f-ec58-480e-94e9-09bad9cd99ba"",""service"":""df16bcd7-7927-4bbf-adf1-191ac3e92d21"",""deployment"":""9f2b543f-0b35-41bc-9cb5-d19bf9898c07"",""replica"":""1901484f-77af-4ab4-83ab-a08df9c439b6""}",2026-05-16T17:11:40.277344785Z
2026-05-16T17:11:40.008547Z 0 [ERROR] [MY-012888] [InnoDB] Cannot resize redo log file ./#innodb_redo/#ib_redo322_tmp to 3 MB (Failed to set size),error,"{""level"":""error""}","{""project"":""0ee5f251-6f6f-4df1-88b1-bb752a8a350b"",""environment"":""e0e44f1f-ec58-480e-94e9-09bad9cd99ba"",""service"":""df16bcd7-7927-4bbf-adf1-191ac3e92d21"",""deployment"":""9f2b543f-0b35-41bc-9cb5-d19bf9898c07"",""replica"":""1901484f-77af-4ab4-83ab-a08df9c439b6""}",2026-05-16T17:11:40.277349291Z
"2026-05-16T17:11:40.026167Z 0 [ERROR] [MY-012144] [InnoDB] posix_fallocate(): Failed to preallocate data for file ./railway/kpi_cache.ibd, desired size 16384 bytes. Operating system error number 28. Check that the disk is not full or a disk quota exceeded. Make sure the file system supports this function. Refer to your operating system documentation for operating system error code information.",error,"{""level"":""error""}","{""project"":""0ee5f251-6f6f-4df1-88b1-bb752a8a350b"",""environment"":""e0e44f1f-ec58-480e-94e9-09bad9cd99ba"",""service"":""df16bcd7-7927-4bbf-adf1-191ac3e92d21"",""deployment"":""9f2b543f-0b35-41bc-9cb5-d19bf9898c07"",""replica"":""1901484f-77af-4ab4-83ab-a08df9c439b6""}",2026-05-16T17:11:40.277352724Z
2026-05-16T17:11:40.026205Z 0 [Warning] [MY-012638] [InnoDB] Retry attempts for writing partial data failed.,error,"{""level"":""error""}","{""project"":""0ee5f251-6f6f-4df1-88b1-bb752a8a350b"",""environment"":""e0e44f1f-ec58-480e-94e9-09bad9cd99ba"",""service"":""df16bcd7-7927-4bbf-adf1-191ac3e92d21"",""deployment"":""9f2b543f-0b35-41bc-9cb5-d19bf9898c07"",""replica"":""1901484f-77af-4ab4-83ab-a08df9c439b6""}",2026-05-16T17:11:40.277356599Z
2026-05-16T17:11:40.026211Z 0 [Warning] [MY-012145] [InnoDB] Error while writing 16384 zeroes to ./railway/kpi_cache.ibd starting at offset 163840,error,"{""level"":""error""}","{""project"":""0ee5f251-6f6f-4df1-88b1-bb752a8a350b"",""environment"":""e0e44f1f-ec58-480e-94e9-09bad9cd99ba"",""service"":""df16bcd7-7927-4bbf-adf1-191ac3e92d21"",""deployment"":""9f2b543f-0b35-41bc-9cb5-d19bf9898c07"",""replica"":""1901484f-77af-4ab4-83ab-a08df9c439b6""}",2026-05-16T17:11:40.277360851Z
2026-05-16T17:11:40.026398Z 0 [Warning] [MY-012638] [InnoDB] Retry attempts for writing partial data failed.,error,"{""level"":""error""}","{""project"":""0ee5f251-6f6f-4df1-88b1-bb752a8a350b"",""environment"":""e0e44f1f-ec58-480e-94e9-09bad9cd99ba"",""service"":""df16bcd7-7927-4bbf-adf1-191ac3e92d21"",""deployment"":""9f2b543f-0b35-41bc-9cb5-d19bf9898c07"",""replica"":""1901484f-77af-4ab4-83ab-a08df9c439b6""}",2026-05-16T17:11:40.279161679Z
2026-05-16T17:11:40.026417Z 0 [ERROR] [MY-012888] [InnoDB] Cannot resize redo log file ./#innodb_redo/#ib_redo322_tmp to 3 MB (Failed to set size),error,"{""level"":""error""}","{""project"":""0ee5f251-6f6f-4df1-88b1-bb752a8a350b"",""environment"":""e0e44f1f-ec58-480e-94e9-09bad9cd99ba"",""service"":""df16bcd7-7927-4bbf-adf1-191ac3e92d21"",""deployment"":""9f2b543f-0b35-41bc-9cb5-d19bf9898c07"",""replica"":""1901484f-77af-4ab4-83ab-a08df9c439b6""}",2026-05-16T17:11:40.279172234Z
2026-05-16T17:11:40.041432Z 0 [Warning] [MY-012638] [InnoDB] Retry attempts for writing partial data failed.,error,"{""level"":""error""}","{""project"":""0ee5f251-6f6f-4df1-88b1-bb752a8a350b"",""environment"":""e0e44f1f-ec58-480e-94e9-09bad9cd99ba"",""service"":""df16bcd7-7927-4bbf-adf1-191ac3e92d21"",""deployment"":""9f2b543f-0b35-41bc-9cb5-d19bf9898c07"",""replica"":""1901484f-77af-4ab4-83ab-a08df9c439b6""}",2026-05-16T17:11:40.279176459Z
2026-05-16T17:11:40.041453Z 0 [ERROR] [MY-012888] [InnoDB] Cannot resize redo log file ./#innodb_redo/#ib_redo322_tmp to 3 MB (Failed to set size),error,"{""level"":""error""}","{""project"":""0ee5f251-6f6f-4df1-88b1-bb752a8a350b"",""environment"":""e0e44f1f-ec58-480e-94e9-09bad9cd99ba"",""service"":""df16bcd7-7927-4bbf-adf1-191ac3e92d21"",""deployment"":""9f2b543f-0b35-41bc-9cb5-d19bf9898c07"",""replica"":""1901484f-77af-4ab4-83ab-a08df9c439b6""}",2026-05-16T17:11:40.279181213Z
2026-05-16T17:11:40.056419Z 0 [Warning] [MY-012638] [InnoDB] Retry attempts for writing partial data failed.,error,"{""level"":""error""}","{""project"":""0ee5f251-6f6f-4df1-88b1-bb752a8a350b"",""environment"":""e0e44f1f-ec58-480e-94e9-09bad9cd99ba"",""service"":""df16bcd7-7927-4bbf-adf1-191ac3e92d21"",""deployment"":""9f2b543f-0b35-41bc-9cb5-d19bf9898c07"",""replica"":""1901484f-77af-4ab4-83ab-a08df9c439b6""}",2026-05-16T17:11:40.279185073Z
2026-05-16T17:11:40.056443Z 0 [ERROR] [MY-012888] [InnoDB] Cannot resize redo log file ./#innodb_redo/#ib_redo322_tmp to 3 MB (Failed to set size),error,"{""level"":""error""}","{""project"":""0ee5f251-6f6f-4df1-88b1-bb752a8a350b"",""environment"":""e0e44f1f-ec58-480e-94e9-09bad9cd99ba"",""service"":""df16bcd7-7927-4bbf-adf1-191ac3e92d21"",""deployment"":""9f2b543f-0b35-41bc-9cb5-d19bf9898c07"",""replica"":""1901484f-77af-4ab4-83ab-a08df9c439b6""}",2026-05-16T17:11:40.279189127Z
2026-05-16T17:11:40.071449Z 0 [Warning] [MY-012638] [InnoDB] Retry attempts for writing partial data failed.,error,"{""level"":""error""}","{""project"":""0ee5f251-6f6f-4df1-88b1-bb752a8a350b"",""environment"":""e0e44f1f-ec58-480e-94e9-09bad9cd99ba"",""service"":""df16bcd7-7927-4bbf-adf1-191ac3e92d21"",""deployment"":""9f2b543f-0b35-41bc-9cb5-d19bf9898c07"",""replica"":""1901484f-77af-4ab4-83ab-a08df9c439b6""}",2026-05-16T17:11:40.279193571Z
2026-05-16T17:11:40.071466Z 0 [ERROR] [MY-012888] [InnoDB] Cannot resize redo log file ./#innodb_redo/#ib_redo322_tmp to 3 MB (Failed to set size),error,"{""level"":""error""}","{""project"":""0ee5f251-6f6f-4df1-88b1-bb752a8a350b"",""environment"":""e0e44f1f-ec58-480e-94e9-09bad9cd99ba"",""service"":""df16bcd7-7927-4bbf-adf1-191ac3e92d21"",""deployment"":""9f2b543f-0b35-41bc-9cb5-d19bf9898c07"",""replica"":""1901484f-77af-4ab4-83ab-a08df9c439b6""}",2026-05-16T17:11:40.279198212Z
"2026-05-16T17:11:40.076378Z 0 [ERROR] [MY-012144] [InnoDB] posix_fallocate(): Failed to preallocate data for file ./railway/kpi_cache.ibd, desired size 16384 bytes. Operating system error number 28. Check that the disk is not full or a disk quota exceeded. Make sure the file system supports this function. Refer to your operating system documentation for operating system error code information.",error,"{""level"":""error""}","{""project"":""0ee5f251-6f6f-4df1-88b1-bb752a8a350b"",""environment"":""e0e44f1f-ec58-480e-94e9-09bad9cd99ba"",""service"":""df16bcd7-7927-4bbf-adf1-191ac3e92d21"",""deployment"":""9f2b543f-0b35-41bc-9cb5-d19bf9898c07"",""replica"":""1901484f-77af-4ab4-83ab-a08df9c439b6""}",2026-05-16T17:11:40.279201974Z
2026-05-16T17:11:40.076412Z 0 [Warning] [MY-012638] [InnoDB] Retry attempts for writing partial data failed.,error,"{""level"":""error""}","{""project"":""0ee5f251-6f6f-4df1-88b1-bb752a8a350b"",""environment"":""e0e44f1f-ec58-480e-94e9-09bad9cd99ba"",""service"":""df16bcd7-7927-4bbf-adf1-191ac3e92d21"",""deployment"":""9f2b543f-0b35-41bc-9cb5-d19bf9898c07"",""replica"":""1901484f-77af-4ab4-83ab-a08df9c439b6""}",2026-05-16T17:11:40.279205706Z
2026-05-16T17:11:40.076417Z 0 [Warning] [MY-012145] [InnoDB] Error while writing 16384 zeroes to ./railway/kpi_cache.ibd starting at offset 163840,error,"{""level"":""error""}","{""project"":""0ee5f251-6f6f-4df1-88b1-bb752a8a350b"",""environment"":""e0e44f1f-ec58-480e-94e9-09bad9cd99ba"",""service"":""df16bcd7-7927-4bbf-adf1-191ac3e92d21"",""deployment"":""9f2b543f-0b35-41bc-9cb5-d19bf9898c07"",""replica"":""1901484f-77af-4ab4-83ab-a08df9c439b6""}",2026-05-16T17:11:40.279208790Z
2026-05-16T17:11:40.087741Z 0 [Warning] [MY-012638] [InnoDB] Retry attempts for writing partial data failed.,error,"{""level"":""error""}","{""project"":""0ee5f251-6f6f-4df1-88b1-bb752a8a350b"",""environment"":""e0e44f1f-ec58-480e-94e9-09bad9cd99ba"",""service"":""df16bcd7-7927-4bbf-adf1-191ac3e92d21"",""deployment"":""9f2b543f-0b35-41bc-9cb5-d19bf9898c07"",""replica"":""1901484f-77af-4ab4-83ab-a08df9c439b6""}",2026-05-16T17:11:40.280857678Z
2026-05-16T17:11:40.087758Z 0 [ERROR] [MY-012888] [InnoDB] Cannot resize redo log file ./#innodb_redo/#ib_redo322_tmp to 3 MB (Failed to set size),error,"{""level"":""error""}","{""project"":""0ee5f251-6f6f-4df1-88b1-bb752a8a350b"",""environment"":""e0e44f1f-ec58-480e-94e9-09bad9cd99ba"",""service"":""df16bcd7-7927-4bbf-adf1-191ac3e92d21"",""deployment"":""9f2b543f-0b35-41bc-9cb5-d19bf9898c07"",""replica"":""1901484f-77af-4ab4-83ab-a08df9c439b6""}",2026-05-16T17:11:40.280863374Z
2026-05-16T17:11:40.102783Z 0 [Warning] [MY-012638] [InnoDB] Retry attempts for writing partial data failed.,error,"{""level"":""error""}","{""project"":""0ee5f251-6f6f-4df1-88b1-bb752a8a350b"",""environment"":""e0e44f1f-ec58-480e-94e9-09bad9cd99ba"",""service"":""df16bcd7-7927-4bbf-adf1-191ac3e92d21"",""deployment"":""9f2b543f-0b35-41bc-9cb5-d19bf9898c07"",""replica"":""1901484f-77af-4ab4-83ab-a08df9c439b6""}",2026-05-16T17:11:40.280868441Z
2026-05-16T17:11:40.102802Z 0 [ERROR] [MY-012888] [InnoDB] Cannot resize redo log file ./#innodb_redo/#ib_redo322_tmp to 3 MB (Failed to set size),error,"{""level"":""error""}","{""project"":""0ee5f251-6f6f-4df1-88b1-bb752a8a350b"",""environment"":""e0e44f1f-ec58-480e-94e9-09bad9cd99ba"",""service"":""df16bcd7-7927-4bbf-adf1-191ac3e92d21"",""deployment"":""9f2b543f-0b35-41bc-9cb5-d19bf9898c07"",""replica"":""1901484f-77af-4ab4-83ab-a08df9c439b6""}",2026-05-16T17:11:40.280872668Z
2026-05-16T17:11:40.119330Z 0 [Warning] [MY-012638] [InnoDB] Retry attempts for writing partial data failed.,error,"{""level"":""error""}","{""project"":""0ee5f251-6f6f-4df1-88b1-bb752a8a350b"",""environment"":""e0e44f1f-ec58-480e-94e9-09bad9cd99ba"",""service"":""df16bcd7-7927-4bbf-adf1-191ac3e92d21"",""deployment"":""9f2b543f-0b35-41bc-9cb5-d19bf9898c07"",""replica"":""1901484f-77af-4ab4-83ab-a08df9c439b6""}",2026-05-16T17:11:40.280877280Z
2026-05-16T17:11:40.119350Z 0 [ERROR] [MY-012888] [InnoDB] Cannot resize redo log file ./#innodb_redo/#ib_redo322_tmp to 3 MB (Failed to set size),error,"{""level"":""error""}","{""project"":""0ee5f251-6f6f-4df1-88b1-bb752a8a350b"",""environment"":""e0e44f1f-ec58-480e-94e9-09bad9cd99ba"",""service"":""df16bcd7-7927-4bbf-adf1-191ac3e92d21"",""deployment"":""9f2b543f-0b35-41bc-9cb5-d19bf9898c07"",""replica"":""1901484f-77af-4ab4-83ab-a08df9c439b6""}",2026-05-16T17:11:40.280883097Z
"2026-05-16T17:11:40.126586Z 0 [ERROR] [MY-012144] [InnoDB] posix_fallocate(): Failed to preallocate data for file ./railway/kpi_cache.ibd, desired size 16384 bytes. Operating system error number 28. Check that the disk is not full or a disk quota exceeded. Make sure the file system supports this function. Refer to your operating system documentation for operating system error code information.",error,"{""level"":""error""}","{""project"":""0ee5f251-6f6f-4df1-88b1-bb752a8a350b"",""environment"":""e0e44f1f-ec58-480e-94e9-09bad9cd99ba"",""service"":""df16bcd7-7927-4bbf-adf1-191ac3e92d21"",""deployment"":""9f2b543f-0b35-41bc-9cb5-d19bf9898c07"",""replica"":""1901484f-77af-4ab4-83ab-a08df9c439b6""}",2026-05-16T17:11:40.280887838Z
2026-05-16T17:11:40.126618Z 0 [Warning] [MY-012638] [InnoDB] Retry attempts for writing partial data failed.,error,"{""level"":""error""}","{""project"":""0ee5f251-6f6f-4df1-88b1-bb752a8a350b"",""environment"":""e0e44f1f-ec58-480e-94e9-09bad9cd99ba"",""service"":""df16bcd7-7927-4bbf-adf1-191ac3e92d21"",""deployment"":""9f2b543f-0b35-41bc-9cb5-d19bf9898c07"",""replica"":""1901484f-77af-4ab4-83ab-a08df9c439b6""}",2026-05-16T17:11:40.280892885Z
2026-05-16T17:11:40.126623Z 0 [Warning] [MY-012145] [InnoDB] Error while writing 16384 zeroes to ./railway/kpi_cache.ibd starting at offset 163840,error,"{""level"":""error""}","{""project"":""0ee5f251-6f6f-4df1-88b1-bb752a8a350b"",""environment"":""e0e44f1f-ec58-480e-94e9-09bad9cd99ba"",""service"":""df16bcd7-7927-4bbf-adf1-191ac3e92d21"",""deployment"":""9f2b543f-0b35-41bc-9cb5-d19bf9898c07"",""replica"":""1901484f-77af-4ab4-83ab-a08df9c439b6""}",2026-05-16T17:11:40.280897209Z
2026-05-16T17:11:40.134283Z 0 [Warning] [MY-012638] [InnoDB] Retry attempts for writing partial data failed.,error,"{""level"":""error""}","{""project"":""0ee5f251-6f6f-4df1-88b1-bb752a8a350b"",""environment"":""e0e44f1f-ec58-480e-94e9-09bad9cd99ba"",""service"":""df16bcd7-7927-4bbf-adf1-191ac3e92d21"",""deployment"":""9f2b543f-0b35-41bc-9cb5-d19bf9898c07"",""replica"":""1901484f-77af-4ab4-83ab-a08df9c439b6""}",2026-05-16T17:11:40.280956389Z
2026-05-16T17:11:40.134300Z 0 [ERROR] [MY-012888] [InnoDB] Cannot resize redo log file ./#innodb_redo/#ib_redo322_tmp to 3 MB (Failed to set size),error,"{""level"":""error""}","{""project"":""0ee5f251-6f6f-4df1-88b1-bb752a8a350b"",""environment"":""e0e44f1f-ec58-480e-94e9-09bad9cd99ba"",""service"":""df16bcd7-7927-4bbf-adf1-191ac3e92d21"",""deployment"":""9f2b543f-0b35-41bc-9cb5-d19bf9898c07"",""replica"":""1901484f-77af-4ab4-83ab-a08df9c439b6""}",2026-05-16T17:11:40.280962693Z
2026-05-16T17:11:40.150196Z 0 [Warning] [MY-012638] [InnoDB] Retry attempts for writing partial data failed.,error,"{""level"":""error""}","{""project"":""0ee5f251-6f6f-4df1-88b1-bb752a8a350b"",""environment"":""e0e44f1f-ec58-480e-94e9-09bad9cd99ba"",""service"":""df16bcd7-7927-4bbf-adf1-191ac3e92d21"",""deployment"":""9f2b543f-0b35-41bc-9cb5-d19bf9898c07"",""replica"":""1901484f-77af-4ab4-83ab-a08df9c439b6""}",2026-05-16T17:11:40.282007621Z
2026-05-16T17:11:40.150213Z 0 [ERROR] [MY-012888] [InnoDB] Cannot resize redo log file ./#innodb_redo/#ib_redo322_tmp to 3 MB (Failed to set size),error,"{""level"":""error""}","{""project"":""0ee5f251-6f6f-4df1-88b1-bb752a8a350b"",""environment"":""e0e44f1f-ec58-480e-94e9-09bad9cd99ba"",""service"":""df16bcd7-7927-4bbf-adf1-191ac3e92d21"",""deployment"":""9f2b543f-0b35-41bc-9cb5-d19bf9898c07"",""replica"":""1901484f-77af-4ab4-83ab-a08df9c439b6""}",2026-05-16T17:11:40.282012045Z
2026-05-16T17:11:40.166009Z 0 [Warning] [MY-012638] [InnoDB] Retry attempts for writing partial data failed.,error,"{""level"":""error""}","{""project"":""0ee5f251-6f6f-4df1-88b1-bb752a8a350b"",""environment"":""e0e44f1f-ec58-480e-94e9-09bad9cd99ba"",""service"":""df16bcd7-7927-4bbf-adf1-191ac3e92d21"",""deployment"":""9f2b543f-0b35-41bc-9cb5-d19bf9898c07"",""replica"":""1901484f-77af-4ab4-83ab-a08df9c439b6""}",2026-05-16T17:11:40.282015315Z
2026-05-16T17:11:40.166025Z 0 [ERROR] [MY-012888] [InnoDB] Cannot resize redo log file ./#innodb_redo/#ib_redo322_tmp to 3 MB (Failed to set size),error,"{""level"":""error""}","{""project"":""0ee5f251-6f6f-4df1-88b1-bb752a8a350b"",""environment"":""e0e44f1f-ec58-480e-94e9-09bad9cd99ba"",""service"":""df16bcd7-7927-4bbf-adf1-191ac3e92d21"",""deployment"":""9f2b543f-0b35-41bc-9cb5-d19bf9898c07"",""replica"":""1901484f-77af-4ab4-83ab-a08df9c439b6""}",2026-05-16T17:11:40.282019039Z
"2026-05-16T17:11:40.176796Z 0 [ERROR] [MY-012144] [InnoDB] posix_fallocate(): Failed to preallocate data for file ./railway/kpi_cache.ibd, desired size 16384 bytes. Operating system error number 28. Check that the disk is not full or a disk quota exceeded. Make sure the file system supports this function. Refer to your operating system documentation for operating system error code information.",error,"{""level"":""error""}","{""project"":""0ee5f251-6f6f-4df1-88b1-bb752a8a350b"",""environment"":""e0e44f1f-ec58-480e-94e9-09bad9cd99ba"",""service"":""df16bcd7-7927-4bbf-adf1-191ac3e92d21"",""deployment"":""9f2b543f-0b35-41bc-9cb5-d19bf9898c07"",""replica"":""1901484f-77af-4ab4-83ab-a08df9c439b6""}",2026-05-16T17:11:40.282023073Z
2026-05-16T17:11:40.176826Z 0 [Warning] [MY-012638] [InnoDB] Retry attempts for writing partial data failed.,error,"{""level"":""error""}","{""project"":""0ee5f251-6f6f-4df1-88b1-bb752a8a350b"",""environment"":""e0e44f1f-ec58-480e-94e9-09bad9cd99ba"",""service"":""df16bcd7-7927-4bbf-adf1-191ac3e92d21"",""deployment"":""9f2b543f-0b35-41bc-9cb5-d19bf9898c07"",""replica"":""1901484f-77af-4ab4-83ab-a08df9c439b6""}",2026-05-16T17:11:40.282026538Z
2026-05-16T17:11:40.176831Z 0 [Warning] [MY-012145] [InnoDB] Error while writing 16384 zeroes to ./railway/kpi_cache.ibd starting at offset 163840,error,"{""level"":""error""}","{""project"":""0ee5f251-6f6f-4df1-88b1-bb752a8a350b"",""environment"":""e0e44f1f-ec58-480e-94e9-09bad9cd99ba"",""service"":""df16bcd7-7927-4bbf-adf1-191ac3e92d21"",""deployment"":""9f2b543f-0b35-41bc-9cb5-d19bf9898c07"",""replica"":""1901484f-77af-4ab4-83ab-a08df9c439b6""}",2026-05-16T17:11:40.282029853Z
2026-05-16T17:11:40.181012Z 0 [Warning] [MY-012638] [InnoDB] Retry attempts for writing partial data failed.,error,"{""level"":""error""}","{""project"":""0ee5f251-6f6f-4df1-88b1-bb752a8a350b"",""environment"":""e0e44f1f-ec58-480e-94e9-09bad9cd99ba"",""service"":""df16bcd7-7927-4bbf-adf1-191ac3e92d21"",""deployment"":""9f2b543f-0b35-41bc-9cb5-d19bf9898c07"",""replica"":""1901484f-77af-4ab4-83ab-a08df9c439b6""}",2026-05-16T17:11:40.282033106Z
2026-05-16T17:11:40.181028Z 0 [ERROR] [MY-012888] [InnoDB] Cannot resize redo log file ./#innodb_redo/#ib_redo322_tmp to 3 MB (Failed to set size),error,"{""level"":""error""}","{""project"":""0ee5f251-6f6f-4df1-88b1-bb752a8a350b"",""environment"":""e0e44f1f-ec58-480e-94e9-09bad9cd99ba"",""service"":""df16bcd7-7927-4bbf-adf1-191ac3e92d21"",""deployment"":""9f2b543f-0b35-41bc-9cb5-d19bf9898c07"",""replica"":""1901484f-77af-4ab4-83ab-a08df9c439b6""}",2026-05-16T17:11:40.282036940Z
2026-05-16T17:11:40.197623Z 0 [Warning] [MY-012638] [InnoDB] Retry attempts for writing partial data failed.,error,"{""level"":""error""}","{""project"":""0ee5f251-6f6f-4df1-88b1-bb752a8a350b"",""environment"":""e0e44f1f-ec58-480e-94e9-09bad9cd99ba"",""service"":""df16bcd7-7927-4bbf-adf1-191ac3e92d21"",""deployment"":""9f2b543f-0b35-41bc-9cb5-d19bf9898c07"",""replica"":""1901484f-77af-4ab4-83ab-a08df9c439b6""}",2026-05-16T17:11:40.282039946Z
2026-05-16T17:11:40.197638Z 0 [ERROR] [MY-012888] [InnoDB] Cannot resize redo log file ./#innodb_redo/#ib_redo322_tmp to 3 MB (Failed to set size),error,"{""level"":""error""}","{""project"":""0ee5f251-6f6f-4df1-88b1-bb752a8a350b"",""environment"":""e0e44f1f-ec58-480e-94e9-09bad9cd99ba"",""service"":""df16bcd7-7927-4bbf-adf1-191ac3e92d21"",""deployment"":""9f2b543f-0b35-41bc-9cb5-d19bf9898c07"",""replica"":""1901484f-77af-4ab4-83ab-a08df9c439b6""}",2026-05-16T17:11:40.282043351Z
2026-05-16T17:11:40.213311Z 0 [Warning] [MY-012638] [InnoDB] Retry attempts for writing partial data failed.,error,"{""level"":""error""}","{""project"":""0ee5f251-6f6f-4df1-88b1-bb752a8a350b"",""environment"":""e0e44f1f-ec58-480e-94e9-09bad9cd99ba"",""service"":""df16bcd7-7927-4bbf-adf1-191ac3e92d21"",""deployment"":""9f2b543f-0b35-41bc-9cb5-d19bf9898c07"",""replica"":""1901484f-77af-4ab4-83ab-a08df9c439b6""}",2026-05-16T17:11:40.283205019Z
2026-05-16T17:11:40.213328Z 0 [ERROR] [MY-012888] [InnoDB] Cannot resize redo log file ./#innodb_redo/#ib_redo322_tmp to 3 MB (Failed to set size),error,"{""level"":""error""}","{""project"":""0ee5f251-6f6f-4df1-88b1-bb752a8a350b"",""environment"":""e0e44f1f-ec58-480e-94e9-09bad9cd99ba"",""service"":""df16bcd7-7927-4bbf-adf1-191ac3e92d21"",""deployment"":""9f2b543f-0b35-41bc-9cb5-d19bf9898c07"",""replica"":""1901484f-77af-4ab4-83ab-a08df9c439b6""}",2026-05-16T17:11:40.283208996Z
"2026-05-16T17:11:40.226991Z 0 [ERROR] [MY-012144] [InnoDB] posix_fallocate(): Failed to preallocate data for file ./railway/kpi_cache.ibd, desired size 16384 bytes. Operating system error number 28. Check that the disk is not full or a disk quota exceeded. Make sure the file system supports this function. Refer to your operating system documentation for operating system error code information.",error,"{""level"":""error""}","{""project"":""0ee5f251-6f6f-4df1-88b1-bb752a8a350b"",""environment"":""e0e44f1f-ec58-480e-94e9-09bad9cd99ba"",""service"":""df16bcd7-7927-4bbf-adf1-191ac3e92d21"",""deployment"":""9f2b543f-0b35-41bc-9cb5-d19bf9898c07"",""replica"":""1901484f-77af-4ab4-83ab-a08df9c439b6""}",2026-05-16T17:11:40.283212151Z
2026-05-16T17:11:40.227024Z 0 [Warning] [MY-012638] [InnoDB] Retry attempts for writing partial data failed.,error,"{""level"":""error""}","{""project"":""0ee5f251-6f6f-4df1-88b1-bb752a8a350b"",""environment"":""e0e44f1f-ec58-480e-94e9-09bad9cd99ba"",""service"":""df16bcd7-7927-4bbf-adf1-191ac3e92d21"",""deployment"":""9f2b543f-0b35-41bc-9cb5-d19bf9898c07"",""replica"":""1901484f-77af-4ab4-83ab-a08df9c439b6""}",2026-05-16T17:11:40.283215235Z
2026-05-16T17:11:40.227030Z 0 [Warning] [MY-012145] [InnoDB] Error while writing 16384 zeroes to ./railway/kpi_cache.ibd starting at offset 163840,error,"{""level"":""error""}","{""project"":""0ee5f251-6f6f-4df1-88b1-bb752a8a350b"",""environment"":""e0e44f1f-ec58-480e-94e9-09bad9cd99ba"",""service"":""df16bcd7-7927-4bbf-adf1-191ac3e92d21"",""deployment"":""9f2b543f-0b35-41bc-9cb5-d19bf9898c07"",""replica"":""1901484f-77af-4ab4-83ab-a08df9c439b6""}",2026-05-16T17:11:40.283218207Z
2026-05-16T17:11:40.229715Z 0 [Warning] [MY-012638] [InnoDB] Retry attempts for writing partial data failed.,error,"{""level"":""error""}","{""project"":""0ee5f251-6f6f-4df1-88b1-bb752a8a350b"",""environment"":""e0e44f1f-ec58-480e-94e9-09bad9cd99ba"",""service"":""df16bcd7-7927-4bbf-adf1-191ac3e92d21"",""deployment"":""9f2b543f-0b35-41bc-9cb5-d19bf9898c07"",""replica"":""1901484f-77af-4ab4-83ab-a08df9c439b6""}",2026-05-16T17:11:40.283221567Z
2026-05-16T17:11:40.229731Z 0 [ERROR] [MY-012888] [InnoDB] Cannot resize redo log file ./#innodb_redo/#ib_redo322_tmp to 3 MB (Failed to set size),error,"{""level"":""error""}","{""project"":""0ee5f251-6f6f-4df1-88b1-bb752a8a350b"",""environment"":""e0e44f1f-ec58-480e-94e9-09bad9cd99ba"",""service"":""df16bcd7-7927-4bbf-adf1-191ac3e92d21"",""deployment"":""9f2b543f-0b35-41bc-9cb5-d19bf9898c07"",""replica"":""1901484f-77af-4ab4-83ab-a08df9c439b6""}",2026-05-16T17:11:40.283224946Z
2026-05-16T17:11:40.245040Z 0 [Warning] [MY-012638] [InnoDB] Retry attempts for writing partial data failed.,error,"{""level"":""error""}","{""project"":""0ee5f251-6f6f-4df1-88b1-bb752a8a350b"",""environment"":""e0e44f1f-ec58-480e-94e9-09bad9cd99ba"",""service"":""df16bcd7-7927-4bbf-adf1-191ac3e92d21"",""deployment"":""9f2b543f-0b35-41bc-9cb5-d19bf9898c07"",""replica"":""1901484f-77af-4ab4-83ab-a08df9c439b6""}",2026-05-16T17:11:40.283228298Z
2026-05-16T17:11:40.245061Z 0 [ERROR] [MY-012888] [InnoDB] Cannot resize redo log file ./#innodb_redo/#ib_redo322_tmp to 3 MB (Failed to set size),error,"{""level"":""error""}","{""project"":""0ee5f251-6f6f-4df1-88b1-bb752a8a350b"",""environment"":""e0e44f1f-ec58-480e-94e9-09bad9cd99ba"",""service"":""df16bcd7-7927-4bbf-adf1-191ac3e92d21"",""deployment"":""9f2b543f-0b35-41bc-9cb5-d19bf9898c07"",""replica"":""1901484f-77af-4ab4-83ab-a08df9c439b6""}",2026-05-16T17:11:40.283231801Z
2026-05-16T17:11:40.261599Z 0 [Warning] [MY-012638] [InnoDB] Retry attempts for writing partial data failed.,error,"{""level"":""error""}","{""project"":""0ee5f251-6f6f-4df1-88b1-bb752a8a350b"",""environment"":""e0e44f1f-ec58-480e-94e9-09bad9cd99ba"",""service"":""df16bcd7-7927-4bbf-adf1-191ac3e92d21"",""deployment"":""9f2b543f-0b35-41bc-9cb5-d19bf9898c07"",""replica"":""1901484f-77af-4ab4-83ab-a08df9c439b6""}",2026-05-16T17:11:40.283235249Z
2026-05-16T17:11:40.261616Z 0 [ERROR] [MY-012888] [InnoDB] Cannot resize redo log file ./#innodb_redo/#ib_redo322_tmp to 3 MB (Failed to set size),error,"{""level"":""error""}","{""project"":""0ee5f251-6f6f-4df1-88b1-bb752a8a350b"",""environment"":""e0e44f1f-ec58-480e-94e9-09bad9cd99ba"",""service"":""df16bcd7-7927-4bbf-adf1-191ac3e92d21"",""deployment"":""9f2b543f-0b35-41bc-9cb5-d19bf9898c07"",""replica"":""1901484f-77af-4ab4-83ab-a08df9c439b6""}",2026-05-16T17:11:40.283238289Z
2026-05-16T17:11:40.276538Z 0 [Warning] [MY-012638] [InnoDB] Retry attempts for writing partial data failed.,error,"{""level"":""error""}","{""project"":""0ee5f251-6f6f-4df1-88b1-bb752a8a350b"",""environment"":""e0e44f1f-ec58-480e-94e9-09bad9cd99ba"",""service"":""df16bcd7-7927-4bbf-adf1-191ac3e92d21"",""deployment"":""9f2b543f-0b35-41bc-9cb5-d19bf9898c07"",""replica"":""1901484f-77af-4ab4-83ab-a08df9c439b6""}",2026-05-16T17:11:40.284457058Z
2026-05-16T17:11:40.276554Z 0 [ERROR] [MY-012888] [InnoDB] Cannot resize redo log file ./#innodb_redo/#ib_redo322_tmp to 3 MB (Failed to set size),error,"{""level"":""error""}","{""project"":""0ee5f251-6f6f-4df1-88b1-bb752a8a350b"",""environment"":""e0e44f1f-ec58-480e-94e9-09bad9cd99ba"",""service"":""df16bcd7-7927-4bbf-adf1-191ac3e92d21"",""deployment"":""9f2b543f-0b35-41bc-9cb5-d19bf9898c07"",""replica"":""1901484f-77af-4ab4-83ab-a08df9c439b6""}",2026-05-16T17:11:40.284462396Z
"2026-05-16T17:11:40.278373Z 0 [ERROR] [MY-012144] [InnoDB] posix_fallocate(): Failed to preallocate data for file ./railway/kpi_cache.ibd, desired size 16384 bytes. Operating system error number 28. Check that the disk is not full or a disk quota exceeded. Make sure the file system supports this function. Refer to your operating system documentation for operating system error code information.",error,"{""level"":""error""}","{""project"":""0ee5f251-6f6f-4df1-88b1-bb752a8a350b"",""environment"":""e0e44f1f-ec58-480e-94e9-09bad9cd99ba"",""service"":""df16bcd7-7927-4bbf-adf1-191ac3e92d21"",""deployment"":""9f2b543f-0b35-41bc-9cb5-d19bf9898c07"",""replica"":""1901484f-77af-4ab4-83ab-a08df9c439b6""}",2026-05-16T17:11:40.284466754Z
2026-05-16T17:11:40.278404Z 0 [Warning] [MY-012638] [InnoDB] Retry attempts for writing partial data failed.,error,"{""level"":""error""}","{""project"":""0ee5f251-6f6f-4df1-88b1-bb752a8a350b"",""environment"":""e0e44f1f-ec58-480e-94e9-09bad9cd99ba"",""service"":""df16bcd7-7927-4bbf-adf1-191ac3e92d21"",""deployment"":""9f2b543f-0b35-41bc-9cb5-d19bf9898c07"",""replica"":""1901484f-77af-4ab4-83ab-a08df9c439b6""}",2026-05-16T17:11:40.284471126Z
2026-05-16T17:11:40.278409Z 0 [Warning] [MY-012145] [InnoDB] Error while writing 16384 zeroes to ./railway/kpi_cache.ibd starting at offset 163840,error,"{""level"":""error""}","{""project"":""0ee5f251-6f6f-4df1-88b1-bb752a8a350b"",""environment"":""e0e44f1f-ec58-480e-94e9-09bad9cd99ba"",""service"":""df16bcd7-7927-4bbf-adf1-191ac3e92d21"",""deployment"":""9f2b543f-0b35-41bc-9cb5-d19bf9898c07"",""replica"":""1901484f-77af-4ab4-83ab-a08df9c439b6""}",2026-05-16T17:11:40.284475674Z
2026-05-16T17:11:40.293081Z 0 [Warning] [MY-012638] [InnoDB] Retry attempts for writing partial data failed.,error,"{""level"":""error""}","{""project"":""0ee5f251-6f6f-4df1-88b1-bb752a8a350b"",""environment"":""e0e44f1f-ec58-480e-94e9-09bad9cd99ba"",""service"":""df16bcd7-7927-4bbf-adf1-191ac3e92d21"",""deployment"":""9f2b543f-0b35-41bc-9cb5-d19bf9898c07"",""replica"":""1901484f-77af-4ab4-83ab-a08df9c439b6""}",2026-05-16T17:11:40.294767377Z
2026-05-16T17:11:40.293097Z 0 [ERROR] [MY-012888] [InnoDB] Cannot resize redo log file ./#innodb_redo/#ib_redo322_tmp to 3 MB (Failed to set size),error,"{""level"":""error""}","{""project"":""0ee5f251-6f6f-4df1-88b1-bb752a8a350b"",""environment"":""e0e44f1f-ec58-480e-94e9-09bad9cd99ba"",""service"":""df16bcd7-7927-4bbf-adf1-191ac3e92d21"",""deployment"":""9f2b543f-0b35-41bc-9cb5-d19bf9898c07"",""replica"":""1901484f-77af-4ab4-83ab-a08df9c439b6""}",2026-05-16T17:11:40.294773466Z
2026-05-16T17:11:40.307815Z 0 [Warning] [MY-012638] [InnoDB] Retry attempts for writing partial data failed.,error,"{""level"":""error""}","{""project"":""0ee5f251-6f6f-4df1-88b1-bb752a8a350b"",""environment"":""e0e44f1f-ec58-480e-94e9-09bad9cd99ba"",""service"":""df16bcd7-7927-4bbf-adf1-191ac3e92d21"",""deployment"":""9f2b543f-0b35-41bc-9cb5-d19bf9898c07"",""replica"":""1901484f-77af-4ab4-83ab-a08df9c439b6""}",2026-05-16T17:11:40.308811919Z
2026-05-16T17:11:40.307832Z 0 [ERROR] [MY-012888] [InnoDB] Cannot resize redo log file ./#innodb_redo/#ib_redo322_tmp to 3 MB (Failed to set size),error,"{""level"":""error""}","{""project"":""0ee5f251-6f6f-4df1-88b1-bb752a8a350b"",""environment"":""e0e44f1f-ec58-480e-94e9-09bad9cd99ba"",""service"":""df16bcd7-7927-4bbf-adf1-191ac3e92d21"",""deployment"":""9f2b543f-0b35-41bc-9cb5-d19bf9898c07"",""replica"":""1901484f-77af-4ab4-83ab-a08df9c439b6""}",2026-05-16T17:11:40.308818406Z
2026-05-16T17:11:40.323484Z 0 [Warning] [MY-012638] [InnoDB] Retry attempts for writing partial data failed.,error,"{""level"":""error""}","{""project"":""0ee5f251-6f6f-4df1-88b1-bb752a8a350b"",""environment"":""e0e44f1f-ec58-480e-94e9-09bad9cd99ba"",""service"":""df16bcd7-7927-4bbf-adf1-191ac3e92d21"",""deployment"":""9f2b543f-0b35-41bc-9cb5-d19bf9898c07"",""replica"":""1901484f-77af-4ab4-83ab-a08df9c439b6""}",2026-05-16T17:11:40.326782120Z
2026-05-16T17:11:40.323508Z 0 [ERROR] [MY-012888] [InnoDB] Cannot resize redo log file ./#innodb_redo/#ib_redo322_tmp to 3 MB (Failed to set size),error,"{""level"":""error""}","{""project"":""0ee5f251-6f6f-4df1-88b1-bb752a8a350b"",""environment"":""e0e44f1f-ec58-480e-94e9-09bad9cd99ba"",""service"":""df16bcd7-7927-4bbf-adf1-191ac3e92d21"",""deployment"":""9f2b543f-0b35-41bc-9cb5-d19bf9898c07"",""replica"":""1901484f-77af-4ab4-83ab-a08df9c439b6""}",2026-05-16T17:11:40.326785286Z
"2026-05-16T17:11:40.329023Z 0 [ERROR] [MY-012144] [InnoDB] posix_fallocate(): Failed to preallocate data for file ./railway/kpi_cache.ibd, desired size 16384 bytes. Operating system error number 28. Check that the disk is not full or a disk quota exceeded. Make sure the file system supports this function. Refer to your operating system documentation for operating system error code information.",error,"{""level"":""error""}","{""project"":""0ee5f251-6f6f-4df1-88b1-bb752a8a350b"",""environment"":""e0e44f1f-ec58-480e-94e9-09bad9cd99ba"",""service"":""df16bcd7-7927-4bbf-adf1-191ac3e92d21"",""deployment"":""9f2b543f-0b35-41bc-9cb5-d19bf9898c07"",""replica"":""1901484f-77af-4ab4-83ab-a08df9c439b6""}",2026-05-16T17:11:40.333033638Z
2026-05-16T17:11:40.329054Z 0 [Warning] [MY-012638] [InnoDB] Retry attempts for writing partial data failed.,error,"{""level"":""error""}","{""project"":""0ee5f251-6f6f-4df1-88b1-bb752a8a350b"",""environment"":""e0e44f1f-ec58-480e-94e9-09bad9cd99ba"",""service"":""df16bcd7-7927-4bbf-adf1-191ac3e92d21"",""deployment"":""9f2b543f-0b35-41bc-9cb5-d19bf9898c07"",""replica"":""1901484f-77af-4ab4-83ab-a08df9c439b6""}",2026-05-16T17:11:40.333038493Z
2026-05-16T17:11:40.329059Z 0 [Warning] [MY-012145] [InnoDB] Error while writing 16384 zeroes to ./railway/kpi_cache.ibd starting at offset 163840,error,"{""level"":""error""}","{""project"":""0ee5f251-6f6f-4df1-88b1-bb752a8a350b"",""environment"":""e0e44f1f-ec58-480e-94e9-09bad9cd99ba"",""service"":""df16bcd7-7927-4bbf-adf1-191ac3e92d21"",""deployment"":""9f2b543f-0b35-41bc-9cb5-d19bf9898c07"",""replica"":""1901484f-77af-4ab4-83ab-a08df9c439b6""}",2026-05-16T17:11:40.333041315Z
2026-05-16T17:11:40.338542Z 0 [Warning] [MY-012638] [InnoDB] Retry attempts for writing partial data failed.,error,"{""level"":""error""}","{""project"":""0ee5f251-6f6f-4df1-88b1-bb752a8a350b"",""environment"":""e0e44f1f-ec58-480e-94e9-09bad9cd99ba"",""service"":""df16bcd7-7927-4bbf-adf1-191ac3e92d21"",""deployment"":""9f2b543f-0b35-41bc-9cb5-d19bf9898c07"",""replica"":""1901484f-77af-4ab4-83ab-a08df9c439b6""}",2026-05-16T17:11:40.339063847Z
2026-05-16T17:11:40.338558Z 0 [ERROR] [MY-012888] [InnoDB] Cannot resize redo log file ./#innodb_redo/#ib_redo322_tmp to 3 MB (Failed to set size),error,"{""level"":""error""}","{""project"":""0ee5f251-6f6f-4df1-88b1-bb752a8a350b"",""environment"":""e0e44f1f-ec58-480e-94e9-09bad9cd99ba"",""service"":""df16bcd7-7927-4bbf-adf1-191ac3e92d21"",""deployment"":""9f2b543f-0b35-41bc-9cb5-d19bf9898c07"",""replica"":""1901484f-77af-4ab4-83ab-a08df9c439b6""}",2026-05-16T17:11:40.339070251Z
2026-05-16T17:11:40.355018Z 0 [Warning] [MY-012638] [InnoDB] Retry attempts for writing partial data failed.,error,"{""level"":""error""}","{""project"":""0ee5f251-6f6f-4df1-88b1-bb752a8a350b"",""environment"":""e0e44f1f-ec58-480e-94e9-09bad9cd99ba"",""service"":""df16bcd7-7927-4bbf-adf1-191ac3e92d21"",""deployment"":""9f2b543f-0b35-41bc-9cb5-d19bf9898c07"",""replica"":""1901484f-77af-4ab4-83ab-a08df9c439b6""}",2026-05-16T17:11:40.362745899Z
2026-05-16T17:11:40.355034Z 0 [ERROR] [MY-012888] [InnoDB] Cannot resize redo log file ./#innodb_redo/#ib_redo322_tmp to 3 MB (Failed to set size),error,"{""level"":""error""}","{""project"":""0ee5f251-6f6f-4df1-88b1-bb752a8a350b"",""environment"":""e0e44f1f-ec58-480e-94e9-09bad9cd99ba"",""service"":""df16bcd7-7927-4bbf-adf1-191ac3e92d21"",""deployment"":""9f2b543f-0b35-41bc-9cb5-d19bf9898c07"",""replica"":""1901484f-77af-4ab4-83ab-a08df9c439b6""}",2026-05-16T17:11:40.362752792Z
2026-05-16T17:11:40.369807Z 0 [Warning] [MY-012638] [InnoDB] Retry attempts for writing partial data failed.,error,"{""level"":""error""}","{""project"":""0ee5f251-6f6f-4df1-88b1-bb752a8a350b"",""environment"":""e0e44f1f-ec58-480e-94e9-09bad9cd99ba"",""service"":""df16bcd7-7927-4bbf-adf1-191ac3e92d21"",""deployment"":""9f2b543f-0b35-41bc-9cb5-d19bf9898c07"",""replica"":""1901484f-77af-4ab4-83ab-a08df9c439b6""}",2026-05-16T17:11:40.375833854Z
2026-05-16T17:11:40.369823Z 0 [ERROR] [MY-012888] [InnoDB] Cannot resize redo log file ./#innodb_redo/#ib_redo322_tmp to 3 MB (Failed to set size),error,"{""level"":""error""}","{""project"":""0ee5f251-6f6f-4df1-88b1-bb752a8a350b"",""environment"":""e0e44f1f-ec58-480e-94e9-09bad9cd99ba"",""service"":""df16bcd7-7927-4bbf-adf1-191ac3e92d21"",""deployment"":""9f2b543f-0b35-41bc-9cb5-d19bf9898c07"",""replica"":""1901484f-77af-4ab4-83ab-a08df9c439b6""}",2026-05-16T17:11:40.375839951Z
"2026-05-16T17:11:40.379214Z 0 [ERROR] [MY-012144] [InnoDB] posix_fallocate(): Failed to preallocate data for file ./railway/kpi_cache.ibd, desired size 16384 bytes. Operating system error number 28. Check that the disk is not full or a disk quota exceeded. Make sure the file system supports this function. Refer to your operating system documentation for operating system error code information.",error,"{""level"":""error""}","{""project"":""0ee5f251-6f6f-4df1-88b1-bb752a8a350b"",""environment"":""e0e44f1f-ec58-480e-94e9-09bad9cd99ba"",""service"":""df16bcd7-7927-4bbf-adf1-191ac3e92d21"",""deployment"":""9f2b543f-0b35-41bc-9cb5-d19bf9898c07"",""replica"":""1901484f-77af-4ab4-83ab-a08df9c439b6""}",2026-05-16T17:11:40.381311162Z
2026-05-16T17:11:40.379246Z 0 [Warning] [MY-012638] [InnoDB] Retry attempts for writing partial data failed.,error,"{""level"":""error""}","{""project"":""0ee5f251-6f6f-4df1-88b1-bb752a8a350b"",""environment"":""e0e44f1f-ec58-480e-94e9-09bad9cd99ba"",""service"":""df16bcd7-7927-4bbf-adf1-191ac3e92d21"",""deployment"":""9f2b543f-0b35-41bc-9cb5-d19bf9898c07"",""replica"":""1901484f-77af-4ab4-83ab-a08df9c439b6""}",2026-05-16T17:11:40.381316799Z
2026-05-16T17:11:40.379251Z 0 [Warning] [MY-012145] [InnoDB] Error while writing 16384 zeroes to ./railway/kpi_cache.ibd starting at offset 163840,error,"{""level"":""error""}","{""project"":""0ee5f251-6f6f-4df1-88b1-bb752a8a350b"",""environment"":""e0e44f1f-ec58-480e-94e9-09bad9cd99ba"",""service"":""df16bcd7-7927-4bbf-adf1-191ac3e92d21"",""deployment"":""9f2b543f-0b35-41bc-9cb5-d19bf9898c07"",""replica"":""1901484f-77af-4ab4-83ab-a08df9c439b6""}",2026-05-16T17:11:40.381320597Z
2026-05-16T17:11:40.385642Z 0 [Warning] [MY-012638] [InnoDB] Retry attempts for writing partial data failed.,error,"{""level"":""error""}","{""project"":""0ee5f251-6f6f-4df1-88b1-bb752a8a350b"",""environment"":""e0e44f1f-ec58-480e-94e9-09bad9cd99ba"",""service"":""df16bcd7-7927-4bbf-adf1-191ac3e92d21"",""deployment"":""9f2b543f-0b35-41bc-9cb5-d19bf9898c07"",""replica"":""1901484f-77af-4ab4-83ab-a08df9c439b6""}",2026-05-16T17:11:40.387060124Z
2026-05-16T17:11:40.385657Z 0 [ERROR] [MY-012888] [InnoDB] Cannot resize redo log file ./#innodb_redo/#ib_redo322_tmp to 3 MB (Failed to set size),error,"{""level"":""error""}","{""project"":""0ee5f251-6f6f-4df1-88b1-bb752a8a350b"",""environment"":""e0e44f1f-ec58-480e-94e9-09bad9cd99ba"",""service"":""df16bcd7-7927-4bbf-adf1-191ac3e92d21"",""deployment"":""9f2b543f-0b35-41bc-9cb5-d19bf9898c07"",""replica"":""1901484f-77af-4ab4-83ab-a08df9c439b6""}",2026-05-16T17:11:40.387064698Z
2026-05-16T17:11:40.401380Z 0 [Warning] [MY-012638] [InnoDB] Retry attempts for writing partial data failed.,error,"{""level"":""error""}","{""project"":""0ee5f251-6f6f-4df1-88b1-bb752a8a350b"",""environment"":""e0e44f1f-ec58-480e-94e9-09bad9cd99ba"",""service"":""df16bcd7-7927-4bbf-adf1-191ac3e92d21"",""deployment"":""9f2b543f-0b35-41bc-9cb5-d19bf9898c07"",""replica"":""1901484f-77af-4ab4-83ab-a08df9c439b6""}",2026-05-16T17:11:40.402463396Z
2026-05-16T17:11:40.401396Z 0 [ERROR] [MY-012888] [InnoDB] Cannot resize redo log file ./#innodb_redo/#ib_redo322_tmp to 3 MB (Failed to set size),error,"{""level"":""error""}","{""project"":""0ee5f251-6f6f-4df1-88b1-bb752a8a350b"",""environment"":""e0e44f1f-ec58-480e-94e9-09bad9cd99ba"",""service"":""df16bcd7-7927-4bbf-adf1-191ac3e92d21"",""deployment"":""9f2b543f-0b35-41bc-9cb5-d19bf9898c07"",""replica"":""1901484f-77af-4ab4-83ab-a08df9c439b6""}",2026-05-16T17:11:40.402468828Z
2026-05-16T17:11:40.416521Z 0 [Warning] [MY-012638] [InnoDB] Retry attempts for writing partial data failed.,error,"{""level"":""error""}","{""project"":""0ee5f251-6f6f-4df1-88b1-bb752a8a350b"",""environment"":""e0e44f1f-ec58-480e-94e9-09bad9cd99ba"",""service"":""df16bcd7-7927-4bbf-adf1-191ac3e92d21"",""deployment"":""9f2b543f-0b35-41bc-9cb5-d19bf9898c07"",""replica"":""1901484f-77af-4ab4-83ab-a08df9c439b6""}",2026-05-16T17:11:40.417557010Z
2026-05-16T17:11:40.416540Z 0 [ERROR] [MY-012888] [InnoDB] Cannot resize redo log file ./#innodb_redo/#ib_redo322_tmp to 3 MB (Failed to set size),error,"{""level"":""error""}","{""project"":""0ee5f251-6f6f-4df1-88b1-bb752a8a350b"",""environment"":""e0e44f1f-ec58-480e-94e9-09bad9cd99ba"",""service"":""df16bcd7-7927-4bbf-adf1-191ac3e92d21"",""deployment"":""9f2b543f-0b35-41bc-9cb5-d19bf9898c07"",""replica"":""1901484f-77af-4ab4-83ab-a08df9c439b6""}",2026-05-16T17:11:40.417561348Z
"2026-05-16T17:11:40.429395Z 0 [ERROR] [MY-012144] [InnoDB] posix_fallocate(): Failed to preallocate data for file ./railway/kpi_cache.ibd, desired size 16384 bytes. Operating system error number 28. Check that the disk is not full or a disk quota exceeded. Make sure the file system supports this function. Refer to your operating system documentation for operating system error code information.",error,"{""level"":""error""}","{""project"":""0ee5f251-6f6f-4df1-88b1-bb752a8a350b"",""environment"":""e0e44f1f-ec58-480e-94e9-09bad9cd99ba"",""service"":""df16bcd7-7927-4bbf-adf1-191ac3e92d21"",""deployment"":""9f2b543f-0b35-41bc-9cb5-d19bf9898c07"",""replica"":""1901484f-77af-4ab4-83ab-a08df9c439b6""}",2026-05-16T17:11:40.430406018Z
2026-05-16T17:11:40.429428Z 0 [Warning] [MY-012638] [InnoDB] Retry attempts for writing partial data failed.,error,"{""level"":""error""}","{""project"":""0ee5f251-6f6f-4df1-88b1-bb752a8a350b"",""environment"":""e0e44f1f-ec58-480e-94e9-09bad9cd99ba"",""service"":""df16bcd7-7927-4bbf-adf1-191ac3e92d21"",""deployment"":""9f2b543f-0b35-41bc-9cb5-d19bf9898c07"",""replica"":""1901484f-77af-4ab4-83ab-a08df9c439b6""}",2026-05-16T17:11:40.430411057Z
2026-05-16T17:11:40.429433Z 0 [Warning] [MY-012145] [InnoDB] Error while writing 16384 zeroes to ./railway/kpi_cache.ibd starting at offset 163840,error,"{""level"":""error""}","{""project"":""0ee5f251-6f6f-4df1-88b1-bb752a8a350b"",""environment"":""e0e44f1f-ec58-480e-94e9-09bad9cd99ba"",""service"":""df16bcd7-7927-4bbf-adf1-191ac3e92d21"",""deployment"":""9f2b543f-0b35-41bc-9cb5-d19bf9898c07"",""replica"":""1901484f-77af-4ab4-83ab-a08df9c439b6""}",2026-05-16T17:11:40.430414234Z
2026-05-16T17:11:40.433110Z 0 [Warning] [MY-012638] [InnoDB] Retry attempts for writing partial data failed.,error,"{""level"":""error""}","{""project"":""0ee5f251-6f6f-4df1-88b1-bb752a8a350b"",""environment"":""e0e44f1f-ec58-480e-94e9-09bad9cd99ba"",""service"":""df16bcd7-7927-4bbf-adf1-191ac3e92d21"",""deployment"":""9f2b543f-0b35-41bc-9cb5-d19bf9898c07"",""replica"":""1901484f-77af-4ab4-83ab-a08df9c439b6""}",2026-05-16T17:11:40.435858540Z
2026-05-16T17:11:40.433126Z 0 [ERROR] [MY-012888] [InnoDB] Cannot resize redo log file ./#innodb_redo/#ib_redo322_tmp to 3 MB (Failed to set size),error,"{""level"":""error""}","{""project"":""0ee5f251-6f6f-4df1-88b1-bb752a8a350b"",""environment"":""e0e44f1f-ec58-480e-94e9-09bad9cd99ba"",""service"":""df16bcd7-7927-4bbf-adf1-191ac3e92d21"",""deployment"":""9f2b543f-0b35-41bc-9cb5-d19bf9898c07"",""replica"":""1901484f-77af-4ab4-83ab-a08df9c439b6""}",2026-05-16T17:11:40.435863677Z
2026-05-16T17:11:40.447933Z 0 [Warning] [MY-012638] [InnoDB] Retry attempts for writing partial data failed.,error,"{""level"":""error""}","{""project"":""0ee5f251-6f6f-4df1-88b1-bb752a8a350b"",""environment"":""e0e44f1f-ec58-480e-94e9-09bad9cd99ba"",""service"":""df16bcd7-7927-4bbf-adf1-191ac3e92d21"",""deployment"":""9f2b543f-0b35-41bc-9cb5-d19bf9898c07"",""replica"":""1901484f-77af-4ab4-83ab-a08df9c439b6""}",2026-05-16T17:11:40.459222845Z
2026-05-16T17:11:40.447949Z 0 [ERROR] [MY-012888] [InnoDB] Cannot resize redo log file ./#innodb_redo/#ib_redo322_tmp to 3 MB (Failed to set size),error,"{""level"":""error""}","{""project"":""0ee5f251-6f6f-4df1-88b1-bb752a8a350b"",""environment"":""e0e44f1f-ec58-480e-94e9-09bad9cd99ba"",""service"":""df16bcd7-7927-4bbf-adf1-191ac3e92d21"",""deployment"":""9f2b543f-0b35-41bc-9cb5-d19bf9898c07"",""replica"":""1901484f-77af-4ab4-83ab-a08df9c439b6""}",2026-05-16T17:11:40.459227943Z
2026-05-16T17:11:40.462874Z 0 [Warning] [MY-012638] [InnoDB] Retry attempts for writing partial data failed.,error,"{""level"":""error""}","{""project"":""0ee5f251-6f6f-4df1-88b1-bb752a8a350b"",""environment"":""e0e44f1f-ec58-480e-94e9-09bad9cd99ba"",""service"":""df16bcd7-7927-4bbf-adf1-191ac3e92d21"",""deployment"":""9f2b543f-0b35-41bc-9cb5-d19bf9898c07"",""replica"":""1901484f-77af-4ab4-83ab-a08df9c439b6""}",2026-05-16T17:11:40.463437846Z
2026-05-16T17:11:40.462890Z 0 [ERROR] [MY-012888] [InnoDB] Cannot resize redo log file ./#innodb_redo/#ib_redo322_tmp to 3 MB (Failed to set size),error,"{""level"":""error""}","{""project"":""0ee5f251-6f6f-4df1-88b1-bb752a8a350b"",""environment"":""e0e44f1f-ec58-480e-94e9-09bad9cd99ba"",""service"":""df16bcd7-7927-4bbf-adf1-191ac3e92d21"",""deployment"":""9f2b543f-0b35-41bc-9cb5-d19bf9898c07"",""replica"":""1901484f-77af-4ab4-83ab-a08df9c439b6""}",2026-05-16T17:11:40.463442516Z
2026-05-16T17:11:40.478635Z 0 [Warning] [MY-012638] [InnoDB] Retry attempts for writing partial data failed.,error,"{""level"":""error""}","{""project"":""0ee5f251-6f6f-4df1-88b1-bb752a8a350b"",""environment"":""e0e44f1f-ec58-480e-94e9-09bad9cd99ba"",""service"":""df16bcd7-7927-4bbf-adf1-191ac3e92d21"",""deployment"":""9f2b543f-0b35-41bc-9cb5-d19bf9898c07"",""replica"":""1901484f-77af-4ab4-83ab-a08df9c439b6""}",2026-05-16T17:11:40.481388097Z
2026-05-16T17:11:40.478649Z 0 [ERROR] [MY-012888] [InnoDB] Cannot resize redo log file ./#innodb_redo/#ib_redo322_tmp to 3 MB (Failed to set size),error,"{""level"":""error""}","{""project"":""0ee5f251-6f6f-4df1-88b1-bb752a8a350b"",""environment"":""e0e44f1f-ec58-480e-94e9-09bad9cd99ba"",""service"":""df16bcd7-7927-4bbf-adf1-191ac3e92d21"",""deployment"":""9f2b543f-0b35-41bc-9cb5-d19bf9898c07"",""replica"":""1901484f-77af-4ab4-83ab-a08df9c439b6""}",2026-05-16T17:11:40.481393814Z
"2026-05-16T17:11:40.479598Z 0 [ERROR] [MY-012144] [InnoDB] posix_fallocate(): Failed to preallocate data for file ./railway/kpi_cache.ibd, desired size 16384 bytes. Operating system error number 28. Check that the disk is not full or a disk quota exceeded. Make sure the file system supports this function. Refer to your operating system documentation for operating system error code information.",error,"{""level"":""error""}","{""project"":""0ee5f251-6f6f-4df1-88b1-bb752a8a350b"",""environment"":""e0e44f1f-ec58-480e-94e9-09bad9cd99ba"",""service"":""df16bcd7-7927-4bbf-adf1-191ac3e92d21"",""deployment"":""9f2b543f-0b35-41bc-9cb5-d19bf9898c07"",""replica"":""1901484f-77af-4ab4-83ab-a08df9c439b6""}",2026-05-16T17:11:40.481396881Z
2026-05-16T17:11:40.479626Z 0 [Warning] [MY-012638] [InnoDB] Retry attempts for writing partial data failed.,error,"{""level"":""error""}","{""project"":""0ee5f251-6f6f-4df1-88b1-bb752a8a350b"",""environment"":""e0e44f1f-ec58-480e-94e9-09bad9cd99ba"",""service"":""df16bcd7-7927-4bbf-adf1-191ac3e92d21"",""deployment"":""9f2b543f-0b35-41bc-9cb5-d19bf9898c07"",""replica"":""1901484f-77af-4ab4-83ab-a08df9c439b6""}",2026-05-16T17:11:40.481399682Z
2026-05-16T17:11:40.479631Z 0 [Warning] [MY-012145] [InnoDB] Error while writing 16384 zeroes to ./railway/kpi_cache.ibd starting at offset 163840,error,"{""level"":""error""}","{""project"":""0ee5f251-6f6f-4df1-88b1-bb752a8a350b"",""environment"":""e0e44f1f-ec58-480e-94e9-09bad9cd99ba"",""service"":""df16bcd7-7927-4bbf-adf1-191ac3e92d21"",""deployment"":""9f2b543f-0b35-41bc-9cb5-d19bf9898c07"",""replica"":""1901484f-77af-4ab4-83ab-a08df9c439b6""}",2026-05-16T17:11:40.481403732Z
2026-05-16T17:11:40.493877Z 0 [Warning] [MY-012638] [InnoDB] Retry attempts for writing partial data failed.,error,"{""level"":""error""}","{""project"":""0ee5f251-6f6f-4df1-88b1-bb752a8a350b"",""environment"":""e0e44f1f-ec58-480e-94e9-09bad9cd99ba"",""service"":""df16bcd7-7927-4bbf-adf1-191ac3e92d21"",""deployment"":""9f2b543f-0b35-41bc-9cb5-d19bf9898c07"",""replica"":""1901484f-77af-4ab4-83ab-a08df9c439b6""}",2026-05-16T17:11:40.504747256Z
2026-05-16T17:11:40.493892Z 0 [ERROR] [MY-012888] [InnoDB] Cannot resize redo log file ./#innodb_redo/#ib_redo322_tmp to 3 MB (Failed to set size),error,"{""level"":""error""}","{""project"":""0ee5f251-6f6f-4df1-88b1-bb752a8a350b"",""environment"":""e0e44f1f-ec58-480e-94e9-09bad9cd99ba"",""service"":""df16bcd7-7927-4bbf-adf1-191ac3e92d21"",""deployment"":""9f2b543f-0b35-41bc-9cb5-d19bf9898c07"",""replica"":""1901484f-77af-4ab4-83ab-a08df9c439b6""}",2026-05-16T17:11:40.504751928Z
2026-05-16T17:11:40.509212Z 0 [Warning] [MY-012638] [InnoDB] Retry attempts for writing partial data failed.,error,"{""level"":""error""}","{""project"":""0ee5f251-6f6f-4df1-88b1-bb752a8a350b"",""environment"":""e0e44f1f-ec58-480e-94e9-09bad9cd99ba"",""service"":""df16bcd7-7927-4bbf-adf1-191ac3e92d21"",""deployment"":""9f2b543f-0b35-41bc-9cb5-d19bf9898c07"",""replica"":""1901484f-77af-4ab4-83ab-a08df9c439b6""}",2026-05-16T17:11:40.511074895Z
2026-05-16T17:11:40.509238Z 0 [ERROR] [MY-012888] [InnoDB] Cannot resize redo log file ./#innodb_redo/#ib_redo322_tmp to 3 MB (Failed to set size),error,"{""level"":""error""}","{""project"":""0ee5f251-6f6f-4df1-88b1-bb752a8a350b"",""environment"":""e0e44f1f-ec58-480e-94e9-09bad9cd99ba"",""service"":""df16bcd7-7927-4bbf-adf1-191ac3e92d21"",""deployment"":""9f2b543f-0b35-41bc-9cb5-d19bf9898c07"",""replica"":""1901484f-77af-4ab4-83ab-a08df9c439b6""}",2026-05-16T17:11:40.511079470Z
2026-05-16T17:11:40.525265Z 0 [Warning] [MY-012638] [InnoDB] Retry attempts for writing partial data failed.,error,"{""level"":""error""}","{""project"":""0ee5f251-6f6f-4df1-88b1-bb752a8a350b"",""environment"":""e0e44f1f-ec58-480e-94e9-09bad9cd99ba"",""service"":""df16bcd7-7927-4bbf-adf1-191ac3e92d21"",""deployment"":""9f2b543f-0b35-41bc-9cb5-d19bf9898c07"",""replica"":""1901484f-77af-4ab4-83ab-a08df9c439b6""}",2026-05-16T17:11:40.526326825Z
2026-05-16T17:11:40.525283Z 0 [ERROR] [MY-012888] [InnoDB] Cannot resize redo log file ./#innodb_redo/#ib_redo322_tmp to 3 MB (Failed to set size),error,"{""level"":""error""}","{""project"":""0ee5f251-6f6f-4df1-88b1-bb752a8a350b"",""environment"":""e0e44f1f-ec58-480e-94e9-09bad9cd99ba"",""service"":""df16bcd7-7927-4bbf-adf1-191ac3e92d21"",""deployment"":""9f2b543f-0b35-41bc-9cb5-d19bf9898c07"",""replica"":""1901484f-77af-4ab4-83ab-a08df9c439b6""}",2026-05-16T17:11:40.526329977Z
"2026-05-16T17:11:40.529964Z 0 [ERROR] [MY-012144] [InnoDB] posix_fallocate(): Failed to preallocate data for file ./railway/kpi_cache.ibd, desired size 16384 bytes. Operating system error number 28. Check that the disk is not full or a disk quota exceeded. Make sure the file system supports this function. Refer to your operating system documentation for operating system error code information.",error,"{""level"":""error""}","{""project"":""0ee5f251-6f6f-4df1-88b1-bb752a8a350b"",""environment"":""e0e44f1f-ec58-480e-94e9-09bad9cd99ba"",""service"":""df16bcd7-7927-4bbf-adf1-191ac3e92d21"",""deployment"":""9f2b543f-0b35-41bc-9cb5-d19bf9898c07"",""replica"":""1901484f-77af-4ab4-83ab-a08df9c439b6""}",2026-05-16T17:11:40.530385540Z
2026-05-16T17:11:40.529996Z 0 [Warning] [MY-012638] [InnoDB] Retry attempts for writing partial data failed.,error,"{""level"":""error""}","{""project"":""0ee5f251-6f6f-4df1-88b1-bb752a8a350b"",""environment"":""e0e44f1f-ec58-480e-94e9-09bad9cd99ba"",""service"":""df16bcd7-7927-4bbf-adf1-191ac3e92d21"",""deployment"":""9f2b543f-0b35-41bc-9cb5-d19bf9898c07"",""replica"":""1901484f-77af-4ab4-83ab-a08df9c439b6""}",2026-05-16T17:11:40.530390930Z
2026-05-16T17:11:40.530001Z 0 [Warning] [MY-012145] [InnoDB] Error while writing 16384 zeroes to ./railway/kpi_cache.ibd starting at offset 163840,error,"{""level"":""error""}","{""project"":""0ee5f251-6f6f-4df1-88b1-bb752a8a350b"",""environment"":""e0e44f1f-ec58-480e-94e9-09bad9cd99ba"",""service"":""df16bcd7-7927-4bbf-adf1-191ac3e92d21"",""deployment"":""9f2b543f-0b35-41bc-9cb5-d19bf9898c07"",""replica"":""1901484f-77af-4ab4-83ab-a08df9c439b6""}",2026-05-16T17:11:40.530394724Z
2026-05-16T17:11:40.541161Z 0 [Warning] [MY-012638] [InnoDB] Retry attempts for writing partial data failed.,error,"{""level"":""error""}","{""project"":""0ee5f251-6f6f-4df1-88b1-bb752a8a350b"",""environment"":""e0e44f1f-ec58-480e-94e9-09bad9cd99ba"",""service"":""df16bcd7-7927-4bbf-adf1-191ac3e92d21"",""deployment"":""9f2b543f-0b35-41bc-9cb5-d19bf9898c07"",""replica"":""1901484f-77af-4ab4-83ab-a08df9c439b6""}",2026-05-16T17:11:40.542802235Z
2026-05-16T17:11:40.541176Z 0 [ERROR] [MY-012888] [InnoDB] Cannot resize redo log file ./#innodb_redo/#ib_redo322_tmp to 3 MB (Failed to set size),error,"{""level"":""error""}","{""project"":""0ee5f251-6f6f-4df1-88b1-bb752a8a350b"",""environment"":""e0e44f1f-ec58-480e-94e9-09bad9cd99ba"",""service"":""df16bcd7-7927-4bbf-adf1-191ac3e92d21"",""deployment"":""9f2b543f-0b35-41bc-9cb5-d19bf9898c07"",""replica"":""1901484f-77af-4ab4-83ab-a08df9c439b6""}",2026-05-16T17:11:40.542805158Z
2026-05-16T17:11:40.557271Z 0 [Warning] [MY-012638] [InnoDB] Retry attempts for writing partial data failed.,error,"{""level"":""error""}","{""project"":""0ee5f251-6f6f-4df1-88b1-bb752a8a350b"",""environment"":""e0e44f1f-ec58-480e-94e9-09bad9cd99ba"",""service"":""df16bcd7-7927-4bbf-adf1-191ac3e92d21"",""deployment"":""9f2b543f-0b35-41bc-9cb5-d19bf9898c07"",""replica"":""1901484f-77af-4ab4-83ab-a08df9c439b6""}",2026-05-16T17:11:40.561384764Z
2026-05-16T17:11:40.557289Z 0 [ERROR] [MY-012888] [InnoDB] Cannot resize redo log file ./#innodb_redo/#ib_redo322_tmp to 3 MB (Failed to set size),error,"{""level"":""error""}","{""project"":""0ee5f251-6f6f-4df1-88b1-bb752a8a350b"",""environment"":""e0e44f1f-ec58-480e-94e9-09bad9cd99ba"",""service"":""df16bcd7-7927-4bbf-adf1-191ac3e92d21"",""deployment"":""9f2b543f-0b35-41bc-9cb5-d19bf9898c07"",""replica"":""1901484f-77af-4ab4-83ab-a08df9c439b6""}",2026-05-16T17:11:40.561392457Z
2026-05-16T17:11:40.572381Z 0 [Warning] [MY-012638] [InnoDB] Retry attempts for writing partial data failed.,error,"{""level"":""error""}","{""project"":""0ee5f251-6f6f-4df1-88b1-bb752a8a350b"",""environment"":""e0e44f1f-ec58-480e-94e9-09bad9cd99ba"",""service"":""df16bcd7-7927-4bbf-adf1-191ac3e92d21"",""deployment"":""9f2b543f-0b35-41bc-9cb5-d19bf9898c07"",""replica"":""1901484f-77af-4ab4-83ab-a08df9c439b6""}",2026-05-16T17:11:40.574201556Z
2026-05-16T17:11:40.572398Z 0 [ERROR] [MY-012888] [InnoDB] Cannot resize redo log file ./#innodb_redo/#ib_redo322_tmp to 3 MB (Failed to set size),error,"{""level"":""error""}","{""project"":""0ee5f251-6f6f-4df1-88b1-bb752a8a350b"",""environment"":""e0e44f1f-ec58-480e-94e9-09bad9cd99ba"",""service"":""df16bcd7-7927-4bbf-adf1-191ac3e92d21"",""deployment"":""9f2b543f-0b35-41bc-9cb5-d19bf9898c07"",""replica"":""1901484f-77af-4ab4-83ab-a08df9c439b6""}",2026-05-16T17:11:40.574206490Z
"2026-05-16T17:11:40.580162Z 0 [ERROR] [MY-012144] [InnoDB] posix_fallocate(): Failed to preallocate data for file ./railway/kpi_cache.ibd, desired size 16384 bytes. Operating system error number 28. Check that the disk is not full or a disk quota exceeded. Make sure the file system supports this function. Refer to your operating system documentation for operating system error code information.",error,"{""level"":""error""}","{""project"":""0ee5f251-6f6f-4df1-88b1-bb752a8a350b"",""environment"":""e0e44f1f-ec58-480e-94e9-09bad9cd99ba"",""service"":""df16bcd7-7927-4bbf-adf1-191ac3e92d21"",""deployment"":""9f2b543f-0b35-41bc-9cb5-d19bf9898c07"",""replica"":""1901484f-77af-4ab4-83ab-a08df9c439b6""}",2026-05-16T17:11:40.586409548Z
2026-05-16T17:11:40.580195Z 0 [Warning] [MY-012638] [InnoDB] Retry attempts for writing partial data failed.,error,"{""level"":""error""}","{""project"":""0ee5f251-6f6f-4df1-88b1-bb752a8a350b"",""environment"":""e0e44f1f-ec58-480e-94e9-09bad9cd99ba"",""service"":""df16bcd7-7927-4bbf-adf1-191ac3e92d21"",""deployment"":""9f2b543f-0b35-41bc-9cb5-d19bf9898c07"",""replica"":""1901484f-77af-4ab4-83ab-a08df9c439b6""}",2026-05-16T17:11:40.586417068Z
2026-05-16T17:11:40.580200Z 0 [Warning] [MY-012145] [InnoDB] Error while writing 16384 zeroes to ./railway/kpi_cache.ibd starting at offset 163840,error,"{""level"":""error""}","{""project"":""0ee5f251-6f6f-4df1-88b1-bb752a8a350b"",""environment"":""e0e44f1f-ec58-480e-94e9-09bad9cd99ba"",""service"":""df16bcd7-7927-4bbf-adf1-191ac3e92d21"",""deployment"":""9f2b543f-0b35-41bc-9cb5-d19bf9898c07"",""replica"":""1901484f-77af-4ab4-83ab-a08df9c439b6""}",2026-05-16T17:11:40.586421116Z
2026-05-16T17:11:40.588075Z 0 [Warning] [MY-012638] [InnoDB] Retry attempts for writing partial data failed.,error,"{""level"":""error""}","{""project"":""0ee5f251-6f6f-4df1-88b1-bb752a8a350b"",""environment"":""e0e44f1f-ec58-480e-94e9-09bad9cd99ba"",""service"":""df16bcd7-7927-4bbf-adf1-191ac3e92d21"",""deployment"":""9f2b543f-0b35-41bc-9cb5-d19bf9898c07"",""replica"":""1901484f-77af-4ab4-83ab-a08df9c439b6""}",2026-05-16T17:11:40.592077029Z
2026-05-16T17:11:40.588090Z 0 [ERROR] [MY-012888] [InnoDB] Cannot resize redo log file ./#innodb_redo/#ib_redo322_tmp to 3 MB (Failed to set size),error,"{""level"":""error""}","{""project"":""0ee5f251-6f6f-4df1-88b1-bb752a8a350b"",""environment"":""e0e44f1f-ec58-480e-94e9-09bad9cd99ba"",""service"":""df16bcd7-7927-4bbf-adf1-191ac3e92d21"",""deployment"":""9f2b543f-0b35-41bc-9cb5-d19bf9898c07"",""replica"":""1901484f-77af-4ab4-83ab-a08df9c439b6""}",2026-05-16T17:11:40.592081564Z
2026-05-16T17:11:40.603032Z 0 [Warning] [MY-012638] [InnoDB] Retry attempts for writing partial data failed.,error,"{""level"":""error""}","{""project"":""0ee5f251-6f6f-4df1-88b1-bb752a8a350b"",""environment"":""e0e44f1f-ec58-480e-94e9-09bad9cd99ba"",""service"":""df16bcd7-7927-4bbf-adf1-191ac3e92d21"",""deployment"":""9f2b543f-0b35-41bc-9cb5-d19bf9898c07"",""replica"":""1901484f-77af-4ab4-83ab-a08df9c439b6""}",2026-05-16T17:11:40.604888695Z
2026-05-16T17:11:40.603050Z 0 [ERROR] [MY-012888] [InnoDB] Cannot resize redo log file ./#innodb_redo/#ib_redo322_tmp to 3 MB (Failed to set size),error,"{""level"":""error""}","{""project"":""0ee5f251-6f6f-4df1-88b1-bb752a8a350b"",""environment"":""e0e44f1f-ec58-480e-94e9-09bad9cd99ba"",""service"":""df16bcd7-7927-4bbf-adf1-191ac3e92d21"",""deployment"":""9f2b543f-0b35-41bc-9cb5-d19bf9898c07"",""replica"":""1901484f-77af-4ab4-83ab-a08df9c439b6""}",2026-05-16T17:11:40.604893528Z
2026-05-16T17:11:40.617952Z 0 [Warning] [MY-012638] [InnoDB] Retry attempts for writing partial data failed.,error,"{""level"":""error""}","{""project"":""0ee5f251-6f6f-4df1-88b1-bb752a8a350b"",""environment"":""e0e44f1f-ec58-480e-94e9-09bad9cd99ba"",""service"":""df16bcd7-7927-4bbf-adf1-191ac3e92d21"",""deployment"":""9f2b543f-0b35-41bc-9cb5-d19bf9898c07"",""replica"":""1901484f-77af-4ab4-83ab-a08df9c439b6""}",2026-05-16T17:11:40.619588476Z
2026-05-16T17:11:40.617970Z 0 [ERROR] [MY-012888] [InnoDB] Cannot resize redo log file ./#innodb_redo/#ib_redo322_tmp to 3 MB (Failed to set size),error,"{""level"":""error""}","{""project"":""0ee5f251-6f6f-4df1-88b1-bb752a8a350b"",""environment"":""e0e44f1f-ec58-480e-94e9-09bad9cd99ba"",""service"":""df16bcd7-7927-4bbf-adf1-191ac3e92d21"",""deployment"":""9f2b543f-0b35-41bc-9cb5-d19bf9898c07"",""replica"":""1901484f-77af-4ab4-83ab-a08df9c439b6""}",2026-05-16T17:11:40.619592435Z
"2026-05-16T17:11:40.630357Z 0 [ERROR] [MY-012144] [InnoDB] posix_fallocate(): Failed to preallocate data for file ./railway/kpi_cache.ibd, desired size 16384 bytes. Operating system error number 28. Check that the disk is not full or a disk quota exceeded. Make sure the file system supports this function. Refer to your operating system documentation for operating system error code information.",error,"{""level"":""error""}","{""project"":""0ee5f251-6f6f-4df1-88b1-bb752a8a350b"",""environment"":""e0e44f1f-ec58-480e-94e9-09bad9cd99ba"",""service"":""df16bcd7-7927-4bbf-adf1-191ac3e92d21"",""deployment"":""9f2b543f-0b35-41bc-9cb5-d19bf9898c07"",""replica"":""1901484f-77af-4ab4-83ab-a08df9c439b6""}",2026-05-16T17:11:40.636075702Z
2026-05-16T17:11:40.630390Z 0 [Warning] [MY-012638] [InnoDB] Retry attempts for writing partial data failed.,error,"{""level"":""error""}","{""project"":""0ee5f251-6f6f-4df1-88b1-bb752a8a350b"",""environment"":""e0e44f1f-ec58-480e-94e9-09bad9cd99ba"",""service"":""df16bcd7-7927-4bbf-adf1-191ac3e92d21"",""deployment"":""9f2b543f-0b35-41bc-9cb5-d19bf9898c07"",""replica"":""1901484f-77af-4ab4-83ab-a08df9c439b6""}",2026-05-16T17:11:40.636080201Z
2026-05-16T17:11:40.630395Z 0 [Warning] [MY-012145] [InnoDB] Error while writing 16384 zeroes to ./railway/kpi_cache.ibd starting at offset 163840,error,"{""level"":""error""}","{""project"":""0ee5f251-6f6f-4df1-88b1-bb752a8a350b"",""environment"":""e0e44f1f-ec58-480e-94e9-09bad9cd99ba"",""service"":""df16bcd7-7927-4bbf-adf1-191ac3e92d21"",""deployment"":""9f2b543f-0b35-41bc-9cb5-d19bf9898c07"",""replica"":""1901484f-77af-4ab4-83ab-a08df9c439b6""}",2026-05-16T17:11:40.636083401Z
2026-05-16T17:11:40.633801Z 0 [Warning] [MY-012638] [InnoDB] Retry attempts for writing partial data failed.,error,"{""level"":""error""}","{""project"":""0ee5f251-6f6f-4df1-88b1-bb752a8a350b"",""environment"":""e0e44f1f-ec58-480e-94e9-09bad9cd99ba"",""service"":""df16bcd7-7927-4bbf-adf1-191ac3e92d21"",""deployment"":""9f2b543f-0b35-41bc-9cb5-d19bf9898c07"",""replica"":""1901484f-77af-4ab4-83ab-a08df9c439b6""}",2026-05-16T17:11:40.636086241Z
2026-05-16T17:11:40.633817Z 0 [ERROR] [MY-012888] [InnoDB] Cannot resize redo log file ./#innodb_redo/#ib_redo322_tmp to 3 MB (Failed to set size),error,"{""level"":""error""}","{""project"":""0ee5f251-6f6f-4df1-88b1-bb752a8a350b"",""environment"":""e0e44f1f-ec58-480e-94e9-09bad9cd99ba"",""service"":""df16bcd7-7927-4bbf-adf1-191ac3e92d21"",""deployment"":""9f2b543f-0b35-41bc-9cb5-d19bf9898c07"",""replica"":""1901484f-77af-4ab4-83ab-a08df9c439b6""}",2026-05-16T17:11:40.636088939Z
2026-05-16T17:11:40.650393Z 0 [Warning] [MY-012638] [InnoDB] Retry attempts for writing partial data failed.,error,"{""level"":""error""}","{""project"":""0ee5f251-6f6f-4df1-88b1-bb752a8a350b"",""environment"":""e0e44f1f-ec58-480e-94e9-09bad9cd99ba"",""service"":""df16bcd7-7927-4bbf-adf1-191ac3e92d21"",""deployment"":""9f2b543f-0b35-41bc-9cb5-d19bf9898c07"",""replica"":""1901484f-77af-4ab4-83ab-a08df9c439b6""}",2026-05-16T17:11:40.659946012Z
2026-05-16T17:11:40.650409Z 0 [ERROR] [MY-012888] [InnoDB] Cannot resize redo log file ./#innodb_redo/#ib_redo322_tmp to 3 MB (Failed to set size),error,"{""level"":""error""}","{""project"":""0ee5f251-6f6f-4df1-88b1-bb752a8a350b"",""environment"":""e0e44f1f-ec58-480e-94e9-09bad9cd99ba"",""service"":""df16bcd7-7927-4bbf-adf1-191ac3e92d21"",""deployment"":""9f2b543f-0b35-41bc-9cb5-d19bf9898c07"",""replica"":""1901484f-77af-4ab4-83ab-a08df9c439b6""}",2026-05-16T17:11:40.659952076Z
2026-05-16T17:11:40.666137Z 0 [Warning] [MY-012638] [InnoDB] Retry attempts for writing partial data failed.,error,"{""level"":""error""}","{""project"":""0ee5f251-6f6f-4df1-88b1-bb752a8a350b"",""environment"":""e0e44f1f-ec58-480e-94e9-09bad9cd99ba"",""service"":""df16bcd7-7927-4bbf-adf1-191ac3e92d21"",""deployment"":""9f2b543f-0b35-41bc-9cb5-d19bf9898c07"",""replica"":""1901484f-77af-4ab4-83ab-a08df9c439b6""}",2026-05-16T17:11:40.668478868Z
2026-05-16T17:11:40.666154Z 0 [ERROR] [MY-012888] [InnoDB] Cannot resize redo log file ./#innodb_redo/#ib_redo322_tmp to 3 MB (Failed to set size),error,"{""level"":""error""}","{""project"":""0ee5f251-6f6f-4df1-88b1-bb752a8a350b"",""environment"":""e0e44f1f-ec58-480e-94e9-09bad9cd99ba"",""service"":""df16bcd7-7927-4bbf-adf1-191ac3e92d21"",""deployment"":""9f2b543f-0b35-41bc-9cb5-d19bf9898c07"",""replica"":""1901484f-77af-4ab4-83ab-a08df9c439b6""}",2026-05-16T17:11:40.668484463Z
"2026-05-16T17:11:40.680551Z 0 [ERROR] [MY-012144] [InnoDB] posix_fallocate(): Failed to preallocate data for file ./railway/kpi_cache.ibd, desired size 16384 bytes. Operating system error number 28. Check that the disk is not full or a disk quota exceeded. Make sure the file system supports this function. Refer to your operating system documentation for operating system error code information.",error,"{""level"":""error""}","{""project"":""0ee5f251-6f6f-4df1-88b1-bb752a8a350b"",""environment"":""e0e44f1f-ec58-480e-94e9-09bad9cd99ba"",""service"":""df16bcd7-7927-4bbf-adf1-191ac3e92d21"",""deployment"":""9f2b543f-0b35-41bc-9cb5-d19bf9898c07"",""replica"":""1901484f-77af-4ab4-83ab-a08df9c439b6""}",2026-05-16T17:11:40.681519744Z
2026-05-16T17:11:40.680579Z 0 [Warning] [MY-012638] [InnoDB] Retry attempts for writing partial data failed.,error,"{""level"":""error""}","{""project"":""0ee5f251-6f6f-4df1-88b1-bb752a8a350b"",""environment"":""e0e44f1f-ec58-480e-94e9-09bad9cd99ba"",""service"":""df16bcd7-7927-4bbf-adf1-191ac3e92d21"",""deployment"":""9f2b543f-0b35-41bc-9cb5-d19bf9898c07"",""replica"":""1901484f-77af-4ab4-83ab-a08df9c439b6""}",2026-05-16T17:11:40.681527587Z
2026-05-16T17:11:40.680584Z 0 [Warning] [MY-012145] [InnoDB] Error while writing 16384 zeroes to ./railway/kpi_cache.ibd starting at offset 163840,error,"{""level"":""error""}","{""project"":""0ee5f251-6f6f-4df1-88b1-bb752a8a350b"",""environment"":""e0e44f1f-ec58-480e-94e9-09bad9cd99ba"",""service"":""df16bcd7-7927-4bbf-adf1-191ac3e92d21"",""deployment"":""9f2b543f-0b35-41bc-9cb5-d19bf9898c07"",""replica"":""1901484f-77af-4ab4-83ab-a08df9c439b6""}",2026-05-16T17:11:40.681533115Z
2026-05-16T17:11:40.682074Z 0 [Warning] [MY-012638] [InnoDB] Retry attempts for writing partial data failed.,error,"{""level"":""error""}","{""project"":""0ee5f251-6f6f-4df1-88b1-bb752a8a350b"",""environment"":""e0e44f1f-ec58-480e-94e9-09bad9cd99ba"",""service"":""df16bcd7-7927-4bbf-adf1-191ac3e92d21"",""deployment"":""9f2b543f-0b35-41bc-9cb5-d19bf9898c07"",""replica"":""1901484f-77af-4ab4-83ab-a08df9c439b6""}",2026-05-16T17:11:40.683057880Z
2026-05-16T17:11:40.682093Z 0 [ERROR] [MY-012888] [InnoDB] Cannot resize redo log file ./#innodb_redo/#ib_redo322_tmp to 3 MB (Failed to set size),error,"{""level"":""error""}","{""project"":""0ee5f251-6f6f-4df1-88b1-bb752a8a350b"",""environment"":""e0e44f1f-ec58-480e-94e9-09bad9cd99ba"",""service"":""df16bcd7-7927-4bbf-adf1-191ac3e92d21"",""deployment"":""9f2b543f-0b35-41bc-9cb5-d19bf9898c07"",""replica"":""1901484f-77af-4ab4-83ab-a08df9c439b6""}",2026-05-16T17:11:40.683063017Z
2026-05-16T17:11:40.697817Z 0 [Warning] [MY-012638] [InnoDB] Retry attempts for writing partial data failed.,error,"{""level"":""error""}","{""project"":""0ee5f251-6f6f-4df1-88b1-bb752a8a350b"",""environment"":""e0e44f1f-ec58-480e-94e9-09bad9cd99ba"",""service"":""df16bcd7-7927-4bbf-adf1-191ac3e92d21"",""deployment"":""9f2b543f-0b35-41bc-9cb5-d19bf9898c07"",""replica"":""1901484f-77af-4ab4-83ab-a08df9c439b6""}",2026-05-16T17:11:40.707183150Z
2026-05-16T17:11:40.697832Z 0 [ERROR] [MY-012888] [InnoDB] Cannot resize redo log file ./#innodb_redo/#ib_redo322_tmp to 3 MB (Failed to set size),error,"{""level"":""error""}","{""project"":""0ee5f251-6f6f-4df1-88b1-bb752a8a350b"",""environment"":""e0e44f1f-ec58-480e-94e9-09bad9cd99ba"",""service"":""df16bcd7-7927-4bbf-adf1-191ac3e92d21"",""deployment"":""9f2b543f-0b35-41bc-9cb5-d19bf9898c07"",""replica"":""1901484f-77af-4ab4-83ab-a08df9c439b6""}",2026-05-16T17:11:40.707186503Z
2026-05-16T17:11:40.714511Z 0 [Warning] [MY-012638] [InnoDB] Retry attempts for writing partial data failed.,error,"{""level"":""error""}","{""project"":""0ee5f251-6f6f-4df1-88b1-bb752a8a350b"",""environment"":""e0e44f1f-ec58-480e-94e9-09bad9cd99ba"",""service"":""df16bcd7-7927-4bbf-adf1-191ac3e92d21"",""deployment"":""9f2b543f-0b35-41bc-9cb5-d19bf9898c07"",""replica"":""1901484f-77af-4ab4-83ab-a08df9c439b6""}",2026-05-16T17:11:40.719958965Z
2026-05-16T17:11:40.714529Z 0 [ERROR] [MY-012888] [InnoDB] Cannot resize redo log file ./#innodb_redo/#ib_redo322_tmp to 3 MB (Failed to set size),error,"{""level"":""error""}","{""project"":""0ee5f251-6f6f-4df1-88b1-bb752a8a350b"",""environment"":""e0e44f1f-ec58-480e-94e9-09bad9cd99ba"",""service"":""df16bcd7-7927-4bbf-adf1-191ac3e92d21"",""deployment"":""9f2b543f-0b35-41bc-9cb5-d19bf9898c07"",""replica"":""1901484f-77af-4ab4-83ab-a08df9c439b6""}",2026-05-16T17:11:40.719964773Z
2026-05-16T17:11:40.731211Z 0 [Warning] [MY-012638] [InnoDB] Retry attempts for writing partial data failed.,error,"{""level"":""error""}","{""project"":""0ee5f251-6f6f-4df1-88b1-bb752a8a350b"",""environment"":""e0e44f1f-ec58-480e-94e9-09bad9cd99ba"",""service"":""df16bcd7-7927-4bbf-adf1-191ac3e92d21"",""deployment"":""9f2b543f-0b35-41bc-9cb5-d19bf9898c07"",""replica"":""1901484f-77af-4ab4-83ab-a08df9c439b6""}",2026-05-16T17:11:40.732858911Z
2026-05-16T17:11:40.731227Z 0 [ERROR] [MY-012888] [InnoDB] Cannot resize redo log file ./#innodb_redo/#ib_redo322_tmp to 3 MB (Failed to set size),error,"{""level"":""error""}","{""project"":""0ee5f251-6f6f-4df1-88b1-bb752a8a350b"",""environment"":""e0e44f1f-ec58-480e-94e9-09bad9cd99ba"",""service"":""df16bcd7-7927-4bbf-adf1-191ac3e92d21"",""deployment"":""9f2b543f-0b35-41bc-9cb5-d19bf9898c07"",""replica"":""1901484f-77af-4ab4-83ab-a08df9c439b6""}",2026-05-16T17:11:40.732862618Z
"2026-05-16T17:11:40.731938Z 0 [ERROR] [MY-012144] [InnoDB] posix_fallocate(): Failed to preallocate data for file ./railway/kpi_cache.ibd, desired size 16384 bytes. Operating system error number 28. Check that the disk is not full or a disk quota exceeded. Make sure the file system supports this function. Refer to your operating system documentation for operating system error code information.",error,"{""level"":""error""}","{""project"":""0ee5f251-6f6f-4df1-88b1-bb752a8a350b"",""environment"":""e0e44f1f-ec58-480e-94e9-09bad9cd99ba"",""service"":""df16bcd7-7927-4bbf-adf1-191ac3e92d21"",""deployment"":""9f2b543f-0b35-41bc-9cb5-d19bf9898c07"",""replica"":""1901484f-77af-4ab4-83ab-a08df9c439b6""}",2026-05-16T17:11:40.732865633Z
2026-05-16T17:11:40.731960Z 0 [Warning] [MY-012638] [InnoDB] Retry attempts for writing partial data failed.,error,"{""level"":""error""}","{""project"":""0ee5f251-6f6f-4df1-88b1-bb752a8a350b"",""environment"":""e0e44f1f-ec58-480e-94e9-09bad9cd99ba"",""service"":""df16bcd7-7927-4bbf-adf1-191ac3e92d21"",""deployment"":""9f2b543f-0b35-41bc-9cb5-d19bf9898c07"",""replica"":""1901484f-77af-4ab4-83ab-a08df9c439b6""}",2026-05-16T17:11:40.732868570Z
2026-05-16T17:11:40.731966Z 0 [Warning] [MY-012145] [InnoDB] Error while writing 16384 zeroes to ./railway/kpi_cache.ibd starting at offset 163840,error,"{""level"":""error""}","{""project"":""0ee5f251-6f6f-4df1-88b1-bb752a8a350b"",""environment"":""e0e44f1f-ec58-480e-94e9-09bad9cd99ba"",""service"":""df16bcd7-7927-4bbf-adf1-191ac3e92d21"",""deployment"":""9f2b543f-0b35-41bc-9cb5-d19bf9898c07"",""replica"":""1901484f-77af-4ab4-83ab-a08df9c439b6""}",2026-05-16T17:11:40.732871324Z
2026-05-16T17:11:40.747191Z 0 [Warning] [MY-012638] [InnoDB] Retry attempts for writing partial data failed.,error,"{""level"":""error""}","{""project"":""0ee5f251-6f6f-4df1-88b1-bb752a8a350b"",""environment"":""e0e44f1f-ec58-480e-94e9-09bad9cd99ba"",""service"":""df16bcd7-7927-4bbf-adf1-191ac3e92d21"",""deployment"":""9f2b543f-0b35-41bc-9cb5-d19bf9898c07"",""replica"":""1901484f-77af-4ab4-83ab-a08df9c439b6""}",2026-05-16T17:11:40.751432179Z
2026-05-16T17:11:40.747208Z 0 [ERROR] [MY-012888] [InnoDB] Cannot resize redo log file ./#innodb_redo/#ib_redo322_tmp to 3 MB (Failed to set size),error,"{""level"":""error""}","{""project"":""0ee5f251-6f6f-4df1-88b1-bb752a8a350b"",""environment"":""e0e44f1f-ec58-480e-94e9-09bad9cd99ba"",""service"":""df16bcd7-7927-4bbf-adf1-191ac3e92d21"",""deployment"":""9f2b543f-0b35-41bc-9cb5-d19bf9898c07"",""replica"":""1901484f-77af-4ab4-83ab-a08df9c439b6""}",2026-05-16T17:11:40.751437164Z
2026-05-16T17:11:40.763074Z 0 [Warning] [MY-012638] [InnoDB] Retry attempts for writing partial data failed.,error,"{""level"":""error""}","{""project"":""0ee5f251-6f6f-4df1-88b1-bb752a8a350b"",""environment"":""e0e44f1f-ec58-480e-94e9-09bad9cd99ba"",""service"":""df16bcd7-7927-4bbf-adf1-191ac3e92d21"",""deployment"":""9f2b543f-0b35-41bc-9cb5-d19bf9898c07"",""replica"":""1901484f-77af-4ab4-83ab-a08df9c439b6""}",2026-05-16T17:11:40.767752904Z
2026-05-16T17:11:40.763090Z 0 [ERROR] [MY-012888] [InnoDB] Cannot resize redo log file ./#innodb_redo/#ib_redo322_tmp to 3 MB (Failed to set size),error,"{""level"":""error""}","{""project"":""0ee5f251-6f6f-4df1-88b1-bb752a8a350b"",""environment"":""e0e44f1f-ec58-480e-94e9-09bad9cd99ba"",""service"":""df16bcd7-7927-4bbf-adf1-191ac3e92d21"",""deployment"":""9f2b543f-0b35-41bc-9cb5-d19bf9898c07"",""replica"":""1901484f-77af-4ab4-83ab-a08df9c439b6""}",2026-05-16T17:11:40.767763613Z
2026-05-16T17:11:40.778038Z 0 [Warning] [MY-012638] [InnoDB] Retry attempts for writing partial data failed.,error,"{""level"":""error""}","{""project"":""0ee5f251-6f6f-4df1-88b1-bb752a8a350b"",""environment"":""e0e44f1f-ec58-480e-94e9-09bad9cd99ba"",""service"":""df16bcd7-7927-4bbf-adf1-191ac3e92d21"",""deployment"":""9f2b543f-0b35-41bc-9cb5-d19bf9898c07"",""replica"":""1901484f-77af-4ab4-83ab-a08df9c439b6""}",2026-05-16T17:11:40.779240400Z
2026-05-16T17:11:40.778055Z 0 [ERROR] [MY-012888] [InnoDB] Cannot resize redo log file ./#innodb_redo/#ib_redo322_tmp to 3 MB (Failed to set size),error,"{""level"":""error""}","{""project"":""0ee5f251-6f6f-4df1-88b1-bb752a8a350b"",""environment"":""e0e44f1f-ec58-480e-94e9-09bad9cd99ba"",""service"":""df16bcd7-7927-4bbf-adf1-191ac3e92d21"",""deployment"":""9f2b543f-0b35-41bc-9cb5-d19bf9898c07"",""replica"":""1901484f-77af-4ab4-83ab-a08df9c439b6""}",2026-05-16T17:11:40.779245087Z
"2026-05-16T17:11:40.783291Z 0 [ERROR] [MY-012144] [InnoDB] posix_fallocate(): Failed to preallocate data for file ./railway/kpi_cache.ibd, desired size 16384 bytes. Operating system error number 28. Check that the disk is not full or a disk quota exceeded. Make sure the file system supports this function. Refer to your operating system documentation for operating system error code information.",error,"{""level"":""error""}","{""project"":""0ee5f251-6f6f-4df1-88b1-bb752a8a350b"",""environment"":""e0e44f1f-ec58-480e-94e9-09bad9cd99ba"",""service"":""df16bcd7-7927-4bbf-adf1-191ac3e92d21"",""deployment"":""9f2b543f-0b35-41bc-9cb5-d19bf9898c07"",""replica"":""1901484f-77af-4ab4-83ab-a08df9c439b6""}",2026-05-16T17:11:40.788100375Z
2026-05-16T17:11:40.783324Z 0 [Warning] [MY-012638] [InnoDB] Retry attempts for writing partial data failed.,error,"{""level"":""error""}","{""project"":""0ee5f251-6f6f-4df1-88b1-bb752a8a350b"",""environment"":""e0e44f1f-ec58-480e-94e9-09bad9cd99ba"",""service"":""df16bcd7-7927-4bbf-adf1-191ac3e92d21"",""deployment"":""9f2b543f-0b35-41bc-9cb5-d19bf9898c07"",""replica"":""1901484f-77af-4ab4-83ab-a08df9c439b6""}",2026-05-16T17:11:40.788108171Z
2026-05-16T17:11:40.783330Z 0 [Warning] [MY-012145] [InnoDB] Error while writing 16384 zeroes to ./railway/kpi_cache.ibd starting at offset 163840,error,"{""level"":""error""}","{""project"":""0ee5f251-6f6f-4df1-88b1-bb752a8a350b"",""environment"":""e0e44f1f-ec58-480e-94e9-09bad9cd99ba"",""service"":""df16bcd7-7927-4bbf-adf1-191ac3e92d21"",""deployment"":""9f2b543f-0b35-41bc-9cb5-d19bf9898c07"",""replica"":""1901484f-77af-4ab4-83ab-a08df9c439b6""}",2026-05-16T17:11:40.788111767Z
2026-05-16T17:11:40.792976Z 0 [Warning] [MY-012638] [InnoDB] Retry attempts for writing partial data failed.,error,"{""level"":""error""}","{""project"":""0ee5f251-6f6f-4df1-88b1-bb752a8a350b"",""environment"":""e0e44f1f-ec58-480e-94e9-09bad9cd99ba"",""service"":""df16bcd7-7927-4bbf-adf1-191ac3e92d21"",""deployment"":""9f2b543f-0b35-41bc-9cb5-d19bf9898c07"",""replica"":""1901484f-77af-4ab4-83ab-a08df9c439b6""}",2026-05-16T17:11:40.794215400Z
2026-05-16T17:11:40.792993Z 0 [ERROR] [MY-012888] [InnoDB] Cannot resize redo log file ./#innodb_redo/#ib_redo322_tmp to 3 MB (Failed to set size),error,"{""level"":""error""}","{""project"":""0ee5f251-6f6f-4df1-88b1-bb752a8a350b"",""environment"":""e0e44f1f-ec58-480e-94e9-09bad9cd99ba"",""service"":""df16bcd7-7927-4bbf-adf1-191ac3e92d21"",""deployment"":""9f2b543f-0b35-41bc-9cb5-d19bf9898c07"",""replica"":""1901484f-77af-4ab4-83ab-a08df9c439b6""}",2026-05-16T17:11:40.794220031Z
2026-05-16T17:11:40.807873Z 0 [Warning] [MY-012638] [InnoDB] Retry attempts for writing partial data failed.,error,"{""level"":""error""}","{""project"":""0ee5f251-6f6f-4df1-88b1-bb752a8a350b"",""environment"":""e0e44f1f-ec58-480e-94e9-09bad9cd99ba"",""service"":""df16bcd7-7927-4bbf-adf1-191ac3e92d21"",""deployment"":""9f2b543f-0b35-41bc-9cb5-d19bf9898c07"",""replica"":""1901484f-77af-4ab4-83ab-a08df9c439b6""}",2026-05-16T17:11:40.817702677Z
2026-05-16T17:11:40.807889Z 0 [ERROR] [MY-012888] [InnoDB] Cannot resize redo log file ./#innodb_redo/#ib_redo322_tmp to 3 MB (Failed to set size),error,"{""level"":""error""}","{""project"":""0ee5f251-6f6f-4df1-88b1-bb752a8a350b"",""environment"":""e0e44f1f-ec58-480e-94e9-09bad9cd99ba"",""service"":""df16bcd7-7927-4bbf-adf1-191ac3e92d21"",""deployment"":""9f2b543f-0b35-41bc-9cb5-d19bf9898c07"",""replica"":""1901484f-77af-4ab4-83ab-a08df9c439b6""}",2026-05-16T17:11:40.817707984Z
2026-05-16T17:11:40.823742Z 0 [Warning] [MY-012638] [InnoDB] Retry attempts for writing partial data failed.,error,"{""level"":""error""}","{""project"":""0ee5f251-6f6f-4df1-88b1-bb752a8a350b"",""environment"":""e0e44f1f-ec58-480e-94e9-09bad9cd99ba"",""service"":""df16bcd7-7927-4bbf-adf1-191ac3e92d21"",""deployment"":""9f2b543f-0b35-41bc-9cb5-d19bf9898c07"",""replica"":""1901484f-77af-4ab4-83ab-a08df9c439b6""}",2026-05-16T17:11:40.825237313Z
2026-05-16T17:11:40.823757Z 0 [ERROR] [MY-012888] [InnoDB] Cannot resize redo log file ./#innodb_redo/#ib_redo322_tmp to 3 MB (Failed to set size),error,"{""level"":""error""}","{""project"":""0ee5f251-6f6f-4df1-88b1-bb752a8a350b"",""environment"":""e0e44f1f-ec58-480e-94e9-09bad9cd99ba"",""service"":""df16bcd7-7927-4bbf-adf1-191ac3e92d21"",""deployment"":""9f2b543f-0b35-41bc-9cb5-d19bf9898c07"",""replica"":""1901484f-77af-4ab4-83ab-a08df9c439b6""}",2026-05-16T17:11:40.825243781Z
"2026-05-16T17:11:40.833478Z 0 [ERROR] [MY-012144] [InnoDB] posix_fallocate(): Failed to preallocate data for file ./railway/kpi_cache.ibd, desired size 16384 bytes. Operating system error number 28. Check that the disk is not full or a disk quota exceeded. Make sure the file system supports this function. Refer to your operating system documentation for operating system error code information.",error,"{""level"":""error""}","{""project"":""0ee5f251-6f6f-4df1-88b1-bb752a8a350b"",""environment"":""e0e44f1f-ec58-480e-94e9-09bad9cd99ba"",""service"":""df16bcd7-7927-4bbf-adf1-191ac3e92d21"",""deployment"":""9f2b543f-0b35-41bc-9cb5-d19bf9898c07"",""replica"":""1901484f-77af-4ab4-83ab-a08df9c439b6""}",2026-05-16T17:11:40.834565651Z
2026-05-16T17:11:40.833508Z 0 [Warning] [MY-012638] [InnoDB] Retry attempts for writing partial data failed.,error,"{""level"":""error""}","{""project"":""0ee5f251-6f6f-4df1-88b1-bb752a8a350b"",""environment"":""e0e44f1f-ec58-480e-94e9-09bad9cd99ba"",""service"":""df16bcd7-7927-4bbf-adf1-191ac3e92d21"",""deployment"":""9f2b543f-0b35-41bc-9cb5-d19bf9898c07"",""replica"":""1901484f-77af-4ab4-83ab-a08df9c439b6""}",2026-05-16T17:11:40.834570531Z
2026-05-16T17:11:40.833514Z 0 [Warning] [MY-012145] [InnoDB] Error while writing 16384 zeroes to ./railway/kpi_cache.ibd starting at offset 163840,error,"{""level"":""error""}","{""project"":""0ee5f251-6f6f-4df1-88b1-bb752a8a350b"",""environment"":""e0e44f1f-ec58-480e-94e9-09bad9cd99ba"",""service"":""df16bcd7-7927-4bbf-adf1-191ac3e92d21"",""deployment"":""9f2b543f-0b35-41bc-9cb5-d19bf9898c07"",""replica"":""1901484f-77af-4ab4-83ab-a08df9c439b6""}",2026-05-16T17:11:40.834574780Z
2026-05-16T17:11:40.839400Z 0 [Warning] [MY-012638] [InnoDB] Retry attempts for writing partial data failed.,error,"{""level"":""error""}","{""project"":""0ee5f251-6f6f-4df1-88b1-bb752a8a350b"",""environment"":""e0e44f1f-ec58-480e-94e9-09bad9cd99ba"",""service"":""df16bcd7-7927-4bbf-adf1-191ac3e92d21"",""deployment"":""9f2b543f-0b35-41bc-9cb5-d19bf9898c07"",""replica"":""1901484f-77af-4ab4-83ab-a08df9c439b6""}",2026-05-16T17:11:40.840136175Z
2026-05-16T17:11:40.839416Z 0 [ERROR] [MY-012888] [InnoDB] Cannot resize redo log file ./#innodb_redo/#ib_redo322_tmp to 3 MB (Failed to set size),error,"{""level"":""error""}","{""project"":""0ee5f251-6f6f-4df1-88b1-bb752a8a350b"",""environment"":""e0e44f1f-ec58-480e-94e9-09bad9cd99ba"",""service"":""df16bcd7-7927-4bbf-adf1-191ac3e92d21"",""deployment"":""9f2b543f-0b35-41bc-9cb5-d19bf9898c07"",""replica"":""1901484f-77af-4ab4-83ab-a08df9c439b6""}",2026-05-16T17:11:40.840142120Z
2026-05-16T17:11:40.854158Z 0 [Warning] [MY-012638] [InnoDB] Retry attempts for writing partial data failed.,error,"{""level"":""error""}","{""project"":""0ee5f251-6f6f-4df1-88b1-bb752a8a350b"",""environment"":""e0e44f1f-ec58-480e-94e9-09bad9cd99ba"",""service"":""df16bcd7-7927-4bbf-adf1-191ac3e92d21"",""deployment"":""9f2b543f-0b35-41bc-9cb5-d19bf9898c07"",""replica"":""1901484f-77af-4ab4-83ab-a08df9c439b6""}",2026-05-16T17:11:40.857416836Z
2026-05-16T17:11:40.854177Z 0 [ERROR] [MY-012888] [InnoDB] Cannot resize redo log file ./#innodb_redo/#ib_redo322_tmp to 3 MB (Failed to set size),error,"{""level"":""error""}","{""project"":""0ee5f251-6f6f-4df1-88b1-bb752a8a350b"",""environment"":""e0e44f1f-ec58-480e-94e9-09bad9cd99ba"",""service"":""df16bcd7-7927-4bbf-adf1-191ac3e92d21"",""deployment"":""9f2b543f-0b35-41bc-9cb5-d19bf9898c07"",""replica"":""1901484f-77af-4ab4-83ab-a08df9c439b6""}",2026-05-16T17:11:40.857424836Z
2026-05-16T17:11:40.869112Z 0 [Warning] [MY-012638] [InnoDB] Retry attempts for writing partial data failed.,error,"{""level"":""error""}","{""project"":""0ee5f251-6f6f-4df1-88b1-bb752a8a350b"",""environment"":""e0e44f1f-ec58-480e-94e9-09bad9cd99ba"",""service"":""df16bcd7-7927-4bbf-adf1-191ac3e92d21"",""deployment"":""9f2b543f-0b35-41bc-9cb5-d19bf9898c07"",""replica"":""1901484f-77af-4ab4-83ab-a08df9c439b6""}",2026-05-16T17:11:40.873150085Z
2026-05-16T17:11:40.869127Z 0 [ERROR] [MY-012888] [InnoDB] Cannot resize redo log file ./#innodb_redo/#ib_redo322_tmp to 3 MB (Failed to set size),error,"{""level"":""error""}","{""project"":""0ee5f251-6f6f-4df1-88b1-bb752a8a350b"",""environment"":""e0e44f1f-ec58-480e-94e9-09bad9cd99ba"",""service"":""df16bcd7-7927-4bbf-adf1-191ac3e92d21"",""deployment"":""9f2b543f-0b35-41bc-9cb5-d19bf9898c07"",""replica"":""1901484f-77af-4ab4-83ab-a08df9c439b6""}",2026-05-16T17:11:40.873157270Z
"2026-05-16T17:11:40.883678Z 0 [ERROR] [MY-012144] [InnoDB] posix_fallocate(): Failed to preallocate data for file ./railway/kpi_cache.ibd, desired size 16384 bytes. Operating system error number 28. Check that the disk is not full or a disk quota exceeded. Make sure the file system supports this function. Refer to your operating system documentation for operating system error code information.",error,"{""level"":""error""}","{""project"":""0ee5f251-6f6f-4df1-88b1-bb752a8a350b"",""environment"":""e0e44f1f-ec58-480e-94e9-09bad9cd99ba"",""service"":""df16bcd7-7927-4bbf-adf1-191ac3e92d21"",""deployment"":""9f2b543f-0b35-41bc-9cb5-d19bf9898c07"",""replica"":""1901484f-77af-4ab4-83ab-a08df9c439b6""}",2026-05-16T17:11:40.887300816Z
2026-05-16T17:11:40.883710Z 0 [Warning] [MY-012638] [InnoDB] Retry attempts for writing partial data failed.,error,"{""level"":""error""}","{""project"":""0ee5f251-6f6f-4df1-88b1-bb752a8a350b"",""environment"":""e0e44f1f-ec58-480e-94e9-09bad9cd99ba"",""service"":""df16bcd7-7927-4bbf-adf1-191ac3e92d21"",""deployment"":""9f2b543f-0b35-41bc-9cb5-d19bf9898c07"",""replica"":""1901484f-77af-4ab4-83ab-a08df9c439b6""}",2026-05-16T17:11:40.887305956Z
2026-05-16T17:11:40.883715Z 0 [Warning] [MY-012145] [InnoDB] Error while writing 16384 zeroes to ./railway/kpi_cache.ibd starting at offset 163840,error,"{""level"":""error""}","{""project"":""0ee5f251-6f6f-4df1-88b1-bb752a8a350b"",""environment"":""e0e44f1f-ec58-480e-94e9-09bad9cd99ba"",""service"":""df16bcd7-7927-4bbf-adf1-191ac3e92d21"",""deployment"":""9f2b543f-0b35-41bc-9cb5-d19bf9898c07"",""replica"":""1901484f-77af-4ab4-83ab-a08df9c439b6""}",2026-05-16T17:11:40.887309118Z
2026-05-16T17:11:40.886091Z 0 [Warning] [MY-012638] [InnoDB] Retry attempts for writing partial data failed.,error,"{""level"":""error""}","{""project"":""0ee5f251-6f6f-4df1-88b1-bb752a8a350b"",""environment"":""e0e44f1f-ec58-480e-94e9-09bad9cd99ba"",""service"":""df16bcd7-7927-4bbf-adf1-191ac3e92d21"",""deployment"":""9f2b543f-0b35-41bc-9cb5-d19bf9898c07"",""replica"":""1901484f-77af-4ab4-83ab-a08df9c439b6""}",2026-05-16T17:11:40.887312227Z
2026-05-16T17:11:40.886107Z 0 [ERROR] [MY-012888] [InnoDB] Cannot resize redo log file ./#innodb_redo/#ib_redo322_tmp to 3 MB (Failed to set size),error,"{""level"":""error""}","{""project"":""0ee5f251-6f6f-4df1-88b1-bb752a8a350b"",""environment"":""e0e44f1f-ec58-480e-94e9-09bad9cd99ba"",""service"":""df16bcd7-7927-4bbf-adf1-191ac3e92d21"",""deployment"":""9f2b543f-0b35-41bc-9cb5-d19bf9898c07"",""replica"":""1901484f-77af-4ab4-83ab-a08df9c439b6""}",2026-05-16T17:11:40.887315301Z
2026-05-16T17:11:40.901246Z 0 [Warning] [MY-012638] [InnoDB] Retry attempts for writing partial data failed.,error,"{""level"":""error""}","{""project"":""0ee5f251-6f6f-4df1-88b1-bb752a8a350b"",""environment"":""e0e44f1f-ec58-480e-94e9-09bad9cd99ba"",""service"":""df16bcd7-7927-4bbf-adf1-191ac3e92d21"",""deployment"":""9f2b543f-0b35-41bc-9cb5-d19bf9898c07"",""replica"":""1901484f-77af-4ab4-83ab-a08df9c439b6""}",2026-05-16T17:11:40.910642611Z
2026-05-16T17:11:40.901263Z 0 [ERROR] [MY-012888] [InnoDB] Cannot resize redo log file ./#innodb_redo/#ib_redo322_tmp to 3 MB (Failed to set size),error,"{""level"":""error""}","{""project"":""0ee5f251-6f6f-4df1-88b1-bb752a8a350b"",""environment"":""e0e44f1f-ec58-480e-94e9-09bad9cd99ba"",""service"":""df16bcd7-7927-4bbf-adf1-191ac3e92d21"",""deployment"":""9f2b543f-0b35-41bc-9cb5-d19bf9898c07"",""replica"":""1901484f-77af-4ab4-83ab-a08df9c439b6""}",2026-05-16T17:11:40.910647502Z
2026-05-16T17:11:40.916751Z 0 [Warning] [MY-012638] [InnoDB] Retry attempts for writing partial data failed.,error,"{""level"":""error""}","{""project"":""0ee5f251-6f6f-4df1-88b1-bb752a8a350b"",""environment"":""e0e44f1f-ec58-480e-94e9-09bad9cd99ba"",""service"":""df16bcd7-7927-4bbf-adf1-191ac3e92d21"",""deployment"":""9f2b543f-0b35-41bc-9cb5-d19bf9898c07"",""replica"":""1901484f-77af-4ab4-83ab-a08df9c439b6""}",2026-05-16T17:11:40.923050399Z
2026-05-16T17:11:40.916766Z 0 [ERROR] [MY-012888] [InnoDB] Cannot resize redo log file ./#innodb_redo/#ib_redo322_tmp to 3 MB (Failed to set size),error,"{""level"":""error""}","{""project"":""0ee5f251-6f6f-4df1-88b1-bb752a8a350b"",""environment"":""e0e44f1f-ec58-480e-94e9-09bad9cd99ba"",""service"":""df16bcd7-7927-4bbf-adf1-191ac3e92d21"",""deployment"":""9f2b543f-0b35-41bc-9cb5-d19bf9898c07"",""replica"":""1901484f-77af-4ab4-83ab-a08df9c439b6""}",2026-05-16T17:11:40.923054430Z
2026-05-16T17:11:40.932503Z 0 [Warning] [MY-012638] [InnoDB] Retry attempts for writing partial data failed.,error,"{""level"":""error""}","{""project"":""0ee5f251-6f6f-4df1-88b1-bb752a8a350b"",""environment"":""e0e44f1f-ec58-480e-94e9-09bad9cd99ba"",""service"":""df16bcd7-7927-4bbf-adf1-191ac3e92d21"",""deployment"":""9f2b543f-0b35-41bc-9cb5-d19bf9898c07"",""replica"":""1901484f-77af-4ab4-83ab-a08df9c439b6""}",2026-05-16T17:11:41.305257055Z
2026-05-16T17:11:40.932521Z 0 [ERROR] [MY-012888] [InnoDB] Cannot resize redo log file ./#innodb_redo/#ib_redo322_tmp to 3 MB (Failed to set size),error,"{""level"":""error""}","{""project"":""0ee5f251-6f6f-4df1-88b1-bb752a8a350b"",""environment"":""e0e44f1f-ec58-480e-94e9-09bad9cd99ba"",""service"":""df16bcd7-7927-4bbf-adf1-191ac3e92d21"",""deployment"":""9f2b543f-0b35-41bc-9cb5-d19bf9898c07"",""replica"":""1901484f-77af-4ab4-83ab-a08df9c439b6""}",2026-05-16T17:11:41.305260318Z
"2026-05-16T17:11:40.933954Z 0 [ERROR] [MY-012144] [InnoDB] posix_fallocate(): Failed to preallocate data for file ./railway/kpi_cache.ibd, desired size 16384 bytes. Operating system error number 28. Check that the disk is not full or a disk quota exceeded. Make sure the file system supports this function. Refer to your operating system documentation for operating system error code information.",error,"{""level"":""error""}","{""project"":""0ee5f251-6f6f-4df1-88b1-bb752a8a350b"",""environment"":""e0e44f1f-ec58-480e-94e9-09bad9cd99ba"",""service"":""df16bcd7-7927-4bbf-adf1-191ac3e92d21"",""deployment"":""9f2b543f-0b35-41bc-9cb5-d19bf9898c07"",""replica"":""1901484f-77af-4ab4-83ab-a08df9c439b6""}",2026-05-16T17:11:41.305263767Z
2026-05-16T17:11:40.933986Z 0 [Warning] [MY-012638] [InnoDB] Retry attempts for writing partial data failed.,error,"{""level"":""error""}","{""project"":""0ee5f251-6f6f-4df1-88b1-bb752a8a350b"",""environment"":""e0e44f1f-ec58-480e-94e9-09bad9cd99ba"",""service"":""df16bcd7-7927-4bbf-adf1-191ac3e92d21"",""deployment"":""9f2b543f-0b35-41bc-9cb5-d19bf9898c07"",""replica"":""1901484f-77af-4ab4-83ab-a08df9c439b6""}",2026-05-16T17:11:41.305266918Z
2026-05-16T17:11:40.933992Z 0 [Warning] [MY-012145] [InnoDB] Error while writing 16384 zeroes to ./railway/kpi_cache.ibd starting at offset 163840,error,"{""level"":""error""}","{""project"":""0ee5f251-6f6f-4df1-88b1-bb752a8a350b"",""environment"":""e0e44f1f-ec58-480e-94e9-09bad9cd99ba"",""service"":""df16bcd7-7927-4bbf-adf1-191ac3e92d21"",""deployment"":""9f2b543f-0b35-41bc-9cb5-d19bf9898c07"",""replica"":""1901484f-77af-4ab4-83ab-a08df9c439b6""}",2026-05-16T17:11:41.305269995Z
2026-05-16T17:11:40.947632Z 0 [Warning] [MY-012638] [InnoDB] Retry attempts for writing partial data failed.,error,"{""level"":""error""}","{""project"":""0ee5f251-6f6f-4df1-88b1-bb752a8a350b"",""environment"":""e0e44f1f-ec58-480e-94e9-09bad9cd99ba"",""service"":""df16bcd7-7927-4bbf-adf1-191ac3e92d21"",""deployment"":""9f2b543f-0b35-41bc-9cb5-d19bf9898c07"",""replica"":""1901484f-77af-4ab4-83ab-a08df9c439b6""}",2026-05-16T17:11:41.305273006Z
2026-05-16T17:11:40.947647Z 0 [ERROR] [MY-012888] [InnoDB] Cannot resize redo log file ./#innodb_redo/#ib_redo322_tmp to 3 MB (Failed to set size),error,"{""level"":""error""}","{""project"":""0ee5f251-6f6f-4df1-88b1-bb752a8a350b"",""environment"":""e0e44f1f-ec58-480e-94e9-09bad9cd99ba"",""service"":""df16bcd7-7927-4bbf-adf1-191ac3e92d21"",""deployment"":""9f2b543f-0b35-41bc-9cb5-d19bf9898c07"",""replica"":""1901484f-77af-4ab4-83ab-a08df9c439b6""}",2026-05-16T17:11:41.305275840Z
2026-05-16T17:11:40.964786Z 0 [Warning] [MY-012638] [InnoDB] Retry attempts for writing partial data failed.,error,"{""level"":""error""}","{""project"":""0ee5f251-6f6f-4df1-88b1-bb752a8a350b"",""environment"":""e0e44f1f-ec58-480e-94e9-09bad9cd99ba"",""service"":""df16bcd7-7927-4bbf-adf1-191ac3e92d21"",""deployment"":""9f2b543f-0b35-41bc-9cb5-d19bf9898c07"",""replica"":""1901484f-77af-4ab4-83ab-a08df9c439b6""}",2026-05-16T17:11:41.305279201Z
2026-05-16T17:11:40.964802Z 0 [ERROR] [MY-012888] [InnoDB] Cannot resize redo log file ./#innodb_redo/#ib_redo322_tmp to 3 MB (Failed to set size),error,"{""level"":""error""}","{""project"":""0ee5f251-6f6f-4df1-88b1-bb752a8a350b"",""environment"":""e0e44f1f-ec58-480e-94e9-09bad9cd99ba"",""service"":""df16bcd7-7927-4bbf-adf1-191ac3e92d21"",""deployment"":""9f2b543f-0b35-41bc-9cb5-d19bf9898c07"",""replica"":""1901484f-77af-4ab4-83ab-a08df9c439b6""}",2026-05-16T17:11:41.305282213Z
2026-05-16T17:11:40.979696Z 0 [Warning] [MY-012638] [InnoDB] Retry attempts for writing partial data failed.,error,"{""level"":""error""}","{""project"":""0ee5f251-6f6f-4df1-88b1-bb752a8a350b"",""environment"":""e0e44f1f-ec58-480e-94e9-09bad9cd99ba"",""service"":""df16bcd7-7927-4bbf-adf1-191ac3e92d21"",""deployment"":""9f2b543f-0b35-41bc-9cb5-d19bf9898c07"",""replica"":""1901484f-77af-4ab4-83ab-a08df9c439b6""}",2026-05-16T17:11:41.305285095Z
2026-05-16T17:11:40.979712Z 0 [ERROR] [MY-012888] [InnoDB] Cannot resize redo log file ./#innodb_redo/#ib_redo322_tmp to 3 MB (Failed to set size),error,"{""level"":""error""}","{""project"":""0ee5f251-6f6f-4df1-88b1-bb752a8a350b"",""environment"":""e0e44f1f-ec58-480e-94e9-09bad9cd99ba"",""service"":""df16bcd7-7927-4bbf-adf1-191ac3e92d21"",""deployment"":""9f2b543f-0b35-41bc-9cb5-d19bf9898c07"",""replica"":""1901484f-77af-4ab4-83ab-a08df9c439b6""}",2026-05-16T17:11:41.305288246Z
"2026-05-16T17:11:40.984805Z 0 [ERROR] [MY-012144] [InnoDB] posix_fallocate(): Failed to preallocate data for file ./railway/kpi_cache.ibd, desired size 16384 bytes. Operating system error number 28. Check that the disk is not full or a disk quota exceeded. Make sure the file system supports this function. Refer to your operating system documentation for operating system error code information.",error,"{""level"":""error""}","{""project"":""0ee5f251-6f6f-4df1-88b1-bb752a8a350b"",""environment"":""e0e44f1f-ec58-480e-94e9-09bad9cd99ba"",""service"":""df16bcd7-7927-4bbf-adf1-191ac3e92d21"",""deployment"":""9f2b543f-0b35-41bc-9cb5-d19bf9898c07"",""replica"":""1901484f-77af-4ab4-83ab-a08df9c439b6""}",2026-05-16T17:11:41.305880123Z
2026-05-16T17:11:40.984840Z 0 [Warning] [MY-012638] [InnoDB] Retry attempts for writing partial data failed.,error,"{""level"":""error""}","{""project"":""0ee5f251-6f6f-4df1-88b1-bb752a8a350b"",""environment"":""e0e44f1f-ec58-480e-94e9-09bad9cd99ba"",""service"":""df16bcd7-7927-4bbf-adf1-191ac3e92d21"",""deployment"":""9f2b543f-0b35-41bc-9cb5-d19bf9898c07"",""replica"":""1901484f-77af-4ab4-83ab-a08df9c439b6""}",2026-05-16T17:11:41.305885953Z
2026-05-16T17:11:40.984846Z 0 [Warning] [MY-012145] [InnoDB] Error while writing 16384 zeroes to ./railway/kpi_cache.ibd starting at offset 163840,error,"{""level"":""error""}","{""project"":""0ee5f251-6f6f-4df1-88b1-bb752a8a350b"",""environment"":""e0e44f1f-ec58-480e-94e9-09bad9cd99ba"",""service"":""df16bcd7-7927-4bbf-adf1-191ac3e92d21"",""deployment"":""9f2b543f-0b35-41bc-9cb5-d19bf9898c07"",""replica"":""1901484f-77af-4ab4-83ab-a08df9c439b6""}",2026-05-16T17:11:41.305889603Z
2026-05-16T17:11:40.994791Z 0 [Warning] [MY-012638] [InnoDB] Retry attempts for writing partial data failed.,error,"{""level"":""error""}","{""project"":""0ee5f251-6f6f-4df1-88b1-bb752a8a350b"",""environment"":""e0e44f1f-ec58-480e-94e9-09bad9cd99ba"",""service"":""df16bcd7-7927-4bbf-adf1-191ac3e92d21"",""deployment"":""9f2b543f-0b35-41bc-9cb5-d19bf9898c07"",""replica"":""1901484f-77af-4ab4-83ab-a08df9c439b6""}",2026-05-16T17:11:41.305893153Z
2026-05-16T17:11:40.994808Z 0 [ERROR] [MY-012888] [InnoDB] Cannot resize redo log file ./#innodb_redo/#ib_redo322_tmp to 3 MB (Failed to set size),error,"{""level"":""error""}","{""project"":""0ee5f251-6f6f-4df1-88b1-bb752a8a350b"",""environment"":""e0e44f1f-ec58-480e-94e9-09bad9cd99ba"",""service"":""df16bcd7-7927-4bbf-adf1-191ac3e92d21"",""deployment"":""9f2b543f-0b35-41bc-9cb5-d19bf9898c07"",""replica"":""1901484f-77af-4ab4-83ab-a08df9c439b6""}",2026-05-16T17:11:41.305896576Z
2026-05-16T17:11:41.009727Z 0 [Warning] [MY-012638] [InnoDB] Retry attempts for writing partial data failed.,error,"{""level"":""error""}","{""project"":""0ee5f251-6f6f-4df1-88b1-bb752a8a350b"",""environment"":""e0e44f1f-ec58-480e-94e9-09bad9cd99ba"",""service"":""df16bcd7-7927-4bbf-adf1-191ac3e92d21"",""deployment"":""9f2b543f-0b35-41bc-9cb5-d19bf9898c07"",""replica"":""1901484f-77af-4ab4-83ab-a08df9c439b6""}",2026-05-16T17:11:41.305900166Z
2026-05-16T17:11:41.009748Z 0 [ERROR] [MY-012888] [InnoDB] Cannot resize redo log file ./#innodb_redo/#ib_redo322_tmp to 3 MB (Failed to set size),error,"{""level"":""error""}","{""project"":""0ee5f251-6f6f-4df1-88b1-bb752a8a350b"",""environment"":""e0e44f1f-ec58-480e-94e9-09bad9cd99ba"",""service"":""df16bcd7-7927-4bbf-adf1-191ac3e92d21"",""deployment"":""9f2b543f-0b35-41bc-9cb5-d19bf9898c07"",""replica"":""1901484f-77af-4ab4-83ab-a08df9c439b6""}",2026-05-16T17:11:41.305903963Z
2026-05-16T17:11:41.024713Z 0 [Warning] [MY-012638] [InnoDB] Retry attempts for writing partial data failed.,error,"{""level"":""error""}","{""project"":""0ee5f251-6f6f-4df1-88b1-bb752a8a350b"",""environment"":""e0e44f1f-ec58-480e-94e9-09bad9cd99ba"",""service"":""df16bcd7-7927-4bbf-adf1-191ac3e92d21"",""deployment"":""9f2b543f-0b35-41bc-9cb5-d19bf9898c07"",""replica"":""1901484f-77af-4ab4-83ab-a08df9c439b6""}",2026-05-16T17:11:41.305907678Z
2026-05-16T17:11:41.024731Z 0 [ERROR] [MY-012888] [InnoDB] Cannot resize redo log file ./#innodb_redo/#ib_redo322_tmp to 3 MB (Failed to set size),error,"{""level"":""error""}","{""project"":""0ee5f251-6f6f-4df1-88b1-bb752a8a350b"",""environment"":""e0e44f1f-ec58-480e-94e9-09bad9cd99ba"",""service"":""df16bcd7-7927-4bbf-adf1-191ac3e92d21"",""deployment"":""9f2b543f-0b35-41bc-9cb5-d19bf9898c07"",""replica"":""1901484f-77af-4ab4-83ab-a08df9c439b6""}",2026-05-16T17:11:41.305911270Z
"2026-05-16T17:11:41.035009Z 0 [ERROR] [MY-012144] [InnoDB] posix_fallocate(): Failed to preallocate data for file ./railway/kpi_cache.ibd, desired size 16384 bytes. Operating system error number 28. Check that the disk is not full or a disk quota exceeded. Make sure the file system supports this function. Refer to your operating system documentation for operating system error code information.",error,"{""level"":""error""}","{""project"":""0ee5f251-6f6f-4df1-88b1-bb752a8a350b"",""environment"":""e0e44f1f-ec58-480e-94e9-09bad9cd99ba"",""service"":""df16bcd7-7927-4bbf-adf1-191ac3e92d21"",""deployment"":""9f2b543f-0b35-41bc-9cb5-d19bf9898c07"",""replica"":""1901484f-77af-4ab4-83ab-a08df9c439b6""}",2026-05-16T17:11:41.305915234Z
2026-05-16T17:11:41.035039Z 0 [Warning] [MY-012638] [InnoDB] Retry attempts for writing partial data failed.,error,"{""level"":""error""}","{""project"":""0ee5f251-6f6f-4df1-88b1-bb752a8a350b"",""environment"":""e0e44f1f-ec58-480e-94e9-09bad9cd99ba"",""service"":""df16bcd7-7927-4bbf-adf1-191ac3e92d21"",""deployment"":""9f2b543f-0b35-41bc-9cb5-d19bf9898c07"",""replica"":""1901484f-77af-4ab4-83ab-a08df9c439b6""}",2026-05-16T17:11:41.307346391Z
2026-05-16T17:11:41.035044Z 0 [Warning] [MY-012145] [InnoDB] Error while writing 16384 zeroes to ./railway/kpi_cache.ibd starting at offset 163840,error,"{""level"":""error""}","{""project"":""0ee5f251-6f6f-4df1-88b1-bb752a8a350b"",""environment"":""e0e44f1f-ec58-480e-94e9-09bad9cd99ba"",""service"":""df16bcd7-7927-4bbf-adf1-191ac3e92d21"",""deployment"":""9f2b543f-0b35-41bc-9cb5-d19bf9898c07"",""replica"":""1901484f-77af-4ab4-83ab-a08df9c439b6""}",2026-05-16T17:11:41.307352742Z
2026-05-16T17:11:41.039750Z 0 [Warning] [MY-012638] [InnoDB] Retry attempts for writing partial data failed.,error,"{""level"":""error""}","{""project"":""0ee5f251-6f6f-4df1-88b1-bb752a8a350b"",""environment"":""e0e44f1f-ec58-480e-94e9-09bad9cd99ba"",""service"":""df16bcd7-7927-4bbf-adf1-191ac3e92d21"",""deployment"":""9f2b543f-0b35-41bc-9cb5-d19bf9898c07"",""replica"":""1901484f-77af-4ab4-83ab-a08df9c439b6""}",2026-05-16T17:11:41.307356752Z
2026-05-16T17:11:41.039766Z 0 [ERROR] [MY-012888] [InnoDB] Cannot resize redo log file ./#innodb_redo/#ib_redo322_tmp to 3 MB (Failed to set size),error,"{""level"":""error""}","{""project"":""0ee5f251-6f6f-4df1-88b1-bb752a8a350b"",""environment"":""e0e44f1f-ec58-480e-94e9-09bad9cd99ba"",""service"":""df16bcd7-7927-4bbf-adf1-191ac3e92d21"",""deployment"":""9f2b543f-0b35-41bc-9cb5-d19bf9898c07"",""replica"":""1901484f-77af-4ab4-83ab-a08df9c439b6""}",2026-05-16T17:11:41.307360444Z
2026-05-16T17:11:41.054627Z 0 [Warning] [MY-012638] [InnoDB] Retry attempts for writing partial data failed.,error,"{""level"":""error""}","{""project"":""0ee5f251-6f6f-4df1-88b1-bb752a8a350b"",""environment"":""e0e44f1f-ec58-480e-94e9-09bad9cd99ba"",""service"":""df16bcd7-7927-4bbf-adf1-191ac3e92d21"",""deployment"":""9f2b543f-0b35-41bc-9cb5-d19bf9898c07"",""replica"":""1901484f-77af-4ab4-83ab-a08df9c439b6""}",2026-05-16T17:11:41.307364360Z
2026-05-16T17:11:41.054643Z 0 [ERROR] [MY-012888] [InnoDB] Cannot resize redo log file ./#innodb_redo/#ib_redo322_tmp to 3 MB (Failed to set size),error,"{""level"":""error""}","{""project"":""0ee5f251-6f6f-4df1-88b1-bb752a8a350b"",""environment"":""e0e44f1f-ec58-480e-94e9-09bad9cd99ba"",""service"":""df16bcd7-7927-4bbf-adf1-191ac3e92d21"",""deployment"":""9f2b543f-0b35-41bc-9cb5-d19bf9898c07"",""replica"":""1901484f-77af-4ab4-83ab-a08df9c439b6""}",2026-05-16T17:11:41.307368129Z
2026-05-16T17:11:41.069703Z 0 [Warning] [MY-012638] [InnoDB] Retry attempts for writing partial data failed.,error,"{""level"":""error""}","{""project"":""0ee5f251-6f6f-4df1-88b1-bb752a8a350b"",""environment"":""e0e44f1f-ec58-480e-94e9-09bad9cd99ba"",""service"":""df16bcd7-7927-4bbf-adf1-191ac3e92d21"",""deployment"":""9f2b543f-0b35-41bc-9cb5-d19bf9898c07"",""replica"":""1901484f-77af-4ab4-83ab-a08df9c439b6""}",2026-05-16T17:11:41.307371847Z
2026-05-16T17:11:41.069719Z 0 [ERROR] [MY-012888] [InnoDB] Cannot resize redo log file ./#innodb_redo/#ib_redo322_tmp to 3 MB (Failed to set size),error,"{""level"":""error""}","{""project"":""0ee5f251-6f6f-4df1-88b1-bb752a8a350b"",""environment"":""e0e44f1f-ec58-480e-94e9-09bad9cd99ba"",""service"":""df16bcd7-7927-4bbf-adf1-191ac3e92d21"",""deployment"":""9f2b543f-0b35-41bc-9cb5-d19bf9898c07"",""replica"":""1901484f-77af-4ab4-83ab-a08df9c439b6""}",2026-05-16T17:11:41.307376284Z
"2026-05-16T17:11:41.085183Z 0 [ERROR] [MY-012144] [InnoDB] posix_fallocate(): Failed to preallocate data for file ./railway/kpi_cache.ibd, desired size 16384 bytes. Operating system error number 28. Check that the disk is not full or a disk quota exceeded. Make sure the file system supports this function. Refer to your operating system documentation for operating system error code information.",error,"{""level"":""error""}","{""project"":""0ee5f251-6f6f-4df1-88b1-bb752a8a350b"",""environment"":""e0e44f1f-ec58-480e-94e9-09bad9cd99ba"",""service"":""df16bcd7-7927-4bbf-adf1-191ac3e92d21"",""deployment"":""9f2b543f-0b35-41bc-9cb5-d19bf9898c07"",""replica"":""1901484f-77af-4ab4-83ab-a08df9c439b6""}",2026-05-16T17:11:41.307379594Z
2026-05-16T17:11:41.085218Z 0 [Warning] [MY-012638] [InnoDB] Retry attempts for writing partial data failed.,error,"{""level"":""error""}","{""project"":""0ee5f251-6f6f-4df1-88b1-bb752a8a350b"",""environment"":""e0e44f1f-ec58-480e-94e9-09bad9cd99ba"",""service"":""df16bcd7-7927-4bbf-adf1-191ac3e92d21"",""deployment"":""9f2b543f-0b35-41bc-9cb5-d19bf9898c07"",""replica"":""1901484f-77af-4ab4-83ab-a08df9c439b6""}",2026-05-16T17:11:41.307384547Z
2026-05-16T17:11:41.085223Z 0 [Warning] [MY-012145] [InnoDB] Error while writing 16384 zeroes to ./railway/kpi_cache.ibd starting at offset 163840,error,"{""level"":""error""}","{""project"":""0ee5f251-6f6f-4df1-88b1-bb752a8a350b"",""environment"":""e0e44f1f-ec58-480e-94e9-09bad9cd99ba"",""service"":""df16bcd7-7927-4bbf-adf1-191ac3e92d21"",""deployment"":""9f2b543f-0b35-41bc-9cb5-d19bf9898c07"",""replica"":""1901484f-77af-4ab4-83ab-a08df9c439b6""}",2026-05-16T17:11:41.307388173Z
2026-05-16T17:11:41.101051Z 0 [ERROR] [MY-012888] [InnoDB] Cannot resize redo log file ./#innodb_redo/#ib_redo322_tmp to 3 MB (Failed to set size),error,"{""level"":""error""}","{""project"":""0ee5f251-6f6f-4df1-88b1-bb752a8a350b"",""environment"":""e0e44f1f-ec58-480e-94e9-09bad9cd99ba"",""service"":""df16bcd7-7927-4bbf-adf1-191ac3e92d21"",""deployment"":""9f2b543f-0b35-41bc-9cb5-d19bf9898c07"",""replica"":""1901484f-77af-4ab4-83ab-a08df9c439b6""}",2026-05-16T17:11:41.309018625Z
2026-05-16T17:11:41.085426Z 0 [Warning] [MY-012638] [InnoDB] Retry attempts for writing partial data failed.,error,"{""level"":""error""}","{""project"":""0ee5f251-6f6f-4df1-88b1-bb752a8a350b"",""environment"":""e0e44f1f-ec58-480e-94e9-09bad9cd99ba"",""service"":""df16bcd7-7927-4bbf-adf1-191ac3e92d21"",""deployment"":""9f2b543f-0b35-41bc-9cb5-d19bf9898c07"",""replica"":""1901484f-77af-4ab4-83ab-a08df9c439b6""}",2026-05-16T17:11:41.309021741Z
2026-05-16T17:11:41.116711Z 0 [Warning] [MY-012638] [InnoDB] Retry attempts for writing partial data failed.,error,"{""level"":""error""}","{""project"":""0ee5f251-6f6f-4df1-88b1-bb752a8a350b"",""environment"":""e0e44f1f-ec58-480e-94e9-09bad9cd99ba"",""service"":""df16bcd7-7927-4bbf-adf1-191ac3e92d21"",""deployment"":""9f2b543f-0b35-41bc-9cb5-d19bf9898c07"",""replica"":""1901484f-77af-4ab4-83ab-a08df9c439b6""}",2026-05-16T17:11:41.309027514Z
2026-05-16T17:11:41.085453Z 0 [ERROR] [MY-012888] [InnoDB] Cannot resize redo log file ./#innodb_redo/#ib_redo322_tmp to 3 MB (Failed to set size),error,"{""level"":""error""}","{""project"":""0ee5f251-6f6f-4df1-88b1-bb752a8a350b"",""environment"":""e0e44f1f-ec58-480e-94e9-09bad9cd99ba"",""service"":""df16bcd7-7927-4bbf-adf1-191ac3e92d21"",""deployment"":""9f2b543f-0b35-41bc-9cb5-d19bf9898c07"",""replica"":""1901484f-77af-4ab4-83ab-a08df9c439b6""}",2026-05-16T17:11:41.309029339Z
2026-05-16T17:11:41.116727Z 0 [ERROR] [MY-012888] [InnoDB] Cannot resize redo log file ./#innodb_redo/#ib_redo322_tmp to 3 MB (Failed to set size),error,"{""level"":""error""}","{""project"":""0ee5f251-6f6f-4df1-88b1-bb752a8a350b"",""environment"":""e0e44f1f-ec58-480e-94e9-09bad9cd99ba"",""service"":""df16bcd7-7927-4bbf-adf1-191ac3e92d21"",""deployment"":""9f2b543f-0b35-41bc-9cb5-d19bf9898c07"",""replica"":""1901484f-77af-4ab4-83ab-a08df9c439b6""}",2026-05-16T17:11:41.309035113Z
2026-05-16T17:11:41.101035Z 0 [Warning] [MY-012638] [InnoDB] Retry attempts for writing partial data failed.,error,"{""level"":""error""}","{""project"":""0ee5f251-6f6f-4df1-88b1-bb752a8a350b"",""environment"":""e0e44f1f-ec58-480e-94e9-09bad9cd99ba"",""service"":""df16bcd7-7927-4bbf-adf1-191ac3e92d21"",""deployment"":""9f2b543f-0b35-41bc-9cb5-d19bf9898c07"",""replica"":""1901484f-77af-4ab4-83ab-a08df9c439b6""}",2026-05-16T17:11:41.309037487Z
2026-05-16T17:11:41.132149Z 0 [Warning] [MY-012638] [InnoDB] Retry attempts for writing partial data failed.,error,"{""level"":""error""}","{""project"":""0ee5f251-6f6f-4df1-88b1-bb752a8a350b"",""environment"":""e0e44f1f-ec58-480e-94e9-09bad9cd99ba"",""service"":""df16bcd7-7927-4bbf-adf1-191ac3e92d21"",""deployment"":""9f2b543f-0b35-41bc-9cb5-d19bf9898c07"",""replica"":""1901484f-77af-4ab4-83ab-a08df9c439b6""}",2026-05-16T17:11:41.309041079Z
2026-05-16T17:11:41.132165Z 0 [ERROR] [MY-012888] [InnoDB] Cannot resize redo log file ./#innodb_redo/#ib_redo322_tmp to 3 MB (Failed to set size),error,"{""level"":""error""}","{""project"":""0ee5f251-6f6f-4df1-88b1-bb752a8a350b"",""environment"":""e0e44f1f-ec58-480e-94e9-09bad9cd99ba"",""service"":""df16bcd7-7927-4bbf-adf1-191ac3e92d21"",""deployment"":""9f2b543f-0b35-41bc-9cb5-d19bf9898c07"",""replica"":""1901484f-77af-4ab4-83ab-a08df9c439b6""}",2026-05-16T17:11:41.309045448Z
"2026-05-16T17:11:41.135392Z 0 [ERROR] [MY-012144] [InnoDB] posix_fallocate(): Failed to preallocate data for file ./railway/kpi_cache.ibd, desired size 16384 bytes. Operating system error number 28. Check that the disk is not full or a disk quota exceeded. Make sure the file system supports this function. Refer to your operating system documentation for operating system error code information.",error,"{""level"":""error""}","{""project"":""0ee5f251-6f6f-4df1-88b1-bb752a8a350b"",""environment"":""e0e44f1f-ec58-480e-94e9-09bad9cd99ba"",""service"":""df16bcd7-7927-4bbf-adf1-191ac3e92d21"",""deployment"":""9f2b543f-0b35-41bc-9cb5-d19bf9898c07"",""replica"":""1901484f-77af-4ab4-83ab-a08df9c439b6""}",2026-05-16T17:11:41.309051246Z
2026-05-16T17:11:41.135428Z 0 [Warning] [MY-012145] [InnoDB] Error while writing 16384 zeroes to ./railway/kpi_cache.ibd starting at offset 163840,error,"{""level"":""error""}","{""project"":""0ee5f251-6f6f-4df1-88b1-bb752a8a350b"",""environment"":""e0e44f1f-ec58-480e-94e9-09bad9cd99ba"",""service"":""df16bcd7-7927-4bbf-adf1-191ac3e92d21"",""deployment"":""9f2b543f-0b35-41bc-9cb5-d19bf9898c07"",""replica"":""1901484f-77af-4ab4-83ab-a08df9c439b6""}",2026-05-16T17:11:41.309054345Z
2026-05-16T17:11:41.135423Z 0 [Warning] [MY-012638] [InnoDB] Retry attempts for writing partial data failed.,error,"{""level"":""error""}","{""project"":""0ee5f251-6f6f-4df1-88b1-bb752a8a350b"",""environment"":""e0e44f1f-ec58-480e-94e9-09bad9cd99ba"",""service"":""df16bcd7-7927-4bbf-adf1-191ac3e92d21"",""deployment"":""9f2b543f-0b35-41bc-9cb5-d19bf9898c07"",""replica"":""1901484f-77af-4ab4-83ab-a08df9c439b6""}",2026-05-16T17:11:41.309057776Z
2026-05-16T17:11:41.148384Z 0 [Warning] [MY-012638] [InnoDB] Retry attempts for writing partial data failed.,error,"{""level"":""error""}","{""project"":""0ee5f251-6f6f-4df1-88b1-bb752a8a350b"",""environment"":""e0e44f1f-ec58-480e-94e9-09bad9cd99ba"",""service"":""df16bcd7-7927-4bbf-adf1-191ac3e92d21"",""deployment"":""9f2b543f-0b35-41bc-9cb5-d19bf9898c07"",""replica"":""1901484f-77af-4ab4-83ab-a08df9c439b6""}",2026-05-16T17:11:41.309862022Z
2026-05-16T17:11:41.148418Z 0 [ERROR] [MY-012888] [InnoDB] Cannot resize redo log file ./#innodb_redo/#ib_redo322_tmp to 3 MB (Failed to set size),error,"{""level"":""error""}","{""project"":""0ee5f251-6f6f-4df1-88b1-bb752a8a350b"",""environment"":""e0e44f1f-ec58-480e-94e9-09bad9cd99ba"",""service"":""df16bcd7-7927-4bbf-adf1-191ac3e92d21"",""deployment"":""9f2b543f-0b35-41bc-9cb5-d19bf9898c07"",""replica"":""1901484f-77af-4ab4-83ab-a08df9c439b6""}",2026-05-16T17:11:41.309866362Z
2026-05-16T17:11:41.163405Z 0 [Warning] [MY-012638] [InnoDB] Retry attempts for writing partial data failed.,error,"{""level"":""error""}","{""project"":""0ee5f251-6f6f-4df1-88b1-bb752a8a350b"",""environment"":""e0e44f1f-ec58-480e-94e9-09bad9cd99ba"",""service"":""df16bcd7-7927-4bbf-adf1-191ac3e92d21"",""deployment"":""9f2b543f-0b35-41bc-9cb5-d19bf9898c07"",""replica"":""1901484f-77af-4ab4-83ab-a08df9c439b6""}",2026-05-16T17:11:41.309870624Z
2026-05-16T17:11:41.163425Z 0 [ERROR] [MY-012888] [InnoDB] Cannot resize redo log file ./#innodb_redo/#ib_redo322_tmp to 3 MB (Failed to set size),error,"{""level"":""error""}","{""project"":""0ee5f251-6f6f-4df1-88b1-bb752a8a350b"",""environment"":""e0e44f1f-ec58-480e-94e9-09bad9cd99ba"",""service"":""df16bcd7-7927-4bbf-adf1-191ac3e92d21"",""deployment"":""9f2b543f-0b35-41bc-9cb5-d19bf9898c07"",""replica"":""1901484f-77af-4ab4-83ab-a08df9c439b6""}",2026-05-16T17:11:41.309874378Z
2026-05-16T17:11:41.178915Z 0 [Warning] [MY-012638] [InnoDB] Retry attempts for writing partial data failed.,error,"{""level"":""error""}","{""project"":""0ee5f251-6f6f-4df1-88b1-bb752a8a350b"",""environment"":""e0e44f1f-ec58-480e-94e9-09bad9cd99ba"",""service"":""df16bcd7-7927-4bbf-adf1-191ac3e92d21"",""deployment"":""9f2b543f-0b35-41bc-9cb5-d19bf9898c07"",""replica"":""1901484f-77af-4ab4-83ab-a08df9c439b6""}",2026-05-16T17:11:41.309878085Z
2026-05-16T17:11:41.178932Z 0 [ERROR] [MY-012888] [InnoDB] Cannot resize redo log file ./#innodb_redo/#ib_redo322_tmp to 3 MB (Failed to set size),error,"{""level"":""error""}","{""project"":""0ee5f251-6f6f-4df1-88b1-bb752a8a350b"",""environment"":""e0e44f1f-ec58-480e-94e9-09bad9cd99ba"",""service"":""df16bcd7-7927-4bbf-adf1-191ac3e92d21"",""deployment"":""9f2b543f-0b35-41bc-9cb5-d19bf9898c07"",""replica"":""1901484f-77af-4ab4-83ab-a08df9c439b6""}",2026-05-16T17:11:41.309881693Z
"2026-05-16T17:11:41.185585Z 0 [ERROR] [MY-012144] [InnoDB] posix_fallocate(): Failed to preallocate data for file ./railway/kpi_cache.ibd, desired size 16384 bytes. Operating system error number 28. Check that the disk is not full or a disk quota exceeded. Make sure the file system supports this function. Refer to your operating system documentation for operating system error code information.",error,"{""level"":""error""}","{""project"":""0ee5f251-6f6f-4df1-88b1-bb752a8a350b"",""environment"":""e0e44f1f-ec58-480e-94e9-09bad9cd99ba"",""service"":""df16bcd7-7927-4bbf-adf1-191ac3e92d21"",""deployment"":""9f2b543f-0b35-41bc-9cb5-d19bf9898c07"",""replica"":""1901484f-77af-4ab4-83ab-a08df9c439b6""}",2026-05-16T17:11:41.309885006Z
2026-05-16T17:11:41.185630Z 0 [Warning] [MY-012638] [InnoDB] Retry attempts for writing partial data failed.,error,"{""level"":""error""}","{""project"":""0ee5f251-6f6f-4df1-88b1-bb752a8a350b"",""environment"":""e0e44f1f-ec58-480e-94e9-09bad9cd99ba"",""service"":""df16bcd7-7927-4bbf-adf1-191ac3e92d21"",""deployment"":""9f2b543f-0b35-41bc-9cb5-d19bf9898c07"",""replica"":""1901484f-77af-4ab4-83ab-a08df9c439b6""}",2026-05-16T17:11:41.309889320Z
2026-05-16T17:11:41.185638Z 0 [Warning] [MY-012145] [InnoDB] Error while writing 16384 zeroes to ./railway/kpi_cache.ibd starting at offset 163840,error,"{""level"":""error""}","{""project"":""0ee5f251-6f6f-4df1-88b1-bb752a8a350b"",""environment"":""e0e44f1f-ec58-480e-94e9-09bad9cd99ba"",""service"":""df16bcd7-7927-4bbf-adf1-191ac3e92d21"",""deployment"":""9f2b543f-0b35-41bc-9cb5-d19bf9898c07"",""replica"":""1901484f-77af-4ab4-83ab-a08df9c439b6""}",2026-05-16T17:11:41.309892752Z
2026-05-16T17:11:41.196626Z 0 [Warning] [MY-012638] [InnoDB] Retry attempts for writing partial data failed.,error,"{""level"":""error""}","{""project"":""0ee5f251-6f6f-4df1-88b1-bb752a8a350b"",""environment"":""e0e44f1f-ec58-480e-94e9-09bad9cd99ba"",""service"":""df16bcd7-7927-4bbf-adf1-191ac3e92d21"",""deployment"":""9f2b543f-0b35-41bc-9cb5-d19bf9898c07"",""replica"":""1901484f-77af-4ab4-83ab-a08df9c439b6""}",2026-05-16T17:11:41.309897412Z
2026-05-16T17:11:41.196641Z 0 [ERROR] [MY-012888] [InnoDB] Cannot resize redo log file ./#innodb_redo/#ib_redo322_tmp to 3 MB (Failed to set size),error,"{""level"":""error""}","{""project"":""0ee5f251-6f6f-4df1-88b1-bb752a8a350b"",""environment"":""e0e44f1f-ec58-480e-94e9-09bad9cd99ba"",""service"":""df16bcd7-7927-4bbf-adf1-191ac3e92d21"",""deployment"":""9f2b543f-0b35-41bc-9cb5-d19bf9898c07"",""replica"":""1901484f-77af-4ab4-83ab-a08df9c439b6""}",2026-05-16T17:11:41.309901681Z
2026-05-16T17:11:41.211727Z 0 [Warning] [MY-012638] [InnoDB] Retry attempts for writing partial data failed.,error,"{""level"":""error""}","{""project"":""0ee5f251-6f6f-4df1-88b1-bb752a8a350b"",""environment"":""e0e44f1f-ec58-480e-94e9-09bad9cd99ba"",""service"":""df16bcd7-7927-4bbf-adf1-191ac3e92d21"",""deployment"":""9f2b543f-0b35-41bc-9cb5-d19bf9898c07"",""replica"":""1901484f-77af-4ab4-83ab-a08df9c439b6""}",2026-05-16T17:11:41.311172109Z
2026-05-16T17:11:41.211743Z 0 [ERROR] [MY-012888] [InnoDB] Cannot resize redo log file ./#innodb_redo/#ib_redo322_tmp to 3 MB (Failed to set size),error,"{""level"":""error""}","{""project"":""0ee5f251-6f6f-4df1-88b1-bb752a8a350b"",""environment"":""e0e44f1f-ec58-480e-94e9-09bad9cd99ba"",""service"":""df16bcd7-7927-4bbf-adf1-191ac3e92d21"",""deployment"":""9f2b543f-0b35-41bc-9cb5-d19bf9898c07"",""replica"":""1901484f-77af-4ab4-83ab-a08df9c439b6""}",2026-05-16T17:11:41.311177494Z
2026-05-16T17:11:41.227494Z 0 [Warning] [MY-012638] [InnoDB] Retry attempts for writing partial data failed.,error,"{""level"":""error""}","{""project"":""0ee5f251-6f6f-4df1-88b1-bb752a8a350b"",""environment"":""e0e44f1f-ec58-480e-94e9-09bad9cd99ba"",""service"":""df16bcd7-7927-4bbf-adf1-191ac3e92d21"",""deployment"":""9f2b543f-0b35-41bc-9cb5-d19bf9898c07"",""replica"":""1901484f-77af-4ab4-83ab-a08df9c439b6""}",2026-05-16T17:11:41.311181163Z
2026-05-16T17:11:41.227509Z 0 [ERROR] [MY-012888] [InnoDB] Cannot resize redo log file ./#innodb_redo/#ib_redo322_tmp to 3 MB (Failed to set size),error,"{""level"":""error""}","{""project"":""0ee5f251-6f6f-4df1-88b1-bb752a8a350b"",""environment"":""e0e44f1f-ec58-480e-94e9-09bad9cd99ba"",""service"":""df16bcd7-7927-4bbf-adf1-191ac3e92d21"",""deployment"":""9f2b543f-0b35-41bc-9cb5-d19bf9898c07"",""replica"":""1901484f-77af-4ab4-83ab-a08df9c439b6""}",2026-05-16T17:11:41.311185088Z
"2026-05-16T17:11:41.235806Z 0 [ERROR] [MY-012144] [InnoDB] posix_fallocate(): Failed to preallocate data for file ./railway/kpi_cache.ibd, desired size 16384 bytes. Operating system error number 28. Check that the disk is not full or a disk quota exceeded. Make sure the file system supports this function. Refer to your operating system documentation for operating system error code information.",error,"{""level"":""error""}","{""project"":""0ee5f251-6f6f-4df1-88b1-bb752a8a350b"",""environment"":""e0e44f1f-ec58-480e-94e9-09bad9cd99ba"",""service"":""df16bcd7-7927-4bbf-adf1-191ac3e92d21"",""deployment"":""9f2b543f-0b35-41bc-9cb5-d19bf9898c07"",""replica"":""1901484f-77af-4ab4-83ab-a08df9c439b6""}",2026-05-16T17:11:41.311189263Z
2026-05-16T17:11:41.235838Z 0 [Warning] [MY-012638] [InnoDB] Retry attempts for writing partial data failed.,error,"{""level"":""error""}","{""project"":""0ee5f251-6f6f-4df1-88b1-bb752a8a350b"",""environment"":""e0e44f1f-ec58-480e-94e9-09bad9cd99ba"",""service"":""df16bcd7-7927-4bbf-adf1-191ac3e92d21"",""deployment"":""9f2b543f-0b35-41bc-9cb5-d19bf9898c07"",""replica"":""1901484f-77af-4ab4-83ab-a08df9c439b6""}",2026-05-16T17:11:41.311193339Z
2026-05-16T17:11:41.235844Z 0 [Warning] [MY-012145] [InnoDB] Error while writing 16384 zeroes to ./railway/kpi_cache.ibd starting at offset 163840,error,"{""level"":""error""}","{""project"":""0ee5f251-6f6f-4df1-88b1-bb752a8a350b"",""environment"":""e0e44f1f-ec58-480e-94e9-09bad9cd99ba"",""service"":""df16bcd7-7927-4bbf-adf1-191ac3e92d21"",""deployment"":""9f2b543f-0b35-41bc-9cb5-d19bf9898c07"",""replica"":""1901484f-77af-4ab4-83ab-a08df9c439b6""}",2026-05-16T17:11:41.311197742Z
2026-05-16T17:11:41.243174Z 0 [Warning] [MY-012638] [InnoDB] Retry attempts for writing partial data failed.,error,"{""level"":""error""}","{""project"":""0ee5f251-6f6f-4df1-88b1-bb752a8a350b"",""environment"":""e0e44f1f-ec58-480e-94e9-09bad9cd99ba"",""service"":""df16bcd7-7927-4bbf-adf1-191ac3e92d21"",""deployment"":""9f2b543f-0b35-41bc-9cb5-d19bf9898c07"",""replica"":""1901484f-77af-4ab4-83ab-a08df9c439b6""}",2026-05-16T17:11:41.311201546Z
2026-05-16T17:11:41.243189Z 0 [ERROR] [MY-012888] [InnoDB] Cannot resize redo log file ./#innodb_redo/#ib_redo322_tmp to 3 MB (Failed to set size),error,"{""level"":""error""}","{""project"":""0ee5f251-6f6f-4df1-88b1-bb752a8a350b"",""environment"":""e0e44f1f-ec58-480e-94e9-09bad9cd99ba"",""service"":""df16bcd7-7927-4bbf-adf1-191ac3e92d21"",""deployment"":""9f2b543f-0b35-41bc-9cb5-d19bf9898c07"",""replica"":""1901484f-77af-4ab4-83ab-a08df9c439b6""}",2026-05-16T17:11:41.311205270Z
2026-05-16T17:11:41.258775Z 0 [Warning] [MY-012638] [InnoDB] Retry attempts for writing partial data failed.,error,"{""level"":""error""}","{""project"":""0ee5f251-6f6f-4df1-88b1-bb752a8a350b"",""environment"":""e0e44f1f-ec58-480e-94e9-09bad9cd99ba"",""service"":""df16bcd7-7927-4bbf-adf1-191ac3e92d21"",""deployment"":""9f2b543f-0b35-41bc-9cb5-d19bf9898c07"",""replica"":""1901484f-77af-4ab4-83ab-a08df9c439b6""}",2026-05-16T17:11:41.311209647Z
2026-05-16T17:11:41.258794Z 0 [ERROR] [MY-012888] [InnoDB] Cannot resize redo log file ./#innodb_redo/#ib_redo322_tmp to 3 MB (Failed to set size),error,"{""level"":""error""}","{""project"":""0ee5f251-6f6f-4df1-88b1-bb752a8a350b"",""environment"":""e0e44f1f-ec58-480e-94e9-09bad9cd99ba"",""service"":""df16bcd7-7927-4bbf-adf1-191ac3e92d21"",""deployment"":""9f2b543f-0b35-41bc-9cb5-d19bf9898c07"",""replica"":""1901484f-77af-4ab4-83ab-a08df9c439b6""}",2026-05-16T17:11:41.311212970Z
2026-05-16T17:11:41.273695Z 0 [Warning] [MY-012638] [InnoDB] Retry attempts for writing partial data failed.,error,"{""level"":""error""}","{""project"":""0ee5f251-6f6f-4df1-88b1-bb752a8a350b"",""environment"":""e0e44f1f-ec58-480e-94e9-09bad9cd99ba"",""service"":""df16bcd7-7927-4bbf-adf1-191ac3e92d21"",""deployment"":""9f2b543f-0b35-41bc-9cb5-d19bf9898c07"",""replica"":""1901484f-77af-4ab4-83ab-a08df9c439b6""}",2026-05-16T17:11:41.312672310Z
2026-05-16T17:11:41.273712Z 0 [ERROR] [MY-012888] [InnoDB] Cannot resize redo log file ./#innodb_redo/#ib_redo322_tmp to 3 MB (Failed to set size),error,"{""level"":""error""}","{""project"":""0ee5f251-6f6f-4df1-88b1-bb752a8a350b"",""environment"":""e0e44f1f-ec58-480e-94e9-09bad9cd99ba"",""service"":""df16bcd7-7927-4bbf-adf1-191ac3e92d21"",""deployment"":""9f2b543f-0b35-41bc-9cb5-d19bf9898c07"",""replica"":""1901484f-77af-4ab4-83ab-a08df9c439b6""}",2026-05-16T17:11:41.312676098Z
"2026-05-16T17:11:41.286014Z 0 [ERROR] [MY-012144] [InnoDB] posix_fallocate(): Failed to preallocate data for file ./railway/kpi_cache.ibd, desired size 16384 bytes. Operating system error number 28. Check that the disk is not full or a disk quota exceeded. Make sure the file system supports this function. Refer to your operating system documentation for operating system error code information.",error,"{""level"":""error""}","{""project"":""0ee5f251-6f6f-4df1-88b1-bb752a8a350b"",""environment"":""e0e44f1f-ec58-480e-94e9-09bad9cd99ba"",""service"":""df16bcd7-7927-4bbf-adf1-191ac3e92d21"",""deployment"":""9f2b543f-0b35-41bc-9cb5-d19bf9898c07"",""replica"":""1901484f-77af-4ab4-83ab-a08df9c439b6""}",2026-05-16T17:11:41.312679739Z
2026-05-16T17:11:41.286045Z 0 [Warning] [MY-012638] [InnoDB] Retry attempts for writing partial data failed.,error,"{""level"":""error""}","{""project"":""0ee5f251-6f6f-4df1-88b1-bb752a8a350b"",""environment"":""e0e44f1f-ec58-480e-94e9-09bad9cd99ba"",""service"":""df16bcd7-7927-4bbf-adf1-191ac3e92d21"",""deployment"":""9f2b543f-0b35-41bc-9cb5-d19bf9898c07"",""replica"":""1901484f-77af-4ab4-83ab-a08df9c439b6""}",2026-05-16T17:11:41.312683287Z
2026-05-16T17:11:41.286051Z 0 [Warning] [MY-012145] [InnoDB] Error while writing 16384 zeroes to ./railway/kpi_cache.ibd starting at offset 163840,error,"{""level"":""error""}","{""project"":""0ee5f251-6f6f-4df1-88b1-bb752a8a350b"",""environment"":""e0e44f1f-ec58-480e-94e9-09bad9cd99ba"",""service"":""df16bcd7-7927-4bbf-adf1-191ac3e92d21"",""deployment"":""9f2b543f-0b35-41bc-9cb5-d19bf9898c07"",""replica"":""1901484f-77af-4ab4-83ab-a08df9c439b6""}",2026-05-16T17:11:41.312687446Z
2026-05-16T17:11:41.290426Z 0 [Warning] [MY-012638] [InnoDB] Retry attempts for writing partial data failed.,error,"{""level"":""error""}","{""project"":""0ee5f251-6f6f-4df1-88b1-bb752a8a350b"",""environment"":""e0e44f1f-ec58-480e-94e9-09bad9cd99ba"",""service"":""df16bcd7-7927-4bbf-adf1-191ac3e92d21"",""deployment"":""9f2b543f-0b35-41bc-9cb5-d19bf9898c07"",""replica"":""1901484f-77af-4ab4-83ab-a08df9c439b6""}",2026-05-16T17:11:41.312690902Z
2026-05-16T17:11:41.290446Z 0 [ERROR] [MY-012888] [InnoDB] Cannot resize redo log file ./#innodb_redo/#ib_redo322_tmp to 3 MB (Failed to set size),error,"{""level"":""error""}","{""project"":""0ee5f251-6f6f-4df1-88b1-bb752a8a350b"",""environment"":""e0e44f1f-ec58-480e-94e9-09bad9cd99ba"",""service"":""df16bcd7-7927-4bbf-adf1-191ac3e92d21"",""deployment"":""9f2b543f-0b35-41bc-9cb5-d19bf9898c07"",""replica"":""1901484f-77af-4ab4-83ab-a08df9c439b6""}",2026-05-16T17:11:41.312694181Z
2026-05-16T17:11:41.306010Z 0 [Warning] [MY-012638] [InnoDB] Retry attempts for writing partial data failed.,error,"{""level"":""error""}","{""project"":""0ee5f251-6f6f-4df1-88b1-bb752a8a350b"",""environment"":""e0e44f1f-ec58-480e-94e9-09bad9cd99ba"",""service"":""df16bcd7-7927-4bbf-adf1-191ac3e92d21"",""deployment"":""9f2b543f-0b35-41bc-9cb5-d19bf9898c07"",""replica"":""1901484f-77af-4ab4-83ab-a08df9c439b6""}",2026-05-16T17:11:41.312697323Z
2026-05-16T17:11:41.306028Z 0 [ERROR] [MY-012888] [InnoDB] Cannot resize redo log file ./#innodb_redo/#ib_redo322_tmp to 3 MB (Failed to set size),error,"{""level"":""error""}","{""project"":""0ee5f251-6f6f-4df1-88b1-bb752a8a350b"",""environment"":""e0e44f1f-ec58-480e-94e9-09bad9cd99ba"",""service"":""df16bcd7-7927-4bbf-adf1-191ac3e92d21"",""deployment"":""9f2b543f-0b35-41bc-9cb5-d19bf9898c07"",""replica"":""1901484f-77af-4ab4-83ab-a08df9c439b6""}",2026-05-16T17:11:41.312700453Z
2026-05-16T17:11:41.322515Z 0 [Warning] [MY-012638] [InnoDB] Retry attempts for writing partial data failed.,error,"{""level"":""error""}","{""project"":""0ee5f251-6f6f-4df1-88b1-bb752a8a350b"",""environment"":""e0e44f1f-ec58-480e-94e9-09bad9cd99ba"",""service"":""df16bcd7-7927-4bbf-adf1-191ac3e92d21"",""deployment"":""9f2b543f-0b35-41bc-9cb5-d19bf9898c07"",""replica"":""1901484f-77af-4ab4-83ab-a08df9c439b6""}",2026-05-16T17:11:41.323707304Z
2026-05-16T17:11:41.322532Z 0 [ERROR] [MY-012888] [InnoDB] Cannot resize redo log file ./#innodb_redo/#ib_redo322_tmp to 3 MB (Failed to set size),error,"{""level"":""error""}","{""project"":""0ee5f251-6f6f-4df1-88b1-bb752a8a350b"",""environment"":""e0e44f1f-ec58-480e-94e9-09bad9cd99ba"",""service"":""df16bcd7-7927-4bbf-adf1-191ac3e92d21"",""deployment"":""9f2b543f-0b35-41bc-9cb5-d19bf9898c07"",""replica"":""1901484f-77af-4ab4-83ab-a08df9c439b6""}",2026-05-16T17:11:41.323712287Z
"2026-05-16T17:11:41.336217Z 0 [ERROR] [MY-012144] [InnoDB] posix_fallocate(): Failed to preallocate data for file ./railway/kpi_cache.ibd, desired size 16384 bytes. Operating system error number 28. Check that the disk is not full or a disk quota exceeded. Make sure the file system supports this function. Refer to your operating system documentation for operating system error code information.",error,"{""level"":""error""}","{""project"":""0ee5f251-6f6f-4df1-88b1-bb752a8a350b"",""environment"":""e0e44f1f-ec58-480e-94e9-09bad9cd99ba"",""service"":""df16bcd7-7927-4bbf-adf1-191ac3e92d21"",""deployment"":""9f2b543f-0b35-41bc-9cb5-d19bf9898c07"",""replica"":""1901484f-77af-4ab4-83ab-a08df9c439b6""}",2026-05-16T17:11:41.336974673Z
2026-05-16T17:11:41.336254Z 0 [Warning] [MY-012638] [InnoDB] Retry attempts for writing partial data failed.,error,"{""level"":""error""}","{""project"":""0ee5f251-6f6f-4df1-88b1-bb752a8a350b"",""environment"":""e0e44f1f-ec58-480e-94e9-09bad9cd99ba"",""service"":""df16bcd7-7927-4bbf-adf1-191ac3e92d21"",""deployment"":""9f2b543f-0b35-41bc-9cb5-d19bf9898c07"",""replica"":""1901484f-77af-4ab4-83ab-a08df9c439b6""}",2026-05-16T17:11:41.336980382Z
2026-05-16T17:11:41.336260Z 0 [Warning] [MY-012145] [InnoDB] Error while writing 16384 zeroes to ./railway/kpi_cache.ibd starting at offset 163840,error,"{""level"":""error""}","{""project"":""0ee5f251-6f6f-4df1-88b1-bb752a8a350b"",""environment"":""e0e44f1f-ec58-480e-94e9-09bad9cd99ba"",""service"":""df16bcd7-7927-4bbf-adf1-191ac3e92d21"",""deployment"":""9f2b543f-0b35-41bc-9cb5-d19bf9898c07"",""replica"":""1901484f-77af-4ab4-83ab-a08df9c439b6""}",2026-05-16T17:11:41.336984791Z
2026-05-16T17:11:41.338121Z 0 [Warning] [MY-012638] [InnoDB] Retry attempts for writing partial data failed.,error,"{""level"":""error""}","{""project"":""0ee5f251-6f6f-4df1-88b1-bb752a8a350b"",""environment"":""e0e44f1f-ec58-480e-94e9-09bad9cd99ba"",""service"":""df16bcd7-7927-4bbf-adf1-191ac3e92d21"",""deployment"":""9f2b543f-0b35-41bc-9cb5-d19bf9898c07"",""replica"":""1901484f-77af-4ab4-83ab-a08df9c439b6""}",2026-05-16T17:11:41.339468488Z
2026-05-16T17:11:41.338136Z 0 [ERROR] [MY-012888] [InnoDB] Cannot resize redo log file ./#innodb_redo/#ib_redo322_tmp to 3 MB (Failed to set size),error,"{""level"":""error""}","{""project"":""0ee5f251-6f6f-4df1-88b1-bb752a8a350b"",""environment"":""e0e44f1f-ec58-480e-94e9-09bad9cd99ba"",""service"":""df16bcd7-7927-4bbf-adf1-191ac3e92d21"",""deployment"":""9f2b543f-0b35-41bc-9cb5-d19bf9898c07"",""replica"":""1901484f-77af-4ab4-83ab-a08df9c439b6""}",2026-05-16T17:11:41.339474423Z
2026-05-16T17:11:41.353259Z 0 [Warning] [MY-012638] [InnoDB] Retry attempts for writing partial data failed.,error,"{""level"":""error""}","{""project"":""0ee5f251-6f6f-4df1-88b1-bb752a8a350b"",""environment"":""e0e44f1f-ec58-480e-94e9-09bad9cd99ba"",""service"":""df16bcd7-7927-4bbf-adf1-191ac3e92d21"",""deployment"":""9f2b543f-0b35-41bc-9cb5-d19bf9898c07"",""replica"":""1901484f-77af-4ab4-83ab-a08df9c439b6""}",2026-05-16T17:11:41.357747532Z
2026-05-16T17:11:41.353275Z 0 [ERROR] [MY-012888] [InnoDB] Cannot resize redo log file ./#innodb_redo/#ib_redo322_tmp to 3 MB (Failed to set size),error,"{""level"":""error""}","{""project"":""0ee5f251-6f6f-4df1-88b1-bb752a8a350b"",""environment"":""e0e44f1f-ec58-480e-94e9-09bad9cd99ba"",""service"":""df16bcd7-7927-4bbf-adf1-191ac3e92d21"",""deployment"":""9f2b543f-0b35-41bc-9cb5-d19bf9898c07"",""replica"":""1901484f-77af-4ab4-83ab-a08df9c439b6""}",2026-05-16T17:11:41.357754860Z
2026-05-16T17:11:41.369136Z 0 [Warning] [MY-012638] [InnoDB] Retry attempts for writing partial data failed.,error,"{""level"":""error""}","{""project"":""0ee5f251-6f6f-4df1-88b1-bb752a8a350b"",""environment"":""e0e44f1f-ec58-480e-94e9-09bad9cd99ba"",""service"":""df16bcd7-7927-4bbf-adf1-191ac3e92d21"",""deployment"":""9f2b543f-0b35-41bc-9cb5-d19bf9898c07"",""replica"":""1901484f-77af-4ab4-83ab-a08df9c439b6""}",2026-05-16T17:11:41.369990605Z
2026-05-16T17:11:41.369152Z 0 [ERROR] [MY-012888] [InnoDB] Cannot resize redo log file ./#innodb_redo/#ib_redo322_tmp to 3 MB (Failed to set size),error,"{""level"":""error""}","{""project"":""0ee5f251-6f6f-4df1-88b1-bb752a8a350b"",""environment"":""e0e44f1f-ec58-480e-94e9-09bad9cd99ba"",""service"":""df16bcd7-7927-4bbf-adf1-191ac3e92d21"",""deployment"":""9f2b543f-0b35-41bc-9cb5-d19bf9898c07"",""replica"":""1901484f-77af-4ab4-83ab-a08df9c439b6""}",2026-05-16T17:11:41.369995665Z
2026-05-16T17:11:41.384811Z 0 [Warning] [MY-012638] [InnoDB] Retry attempts for writing partial data failed.,error,"{""level"":""error""}","{""project"":""0ee5f251-6f6f-4df1-88b1-bb752a8a350b"",""environment"":""e0e44f1f-ec58-480e-94e9-09bad9cd99ba"",""service"":""df16bcd7-7927-4bbf-adf1-191ac3e92d21"",""deployment"":""9f2b543f-0b35-41bc-9cb5-d19bf9898c07"",""replica"":""1901484f-77af-4ab4-83ab-a08df9c439b6""}",2026-05-16T17:11:41.393310465Z
2026-05-16T17:11:41.384831Z 0 [ERROR] [MY-012888] [InnoDB] Cannot resize redo log file ./#innodb_redo/#ib_redo322_tmp to 3 MB (Failed to set size),error,"{""level"":""error""}","{""project"":""0ee5f251-6f6f-4df1-88b1-bb752a8a350b"",""environment"":""e0e44f1f-ec58-480e-94e9-09bad9cd99ba"",""service"":""df16bcd7-7927-4bbf-adf1-191ac3e92d21"",""deployment"":""9f2b543f-0b35-41bc-9cb5-d19bf9898c07"",""replica"":""1901484f-77af-4ab4-83ab-a08df9c439b6""}",2026-05-16T17:11:41.393315517Z
"2026-05-16T17:11:41.386872Z 0 [ERROR] [MY-012144] [InnoDB] posix_fallocate(): Failed to preallocate data for file ./railway/kpi_cache.ibd, desired size 16384 bytes. Operating system error number 28. Check that the disk is not full or a disk quota exceeded. Make sure the file system supports this function. Refer to your operating system documentation for operating system error code information.",error,"{""level"":""error""}","{""project"":""0ee5f251-6f6f-4df1-88b1-bb752a8a350b"",""environment"":""e0e44f1f-ec58-480e-94e9-09bad9cd99ba"",""service"":""df16bcd7-7927-4bbf-adf1-191ac3e92d21"",""deployment"":""9f2b543f-0b35-41bc-9cb5-d19bf9898c07"",""replica"":""1901484f-77af-4ab4-83ab-a08df9c439b6""}",2026-05-16T17:11:41.393318953Z
2026-05-16T17:11:41.386906Z 0 [Warning] [MY-012638] [InnoDB] Retry attempts for writing partial data failed.,error,"{""level"":""error""}","{""project"":""0ee5f251-6f6f-4df1-88b1-bb752a8a350b"",""environment"":""e0e44f1f-ec58-480e-94e9-09bad9cd99ba"",""service"":""df16bcd7-7927-4bbf-adf1-191ac3e92d21"",""deployment"":""9f2b543f-0b35-41bc-9cb5-d19bf9898c07"",""replica"":""1901484f-77af-4ab4-83ab-a08df9c439b6""}",2026-05-16T17:11:41.393321745Z
2026-05-16T17:11:41.386914Z 0 [Warning] [MY-012145] [InnoDB] Error while writing 16384 zeroes to ./railway/kpi_cache.ibd starting at offset 163840,error,"{""level"":""error""}","{""project"":""0ee5f251-6f6f-4df1-88b1-bb752a8a350b"",""environment"":""e0e44f1f-ec58-480e-94e9-09bad9cd99ba"",""service"":""df16bcd7-7927-4bbf-adf1-191ac3e92d21"",""deployment"":""9f2b543f-0b35-41bc-9cb5-d19bf9898c07"",""replica"":""1901484f-77af-4ab4-83ab-a08df9c439b6""}",2026-05-16T17:11:41.393324509Z
2026-05-16T17:11:41.400707Z 0 [Warning] [MY-012638] [InnoDB] Retry attempts for writing partial data failed.,error,"{""level"":""error""}","{""project"":""0ee5f251-6f6f-4df1-88b1-bb752a8a350b"",""environment"":""e0e44f1f-ec58-480e-94e9-09bad9cd99ba"",""service"":""df16bcd7-7927-4bbf-adf1-191ac3e92d21"",""deployment"":""9f2b543f-0b35-41bc-9cb5-d19bf9898c07"",""replica"":""1901484f-77af-4ab4-83ab-a08df9c439b6""}",2026-05-16T17:11:41.404730188Z
2026-05-16T17:11:41.400723Z 0 [ERROR] [MY-012888] [InnoDB] Cannot resize redo log file ./#innodb_redo/#ib_redo322_tmp to 3 MB (Failed to set size),error,"{""level"":""error""}","{""project"":""0ee5f251-6f6f-4df1-88b1-bb752a8a350b"",""environment"":""e0e44f1f-ec58-480e-94e9-09bad9cd99ba"",""service"":""df16bcd7-7927-4bbf-adf1-191ac3e92d21"",""deployment"":""9f2b543f-0b35-41bc-9cb5-d19bf9898c07"",""replica"":""1901484f-77af-4ab4-83ab-a08df9c439b6""}",2026-05-16T17:11:41.404734767Z
2026-05-16T17:11:41.416585Z 0 [Warning] [MY-012638] [InnoDB] Retry attempts for writing partial data failed.,error,"{""level"":""error""}","{""project"":""0ee5f251-6f6f-4df1-88b1-bb752a8a350b"",""environment"":""e0e44f1f-ec58-480e-94e9-09bad9cd99ba"",""service"":""df16bcd7-7927-4bbf-adf1-191ac3e92d21"",""deployment"":""9f2b543f-0b35-41bc-9cb5-d19bf9898c07"",""replica"":""1901484f-77af-4ab4-83ab-a08df9c439b6""}",2026-05-16T17:11:41.417724030Z
2026-05-16T17:11:41.416600Z 0 [ERROR] [MY-012888] [InnoDB] Cannot resize redo log file ./#innodb_redo/#ib_redo322_tmp to 3 MB (Failed to set size),error,"{""level"":""error""}","{""project"":""0ee5f251-6f6f-4df1-88b1-bb752a8a350b"",""environment"":""e0e44f1f-ec58-480e-94e9-09bad9cd99ba"",""service"":""df16bcd7-7927-4bbf-adf1-191ac3e92d21"",""deployment"":""9f2b543f-0b35-41bc-9cb5-d19bf9898c07"",""replica"":""1901484f-77af-4ab4-83ab-a08df9c439b6""}",2026-05-16T17:11:41.417730288Z
"2026-05-16T17:11:41.437201Z 0 [ERROR] [MY-012144] [InnoDB] posix_fallocate(): Failed to preallocate data for file ./railway/kpi_cache.ibd, desired size 16384 bytes. Operating system error number 28. Check that the disk is not full or a disk quota exceeded. Make sure the file system supports this function. Refer to your operating system documentation for operating system error code information.",error,"{""level"":""error""}","{""project"":""0ee5f251-6f6f-4df1-88b1-bb752a8a350b"",""environment"":""e0e44f1f-ec58-480e-94e9-09bad9cd99ba"",""service"":""df16bcd7-7927-4bbf-adf1-191ac3e92d21"",""deployment"":""9f2b543f-0b35-41bc-9cb5-d19bf9898c07"",""replica"":""1901484f-77af-4ab4-83ab-a08df9c439b6""}",2026-05-16T17:11:41.443088585Z
2026-05-16T17:11:41.437238Z 0 [Warning] [MY-012638] [InnoDB] Retry attempts for writing partial data failed.,error,"{""level"":""error""}","{""project"":""0ee5f251-6f6f-4df1-88b1-bb752a8a350b"",""environment"":""e0e44f1f-ec58-480e-94e9-09bad9cd99ba"",""service"":""df16bcd7-7927-4bbf-adf1-191ac3e92d21"",""deployment"":""9f2b543f-0b35-41bc-9cb5-d19bf9898c07"",""replica"":""1901484f-77af-4ab4-83ab-a08df9c439b6""}",2026-05-16T17:11:41.443095458Z
2026-05-16T17:11:41.437243Z 0 [Warning] [MY-012145] [InnoDB] Error while writing 16384 zeroes to ./railway/kpi_cache.ibd starting at offset 163840,error,"{""level"":""error""}","{""project"":""0ee5f251-6f6f-4df1-88b1-bb752a8a350b"",""environment"":""e0e44f1f-ec58-480e-94e9-09bad9cd99ba"",""service"":""df16bcd7-7927-4bbf-adf1-191ac3e92d21"",""deployment"":""9f2b543f-0b35-41bc-9cb5-d19bf9898c07"",""replica"":""1901484f-77af-4ab4-83ab-a08df9c439b6""}",2026-05-16T17:11:41.443099903Z
2026-05-16T17:11:41.438490Z 0 [Warning] [MY-012638] [InnoDB] Retry attempts for writing partial data failed.,error,"{""level"":""error""}","{""project"":""0ee5f251-6f6f-4df1-88b1-bb752a8a350b"",""environment"":""e0e44f1f-ec58-480e-94e9-09bad9cd99ba"",""service"":""df16bcd7-7927-4bbf-adf1-191ac3e92d21"",""deployment"":""9f2b543f-0b35-41bc-9cb5-d19bf9898c07"",""replica"":""1901484f-77af-4ab4-83ab-a08df9c439b6""}",2026-05-16T17:11:41.443103938Z
2026-05-16T17:11:41.438508Z 0 [ERROR] [MY-012888] [InnoDB] Cannot resize redo log file ./#innodb_redo/#ib_redo322_tmp to 3 MB (Failed to set size),error,"{""level"":""error""}","{""project"":""0ee5f251-6f6f-4df1-88b1-bb752a8a350b"",""environment"":""e0e44f1f-ec58-480e-94e9-09bad9cd99ba"",""service"":""df16bcd7-7927-4bbf-adf1-191ac3e92d21"",""deployment"":""9f2b543f-0b35-41bc-9cb5-d19bf9898c07"",""replica"":""1901484f-77af-4ab4-83ab-a08df9c439b6""}",2026-05-16T17:11:41.443108966Z
2026-05-16T17:11:41.453357Z 0 [Warning] [MY-012638] [InnoDB] Retry attempts for writing partial data failed.,error,"{""level"":""error""}","{""project"":""0ee5f251-6f6f-4df1-88b1-bb752a8a350b"",""environment"":""e0e44f1f-ec58-480e-94e9-09bad9cd99ba"",""service"":""df16bcd7-7927-4bbf-adf1-191ac3e92d21"",""deployment"":""9f2b543f-0b35-41bc-9cb5-d19bf9898c07"",""replica"":""1901484f-77af-4ab4-83ab-a08df9c439b6""}",2026-05-16T17:11:41.454890502Z
2026-05-16T17:11:41.453375Z 0 [ERROR] [MY-012888] [InnoDB] Cannot resize redo log file ./#innodb_redo/#ib_redo322_tmp to 3 MB (Failed to set size),error,"{""level"":""error""}","{""project"":""0ee5f251-6f6f-4df1-88b1-bb752a8a350b"",""environment"":""e0e44f1f-ec58-480e-94e9-09bad9cd99ba"",""service"":""df16bcd7-7927-4bbf-adf1-191ac3e92d21"",""deployment"":""9f2b543f-0b35-41bc-9cb5-d19bf9898c07"",""replica"":""1901484f-77af-4ab4-83ab-a08df9c439b6""}",2026-05-16T17:11:41.454895127Z
2026-05-16T17:11:41.468867Z 0 [Warning] [MY-012638] [InnoDB] Retry attempts for writing partial data failed.,error,"{""level"":""error""}","{""project"":""0ee5f251-6f6f-4df1-88b1-bb752a8a350b"",""environment"":""e0e44f1f-ec58-480e-94e9-09bad9cd99ba"",""service"":""df16bcd7-7927-4bbf-adf1-191ac3e92d21"",""deployment"":""9f2b543f-0b35-41bc-9cb5-d19bf9898c07"",""replica"":""1901484f-77af-4ab4-83ab-a08df9c439b6""}",2026-05-16T17:11:41.469545654Z
2026-05-16T17:11:41.468888Z 0 [ERROR] [MY-012888] [InnoDB] Cannot resize redo log file ./#innodb_redo/#ib_redo322_tmp to 3 MB (Failed to set size),error,"{""level"":""error""}","{""project"":""0ee5f251-6f6f-4df1-88b1-bb752a8a350b"",""environment"":""e0e44f1f-ec58-480e-94e9-09bad9cd99ba"",""service"":""df16bcd7-7927-4bbf-adf1-191ac3e92d21"",""deployment"":""9f2b543f-0b35-41bc-9cb5-d19bf9898c07"",""replica"":""1901484f-77af-4ab4-83ab-a08df9c439b6""}",2026-05-16T17:11:41.469550995Z
2026-05-16T17:11:41.487099Z 0 [Warning] [MY-012638] [InnoDB] Retry attempts for writing partial data failed.,error,"{""level"":""error""}","{""project"":""0ee5f251-6f6f-4df1-88b1-bb752a8a350b"",""environment"":""e0e44f1f-ec58-480e-94e9-09bad9cd99ba"",""service"":""df16bcd7-7927-4bbf-adf1-191ac3e92d21"",""deployment"":""9f2b543f-0b35-41bc-9cb5-d19bf9898c07"",""replica"":""1901484f-77af-4ab4-83ab-a08df9c439b6""}",2026-05-16T17:11:41.488453114Z
2026-05-16T17:11:41.487115Z 0 [ERROR] [MY-012888] [InnoDB] Cannot resize redo log file ./#innodb_redo/#ib_redo322_tmp to 3 MB (Failed to set size),error,"{""level"":""error""}","{""project"":""0ee5f251-6f6f-4df1-88b1-bb752a8a350b"",""environment"":""e0e44f1f-ec58-480e-94e9-09bad9cd99ba"",""service"":""df16bcd7-7927-4bbf-adf1-191ac3e92d21"",""deployment"":""9f2b543f-0b35-41bc-9cb5-d19bf9898c07"",""replica"":""1901484f-77af-4ab4-83ab-a08df9c439b6""}",2026-05-16T17:11:41.488458145Z
"2026-05-16T17:11:41.487423Z 0 [ERROR] [MY-012144] [InnoDB] posix_fallocate(): Failed to preallocate data for file ./railway/kpi_cache.ibd, desired size 16384 bytes. Operating system error number 28. Check that the disk is not full or a disk quota exceeded. Make sure the file system supports this function. Refer to your operating system documentation for operating system error code information.",error,"{""level"":""error""}","{""project"":""0ee5f251-6f6f-4df1-88b1-bb752a8a350b"",""environment"":""e0e44f1f-ec58-480e-94e9-09bad9cd99ba"",""service"":""df16bcd7-7927-4bbf-adf1-191ac3e92d21"",""deployment"":""9f2b543f-0b35-41bc-9cb5-d19bf9898c07"",""replica"":""1901484f-77af-4ab4-83ab-a08df9c439b6""}",2026-05-16T17:11:41.488461441Z
2026-05-16T17:11:41.487458Z 0 [Warning] [MY-012638] [InnoDB] Retry attempts for writing partial data failed.,error,"{""level"":""error""}","{""project"":""0ee5f251-6f6f-4df1-88b1-bb752a8a350b"",""environment"":""e0e44f1f-ec58-480e-94e9-09bad9cd99ba"",""service"":""df16bcd7-7927-4bbf-adf1-191ac3e92d21"",""deployment"":""9f2b543f-0b35-41bc-9cb5-d19bf9898c07"",""replica"":""1901484f-77af-4ab4-83ab-a08df9c439b6""}",2026-05-16T17:11:41.488464445Z
2026-05-16T17:11:41.487464Z 0 [Warning] [MY-012145] [InnoDB] Error while writing 16384 zeroes to ./railway/kpi_cache.ibd starting at offset 163840,error,"{""level"":""error""}","{""project"":""0ee5f251-6f6f-4df1-88b1-bb752a8a350b"",""environment"":""e0e44f1f-ec58-480e-94e9-09bad9cd99ba"",""service"":""df16bcd7-7927-4bbf-adf1-191ac3e92d21"",""deployment"":""9f2b543f-0b35-41bc-9cb5-d19bf9898c07"",""replica"":""1901484f-77af-4ab4-83ab-a08df9c439b6""}",2026-05-16T17:11:41.488467360Z
2026-05-16T17:11:41.504671Z 0 [Warning] [MY-012638] [InnoDB] Retry attempts for writing partial data failed.,error,"{""level"":""error""}","{""project"":""0ee5f251-6f6f-4df1-88b1-bb752a8a350b"",""environment"":""e0e44f1f-ec58-480e-94e9-09bad9cd99ba"",""service"":""df16bcd7-7927-4bbf-adf1-191ac3e92d21"",""deployment"":""9f2b543f-0b35-41bc-9cb5-d19bf9898c07"",""replica"":""1901484f-77af-4ab4-83ab-a08df9c439b6""}",2026-05-16T17:11:41.511154366Z
2026-05-16T17:11:41.504692Z 0 [ERROR] [MY-012888] [InnoDB] Cannot resize redo log file ./#innodb_redo/#ib_redo322_tmp to 3 MB (Failed to set size),error,"{""level"":""error""}","{""project"":""0ee5f251-6f6f-4df1-88b1-bb752a8a350b"",""environment"":""e0e44f1f-ec58-480e-94e9-09bad9cd99ba"",""service"":""df16bcd7-7927-4bbf-adf1-191ac3e92d21"",""deployment"":""9f2b543f-0b35-41bc-9cb5-d19bf9898c07"",""replica"":""1901484f-77af-4ab4-83ab-a08df9c439b6""}",2026-05-16T17:11:41.511160344Z
2026-05-16T17:11:41.520781Z 0 [Warning] [MY-012638] [InnoDB] Retry attempts for writing partial data failed.,error,"{""level"":""error""}","{""project"":""0ee5f251-6f6f-4df1-88b1-bb752a8a350b"",""environment"":""e0e44f1f-ec58-480e-94e9-09bad9cd99ba"",""service"":""df16bcd7-7927-4bbf-adf1-191ac3e92d21"",""deployment"":""9f2b543f-0b35-41bc-9cb5-d19bf9898c07"",""replica"":""1901484f-77af-4ab4-83ab-a08df9c439b6""}",2026-05-16T17:11:41.524770598Z
2026-05-16T17:11:41.520799Z 0 [ERROR] [MY-012888] [InnoDB] Cannot resize redo log file ./#innodb_redo/#ib_redo322_tmp to 3 MB (Failed to set size),error,"{""level"":""error""}","{""project"":""0ee5f251-6f6f-4df1-88b1-bb752a8a350b"",""environment"":""e0e44f1f-ec58-480e-94e9-09bad9cd99ba"",""service"":""df16bcd7-7927-4bbf-adf1-191ac3e92d21"",""deployment"":""9f2b543f-0b35-41bc-9cb5-d19bf9898c07"",""replica"":""1901484f-77af-4ab4-83ab-a08df9c439b6""}",2026-05-16T17:11:41.524775719Z
2026-05-16T17:11:41.536883Z 0 [Warning] [MY-012638] [InnoDB] Retry attempts for writing partial data failed.,error,"{""level"":""error""}","{""project"":""0ee5f251-6f6f-4df1-88b1-bb752a8a350b"",""environment"":""e0e44f1f-ec58-480e-94e9-09bad9cd99ba"",""service"":""df16bcd7-7927-4bbf-adf1-191ac3e92d21"",""deployment"":""9f2b543f-0b35-41bc-9cb5-d19bf9898c07"",""replica"":""1901484f-77af-4ab4-83ab-a08df9c439b6""}",2026-05-16T17:11:41.538214814Z
2026-05-16T17:11:41.536901Z 0 [ERROR] [MY-012888] [InnoDB] Cannot resize redo log file ./#innodb_redo/#ib_redo322_tmp to 3 MB (Failed to set size),error,"{""level"":""error""}","{""project"":""0ee5f251-6f6f-4df1-88b1-bb752a8a350b"",""environment"":""e0e44f1f-ec58-480e-94e9-09bad9cd99ba"",""service"":""df16bcd7-7927-4bbf-adf1-191ac3e92d21"",""deployment"":""9f2b543f-0b35-41bc-9cb5-d19bf9898c07"",""replica"":""1901484f-77af-4ab4-83ab-a08df9c439b6""}",2026-05-16T17:11:41.538219852Z
"2026-05-16T17:11:41.538415Z 0 [ERROR] [MY-012144] [InnoDB] posix_fallocate(): Failed to preallocate data for file ./railway/kpi_cache.ibd, desired size 16384 bytes. Operating system error number 28. Check that the disk is not full or a disk quota exceeded. Make sure the file system supports this function. Refer to your operating system documentation for operating system error code information.",error,"{""level"":""error""}","{""project"":""0ee5f251-6f6f-4df1-88b1-bb752a8a350b"",""environment"":""e0e44f1f-ec58-480e-94e9-09bad9cd99ba"",""service"":""df16bcd7-7927-4bbf-adf1-191ac3e92d21"",""deployment"":""9f2b543f-0b35-41bc-9cb5-d19bf9898c07"",""replica"":""1901484f-77af-4ab4-83ab-a08df9c439b6""}",2026-05-16T17:11:41.539416271Z
2026-05-16T17:11:41.538450Z 0 [Warning] [MY-012638] [InnoDB] Retry attempts for writing partial data failed.,error,"{""level"":""error""}","{""project"":""0ee5f251-6f6f-4df1-88b1-bb752a8a350b"",""environment"":""e0e44f1f-ec58-480e-94e9-09bad9cd99ba"",""service"":""df16bcd7-7927-4bbf-adf1-191ac3e92d21"",""deployment"":""9f2b543f-0b35-41bc-9cb5-d19bf9898c07"",""replica"":""1901484f-77af-4ab4-83ab-a08df9c439b6""}",2026-05-16T17:11:41.539421641Z
2026-05-16T17:11:41.538455Z 0 [Warning] [MY-012145] [InnoDB] Error while writing 16384 zeroes to ./railway/kpi_cache.ibd starting at offset 163840,error,"{""level"":""error""}","{""project"":""0ee5f251-6f6f-4df1-88b1-bb752a8a350b"",""environment"":""e0e44f1f-ec58-480e-94e9-09bad9cd99ba"",""service"":""df16bcd7-7927-4bbf-adf1-191ac3e92d21"",""deployment"":""9f2b543f-0b35-41bc-9cb5-d19bf9898c07"",""replica"":""1901484f-77af-4ab4-83ab-a08df9c439b6""}",2026-05-16T17:11:41.539425578Z
2026-05-16T17:11:41.553963Z 0 [Warning] [MY-012638] [InnoDB] Retry attempts for writing partial data failed.,error,"{""level"":""error""}","{""project"":""0ee5f251-6f6f-4df1-88b1-bb752a8a350b"",""environment"":""e0e44f1f-ec58-480e-94e9-09bad9cd99ba"",""service"":""df16bcd7-7927-4bbf-adf1-191ac3e92d21"",""deployment"":""9f2b543f-0b35-41bc-9cb5-d19bf9898c07"",""replica"":""1901484f-77af-4ab4-83ab-a08df9c439b6""}",2026-05-16T17:11:41.563268476Z
2026-05-16T17:11:41.553981Z 0 [ERROR] [MY-012888] [InnoDB] Cannot resize redo log file ./#innodb_redo/#ib_redo322_tmp to 3 MB (Failed to set size),error,"{""level"":""error""}","{""project"":""0ee5f251-6f6f-4df1-88b1-bb752a8a350b"",""environment"":""e0e44f1f-ec58-480e-94e9-09bad9cd99ba"",""service"":""df16bcd7-7927-4bbf-adf1-191ac3e92d21"",""deployment"":""9f2b543f-0b35-41bc-9cb5-d19bf9898c07"",""replica"":""1901484f-77af-4ab4-83ab-a08df9c439b6""}",2026-05-16T17:11:41.563274808Z
2026-05-16T17:11:41.569727Z 0 [Warning] [MY-012638] [InnoDB] Retry attempts for writing partial data failed.,error,"{""level"":""error""}","{""project"":""0ee5f251-6f6f-4df1-88b1-bb752a8a350b"",""environment"":""e0e44f1f-ec58-480e-94e9-09bad9cd99ba"",""service"":""df16bcd7-7927-4bbf-adf1-191ac3e92d21"",""deployment"":""9f2b543f-0b35-41bc-9cb5-d19bf9898c07"",""replica"":""1901484f-77af-4ab4-83ab-a08df9c439b6""}",2026-05-16T17:11:41.572235885Z
2026-05-16T17:11:41.569743Z 0 [ERROR] [MY-012888] [InnoDB] Cannot resize redo log file ./#innodb_redo/#ib_redo322_tmp to 3 MB (Failed to set size),error,"{""level"":""error""}","{""project"":""0ee5f251-6f6f-4df1-88b1-bb752a8a350b"",""environment"":""e0e44f1f-ec58-480e-94e9-09bad9cd99ba"",""service"":""df16bcd7-7927-4bbf-adf1-191ac3e92d21"",""deployment"":""9f2b543f-0b35-41bc-9cb5-d19bf9898c07"",""replica"":""1901484f-77af-4ab4-83ab-a08df9c439b6""}",2026-05-16T17:11:41.572241304Z
2026-05-16T17:11:41.584710Z 0 [Warning] [MY-012638] [InnoDB] Retry attempts for writing partial data failed.,error,"{""level"":""error""}","{""project"":""0ee5f251-6f6f-4df1-88b1-bb752a8a350b"",""environment"":""e0e44f1f-ec58-480e-94e9-09bad9cd99ba"",""service"":""df16bcd7-7927-4bbf-adf1-191ac3e92d21"",""deployment"":""9f2b543f-0b35-41bc-9cb5-d19bf9898c07"",""replica"":""1901484f-77af-4ab4-83ab-a08df9c439b6""}",2026-05-16T17:11:41.585581982Z
2026-05-16T17:11:41.584726Z 0 [ERROR] [MY-012888] [InnoDB] Cannot resize redo log file ./#innodb_redo/#ib_redo322_tmp to 3 MB (Failed to set size),error,"{""level"":""error""}","{""project"":""0ee5f251-6f6f-4df1-88b1-bb752a8a350b"",""environment"":""e0e44f1f-ec58-480e-94e9-09bad9cd99ba"",""service"":""df16bcd7-7927-4bbf-adf1-191ac3e92d21"",""deployment"":""9f2b543f-0b35-41bc-9cb5-d19bf9898c07"",""replica"":""1901484f-77af-4ab4-83ab-a08df9c439b6""}",2026-05-16T17:11:41.585588652Z
"2026-05-16T17:11:41.589155Z 0 [ERROR] [MY-012144] [InnoDB] posix_fallocate(): Failed to preallocate data for file ./railway/kpi_cache.ibd, desired size 16384 bytes. Operating system error number 28. Check that the disk is not full or a disk quota exceeded. Make sure the file system supports this function. Refer to your operating system documentation for operating system error code information.",error,"{""level"":""error""}","{""project"":""0ee5f251-6f6f-4df1-88b1-bb752a8a350b"",""environment"":""e0e44f1f-ec58-480e-94e9-09bad9cd99ba"",""service"":""df16bcd7-7927-4bbf-adf1-191ac3e92d21"",""deployment"":""9f2b543f-0b35-41bc-9cb5-d19bf9898c07"",""replica"":""1901484f-77af-4ab4-83ab-a08df9c439b6""}",2026-05-16T17:11:41.591554167Z
2026-05-16T17:11:41.589188Z 0 [Warning] [MY-012638] [InnoDB] Retry attempts for writing partial data failed.,error,"{""level"":""error""}","{""project"":""0ee5f251-6f6f-4df1-88b1-bb752a8a350b"",""environment"":""e0e44f1f-ec58-480e-94e9-09bad9cd99ba"",""service"":""df16bcd7-7927-4bbf-adf1-191ac3e92d21"",""deployment"":""9f2b543f-0b35-41bc-9cb5-d19bf9898c07"",""replica"":""1901484f-77af-4ab4-83ab-a08df9c439b6""}",2026-05-16T17:11:41.591558710Z
2026-05-16T17:11:41.589194Z 0 [Warning] [MY-012145] [InnoDB] Error while writing 16384 zeroes to ./railway/kpi_cache.ibd starting at offset 163840,error,"{""level"":""error""}","{""project"":""0ee5f251-6f6f-4df1-88b1-bb752a8a350b"",""environment"":""e0e44f1f-ec58-480e-94e9-09bad9cd99ba"",""service"":""df16bcd7-7927-4bbf-adf1-191ac3e92d21"",""deployment"":""9f2b543f-0b35-41bc-9cb5-d19bf9898c07"",""replica"":""1901484f-77af-4ab4-83ab-a08df9c439b6""}",2026-05-16T17:11:41.591562167Z
2026-05-16T17:11:41.600335Z 0 [Warning] [MY-012638] [InnoDB] Retry attempts for writing partial data failed.,error,"{""level"":""error""}","{""project"":""0ee5f251-6f6f-4df1-88b1-bb752a8a350b"",""environment"":""e0e44f1f-ec58-480e-94e9-09bad9cd99ba"",""service"":""df16bcd7-7927-4bbf-adf1-191ac3e92d21"",""deployment"":""9f2b543f-0b35-41bc-9cb5-d19bf9898c07"",""replica"":""1901484f-77af-4ab4-83ab-a08df9c439b6""}",2026-05-16T17:11:41.603931560Z
2026-05-16T17:11:41.600350Z 0 [ERROR] [MY-012888] [InnoDB] Cannot resize redo log file ./#innodb_redo/#ib_redo322_tmp to 3 MB (Failed to set size),error,"{""level"":""error""}","{""project"":""0ee5f251-6f6f-4df1-88b1-bb752a8a350b"",""environment"":""e0e44f1f-ec58-480e-94e9-09bad9cd99ba"",""service"":""df16bcd7-7927-4bbf-adf1-191ac3e92d21"",""deployment"":""9f2b543f-0b35-41bc-9cb5-d19bf9898c07"",""replica"":""1901484f-77af-4ab4-83ab-a08df9c439b6""}",2026-05-16T17:11:41.603938014Z
2026-05-16T17:11:41.616020Z 0 [Warning] [MY-012638] [InnoDB] Retry attempts for writing partial data failed.,error,"{""level"":""error""}","{""project"":""0ee5f251-6f6f-4df1-88b1-bb752a8a350b"",""environment"":""e0e44f1f-ec58-480e-94e9-09bad9cd99ba"",""service"":""df16bcd7-7927-4bbf-adf1-191ac3e92d21"",""deployment"":""9f2b543f-0b35-41bc-9cb5-d19bf9898c07"",""replica"":""1901484f-77af-4ab4-83ab-a08df9c439b6""}",2026-05-16T17:11:41.616413180Z
2026-05-16T17:11:41.616036Z 0 [ERROR] [MY-012888] [InnoDB] Cannot resize redo log file ./#innodb_redo/#ib_redo322_tmp to 3 MB (Failed to set size),error,"{""level"":""error""}","{""project"":""0ee5f251-6f6f-4df1-88b1-bb752a8a350b"",""environment"":""e0e44f1f-ec58-480e-94e9-09bad9cd99ba"",""service"":""df16bcd7-7927-4bbf-adf1-191ac3e92d21"",""deployment"":""9f2b543f-0b35-41bc-9cb5-d19bf9898c07"",""replica"":""1901484f-77af-4ab4-83ab-a08df9c439b6""}",2026-05-16T17:11:41.616418866Z
2026-05-16T17:11:41.639378Z 0 [Warning] [MY-012638] [InnoDB] Retry attempts for writing partial data failed.,error,"{""level"":""error""}","{""project"":""0ee5f251-6f6f-4df1-88b1-bb752a8a350b"",""environment"":""e0e44f1f-ec58-480e-94e9-09bad9cd99ba"",""service"":""df16bcd7-7927-4bbf-adf1-191ac3e92d21"",""deployment"":""9f2b543f-0b35-41bc-9cb5-d19bf9898c07"",""replica"":""1901484f-77af-4ab4-83ab-a08df9c439b6""}",2026-05-16T17:11:41.639883344Z
2026-05-16T17:11:41.639384Z 0 [Warning] [MY-012145] [InnoDB] Error while writing 16384 zeroes to ./railway/kpi_cache.ibd starting at offset 163840,error,"{""level"":""error""}","{""project"":""0ee5f251-6f6f-4df1-88b1-bb752a8a350b"",""environment"":""e0e44f1f-ec58-480e-94e9-09bad9cd99ba"",""service"":""df16bcd7-7927-4bbf-adf1-191ac3e92d21"",""deployment"":""9f2b543f-0b35-41bc-9cb5-d19bf9898c07"",""replica"":""1901484f-77af-4ab4-83ab-a08df9c439b6""}",2026-05-16T17:11:41.639889590Z
2026-05-16T17:11:41.631837Z 0 [Warning] [MY-012638] [InnoDB] Retry attempts for writing partial data failed.,error,"{""level"":""error""}","{""project"":""0ee5f251-6f6f-4df1-88b1-bb752a8a350b"",""environment"":""e0e44f1f-ec58-480e-94e9-09bad9cd99ba"",""service"":""df16bcd7-7927-4bbf-adf1-191ac3e92d21"",""deployment"":""9f2b543f-0b35-41bc-9cb5-d19bf9898c07"",""replica"":""1901484f-77af-4ab4-83ab-a08df9c439b6""}",2026-05-16T17:11:41.639946244Z
2026-05-16T17:11:41.631853Z 0 [ERROR] [MY-012888] [InnoDB] Cannot resize redo log file ./#innodb_redo/#ib_redo322_tmp to 3 MB (Failed to set size),error,"{""level"":""error""}","{""project"":""0ee5f251-6f6f-4df1-88b1-bb752a8a350b"",""environment"":""e0e44f1f-ec58-480e-94e9-09bad9cd99ba"",""service"":""df16bcd7-7927-4bbf-adf1-191ac3e92d21"",""deployment"":""9f2b543f-0b35-41bc-9cb5-d19bf9898c07"",""replica"":""1901484f-77af-4ab4-83ab-a08df9c439b6""}",2026-05-16T17:11:41.639950028Z
"2026-05-16T17:11:41.639347Z 0 [ERROR] [MY-012144] [InnoDB] posix_fallocate(): Failed to preallocate data for file ./railway/kpi_cache.ibd, desired size 16384 bytes. Operating system error number 28. Check that the disk is not full or a disk quota exceeded. Make sure the file system supports this function. Refer to your operating system documentation for operating system error code information.",error,"{""level"":""error""}","{""project"":""0ee5f251-6f6f-4df1-88b1-bb752a8a350b"",""environment"":""e0e44f1f-ec58-480e-94e9-09bad9cd99ba"",""service"":""df16bcd7-7927-4bbf-adf1-191ac3e92d21"",""deployment"":""9f2b543f-0b35-41bc-9cb5-d19bf9898c07"",""replica"":""1901484f-77af-4ab4-83ab-a08df9c439b6""}",2026-05-16T17:11:41.639953636Z
2026-05-16T17:11:41.648436Z 0 [Warning] [MY-012638] [InnoDB] Retry attempts for writing partial data failed.,error,"{""level"":""error""}","{""project"":""0ee5f251-6f6f-4df1-88b1-bb752a8a350b"",""environment"":""e0e44f1f-ec58-480e-94e9-09bad9cd99ba"",""service"":""df16bcd7-7927-4bbf-adf1-191ac3e92d21"",""deployment"":""9f2b543f-0b35-41bc-9cb5-d19bf9898c07"",""replica"":""1901484f-77af-4ab4-83ab-a08df9c439b6""}",2026-05-16T17:11:41.652312892Z
2026-05-16T17:11:41.648452Z 0 [ERROR] [MY-012888] [InnoDB] Cannot resize redo log file ./#innodb_redo/#ib_redo322_tmp to 3 MB (Failed to set size),error,"{""level"":""error""}","{""project"":""0ee5f251-6f6f-4df1-88b1-bb752a8a350b"",""environment"":""e0e44f1f-ec58-480e-94e9-09bad9cd99ba"",""service"":""df16bcd7-7927-4bbf-adf1-191ac3e92d21"",""deployment"":""9f2b543f-0b35-41bc-9cb5-d19bf9898c07"",""replica"":""1901484f-77af-4ab4-83ab-a08df9c439b6""}",2026-05-16T17:11:41.652317515Z
2026-05-16T17:11:41.663317Z 0 [Warning] [MY-012638] [InnoDB] Retry attempts for writing partial data failed.,error,"{""level"":""error""}","{""project"":""0ee5f251-6f6f-4df1-88b1-bb752a8a350b"",""environment"":""e0e44f1f-ec58-480e-94e9-09bad9cd99ba"",""service"":""df16bcd7-7927-4bbf-adf1-191ac3e92d21"",""deployment"":""9f2b543f-0b35-41bc-9cb5-d19bf9898c07"",""replica"":""1901484f-77af-4ab4-83ab-a08df9c439b6""}",2026-05-16T17:11:41.665426198Z
2026-05-16T17:11:41.663332Z 0 [ERROR] [MY-012888] [InnoDB] Cannot resize redo log file ./#innodb_redo/#ib_redo322_tmp to 3 MB (Failed to set size),error,"{""level"":""error""}","{""project"":""0ee5f251-6f6f-4df1-88b1-bb752a8a350b"",""environment"":""e0e44f1f-ec58-480e-94e9-09bad9cd99ba"",""service"":""df16bcd7-7927-4bbf-adf1-191ac3e92d21"",""deployment"":""9f2b543f-0b35-41bc-9cb5-d19bf9898c07"",""replica"":""1901484f-77af-4ab4-83ab-a08df9c439b6""}",2026-05-16T17:11:41.665433198Z
2026-05-16T17:11:41.680248Z 0 [Warning] [MY-012638] [InnoDB] Retry attempts for writing partial data failed.,error,"{""level"":""error""}","{""project"":""0ee5f251-6f6f-4df1-88b1-bb752a8a350b"",""environment"":""e0e44f1f-ec58-480e-94e9-09bad9cd99ba"",""service"":""df16bcd7-7927-4bbf-adf1-191ac3e92d21"",""deployment"":""9f2b543f-0b35-41bc-9cb5-d19bf9898c07"",""replica"":""1901484f-77af-4ab4-83ab-a08df9c439b6""}",2026-05-16T17:11:41.680857365Z
2026-05-16T17:11:41.680264Z 0 [ERROR] [MY-012888] [InnoDB] Cannot resize redo log file ./#innodb_redo/#ib_redo322_tmp to 3 MB (Failed to set size),error,"{""level"":""error""}","{""project"":""0ee5f251-6f6f-4df1-88b1-bb752a8a350b"",""environment"":""e0e44f1f-ec58-480e-94e9-09bad9cd99ba"",""service"":""df16bcd7-7927-4bbf-adf1-191ac3e92d21"",""deployment"":""9f2b543f-0b35-41bc-9cb5-d19bf9898c07"",""replica"":""1901484f-77af-4ab4-83ab-a08df9c439b6""}",2026-05-16T17:11:41.680861477Z
"2026-05-16T17:11:41.689554Z 0 [ERROR] [MY-012144] [InnoDB] posix_fallocate(): Failed to preallocate data for file ./railway/kpi_cache.ibd, desired size 16384 bytes. Operating system error number 28. Check that the disk is not full or a disk quota exceeded. Make sure the file system supports this function. Refer to your operating system documentation for operating system error code information.",error,"{""level"":""error""}","{""project"":""0ee5f251-6f6f-4df1-88b1-bb752a8a350b"",""environment"":""e0e44f1f-ec58-480e-94e9-09bad9cd99ba"",""service"":""df16bcd7-7927-4bbf-adf1-191ac3e92d21"",""deployment"":""9f2b543f-0b35-41bc-9cb5-d19bf9898c07"",""replica"":""1901484f-77af-4ab4-83ab-a08df9c439b6""}",2026-05-16T17:11:41.693894435Z
2026-05-16T17:11:41.689588Z 0 [Warning] [MY-012638] [InnoDB] Retry attempts for writing partial data failed.,error,"{""level"":""error""}","{""project"":""0ee5f251-6f6f-4df1-88b1-bb752a8a350b"",""environment"":""e0e44f1f-ec58-480e-94e9-09bad9cd99ba"",""service"":""df16bcd7-7927-4bbf-adf1-191ac3e92d21"",""deployment"":""9f2b543f-0b35-41bc-9cb5-d19bf9898c07"",""replica"":""1901484f-77af-4ab4-83ab-a08df9c439b6""}",2026-05-16T17:11:41.693899178Z
2026-05-16T17:11:41.689593Z 0 [Warning] [MY-012145] [InnoDB] Error while writing 16384 zeroes to ./railway/kpi_cache.ibd starting at offset 163840,error,"{""level"":""error""}","{""project"":""0ee5f251-6f6f-4df1-88b1-bb752a8a350b"",""environment"":""e0e44f1f-ec58-480e-94e9-09bad9cd99ba"",""service"":""df16bcd7-7927-4bbf-adf1-191ac3e92d21"",""deployment"":""9f2b543f-0b35-41bc-9cb5-d19bf9898c07"",""replica"":""1901484f-77af-4ab4-83ab-a08df9c439b6""}",2026-05-16T17:11:41.693902853Z
2026-05-16T17:11:41.695624Z 0 [Warning] [MY-012638] [InnoDB] Retry attempts for writing partial data failed.,error,"{""level"":""error""}","{""project"":""0ee5f251-6f6f-4df1-88b1-bb752a8a350b"",""environment"":""e0e44f1f-ec58-480e-94e9-09bad9cd99ba"",""service"":""df16bcd7-7927-4bbf-adf1-191ac3e92d21"",""deployment"":""9f2b543f-0b35-41bc-9cb5-d19bf9898c07"",""replica"":""1901484f-77af-4ab4-83ab-a08df9c439b6""}",2026-05-16T17:11:41.699891903Z
2026-05-16T17:11:41.695640Z 0 [ERROR] [MY-012888] [InnoDB] Cannot resize redo log file ./#innodb_redo/#ib_redo322_tmp to 3 MB (Failed to set size),error,"{""level"":""error""}","{""project"":""0ee5f251-6f6f-4df1-88b1-bb752a8a350b"",""environment"":""e0e44f1f-ec58-480e-94e9-09bad9cd99ba"",""service"":""df16bcd7-7927-4bbf-adf1-191ac3e92d21"",""deployment"":""9f2b543f-0b35-41bc-9cb5-d19bf9898c07"",""replica"":""1901484f-77af-4ab4-83ab-a08df9c439b6""}",2026-05-16T17:11:41.699896925Z
2026-05-16T17:11:41.711842Z 0 [Warning] [MY-012638] [InnoDB] Retry attempts for writing partial data failed.,error,"{""level"":""error""}","{""project"":""0ee5f251-6f6f-4df1-88b1-bb752a8a350b"",""environment"":""e0e44f1f-ec58-480e-94e9-09bad9cd99ba"",""service"":""df16bcd7-7927-4bbf-adf1-191ac3e92d21"",""deployment"":""9f2b543f-0b35-41bc-9cb5-d19bf9898c07"",""replica"":""1901484f-77af-4ab4-83ab-a08df9c439b6""}",2026-05-16T17:11:41.717564228Z
2026-05-16T17:11:41.711861Z 0 [ERROR] [MY-012888] [InnoDB] Cannot resize redo log file ./#innodb_redo/#ib_redo322_tmp to 3 MB (Failed to set size),error,"{""level"":""error""}","{""project"":""0ee5f251-6f6f-4df1-88b1-bb752a8a350b"",""environment"":""e0e44f1f-ec58-480e-94e9-09bad9cd99ba"",""service"":""df16bcd7-7927-4bbf-adf1-191ac3e92d21"",""deployment"":""9f2b543f-0b35-41bc-9cb5-d19bf9898c07"",""replica"":""1901484f-77af-4ab4-83ab-a08df9c439b6""}",2026-05-16T17:11:41.717569057Z
2026-05-16T17:11:41.726697Z 0 [Warning] [MY-012638] [InnoDB] Retry attempts for writing partial data failed.,error,"{""level"":""error""}","{""project"":""0ee5f251-6f6f-4df1-88b1-bb752a8a350b"",""environment"":""e0e44f1f-ec58-480e-94e9-09bad9cd99ba"",""service"":""df16bcd7-7927-4bbf-adf1-191ac3e92d21"",""deployment"":""9f2b543f-0b35-41bc-9cb5-d19bf9898c07"",""replica"":""1901484f-77af-4ab4-83ab-a08df9c439b6""}",2026-05-16T17:11:41.730001621Z
2026-05-16T17:11:41.726714Z 0 [ERROR] [MY-012888] [InnoDB] Cannot resize redo log file ./#innodb_redo/#ib_redo322_tmp to 3 MB (Failed to set size),error,"{""level"":""error""}","{""project"":""0ee5f251-6f6f-4df1-88b1-bb752a8a350b"",""environment"":""e0e44f1f-ec58-480e-94e9-09bad9cd99ba"",""service"":""df16bcd7-7927-4bbf-adf1-191ac3e92d21"",""deployment"":""9f2b543f-0b35-41bc-9cb5-d19bf9898c07"",""replica"":""1901484f-77af-4ab4-83ab-a08df9c439b6""}",2026-05-16T17:11:41.730007872Z
"2026-05-16T17:11:41.742372Z 0 [ERROR] [MY-012144] [InnoDB] posix_fallocate(): Failed to preallocate data for file ./railway/kpi_cache.ibd, desired size 16384 bytes. Operating system error number 28. Check that the disk is not full or a disk quota exceeded. Make sure the file system supports this function. Refer to your operating system documentation for operating system error code information.",error,"{""level"":""error""}","{""project"":""0ee5f251-6f6f-4df1-88b1-bb752a8a350b"",""environment"":""e0e44f1f-ec58-480e-94e9-09bad9cd99ba"",""service"":""df16bcd7-7927-4bbf-adf1-191ac3e92d21"",""deployment"":""9f2b543f-0b35-41bc-9cb5-d19bf9898c07"",""replica"":""1901484f-77af-4ab4-83ab-a08df9c439b6""}",2026-05-16T17:11:41.753554945Z
2026-05-16T17:11:41.742401Z 0 [Warning] [MY-012638] [InnoDB] Retry attempts for writing partial data failed.,error,"{""level"":""error""}","{""project"":""0ee5f251-6f6f-4df1-88b1-bb752a8a350b"",""environment"":""e0e44f1f-ec58-480e-94e9-09bad9cd99ba"",""service"":""df16bcd7-7927-4bbf-adf1-191ac3e92d21"",""deployment"":""9f2b543f-0b35-41bc-9cb5-d19bf9898c07"",""replica"":""1901484f-77af-4ab4-83ab-a08df9c439b6""}",2026-05-16T17:11:41.753560199Z
2026-05-16T17:11:41.742407Z 0 [Warning] [MY-012145] [InnoDB] Error while writing 16384 zeroes to ./railway/kpi_cache.ibd starting at offset 163840,error,"{""level"":""error""}","{""project"":""0ee5f251-6f6f-4df1-88b1-bb752a8a350b"",""environment"":""e0e44f1f-ec58-480e-94e9-09bad9cd99ba"",""service"":""df16bcd7-7927-4bbf-adf1-191ac3e92d21"",""deployment"":""9f2b543f-0b35-41bc-9cb5-d19bf9898c07"",""replica"":""1901484f-77af-4ab4-83ab-a08df9c439b6""}",2026-05-16T17:11:41.753563314Z
2026-05-16T17:11:41.743294Z 0 [Warning] [MY-012638] [InnoDB] Retry attempts for writing partial data failed.,error,"{""level"":""error""}","{""project"":""0ee5f251-6f6f-4df1-88b1-bb752a8a350b"",""environment"":""e0e44f1f-ec58-480e-94e9-09bad9cd99ba"",""service"":""df16bcd7-7927-4bbf-adf1-191ac3e92d21"",""deployment"":""9f2b543f-0b35-41bc-9cb5-d19bf9898c07"",""replica"":""1901484f-77af-4ab4-83ab-a08df9c439b6""}",2026-05-16T17:11:41.753566224Z
2026-05-16T17:11:41.743310Z 0 [ERROR] [MY-012888] [InnoDB] Cannot resize redo log file ./#innodb_redo/#ib_redo322_tmp to 3 MB (Failed to set size),error,"{""level"":""error""}","{""project"":""0ee5f251-6f6f-4df1-88b1-bb752a8a350b"",""environment"":""e0e44f1f-ec58-480e-94e9-09bad9cd99ba"",""service"":""df16bcd7-7927-4bbf-adf1-191ac3e92d21"",""deployment"":""9f2b543f-0b35-41bc-9cb5-d19bf9898c07"",""replica"":""1901484f-77af-4ab4-83ab-a08df9c439b6""}",2026-05-16T17:11:41.753570771Z
2026-05-16T17:11:41.759060Z 0 [Warning] [MY-012638] [InnoDB] Retry attempts for writing partial data failed.,error,"{""level"":""error""}","{""project"":""0ee5f251-6f6f-4df1-88b1-bb752a8a350b"",""environment"":""e0e44f1f-ec58-480e-94e9-09bad9cd99ba"",""service"":""df16bcd7-7927-4bbf-adf1-191ac3e92d21"",""deployment"":""9f2b543f-0b35-41bc-9cb5-d19bf9898c07"",""replica"":""1901484f-77af-4ab4-83ab-a08df9c439b6""}",2026-05-16T17:11:41.763111793Z
2026-05-16T17:11:41.759081Z 0 [ERROR] [MY-012888] [InnoDB] Cannot resize redo log file ./#innodb_redo/#ib_redo322_tmp to 3 MB (Failed to set size),error,"{""level"":""error""}","{""project"":""0ee5f251-6f6f-4df1-88b1-bb752a8a350b"",""environment"":""e0e44f1f-ec58-480e-94e9-09bad9cd99ba"",""service"":""df16bcd7-7927-4bbf-adf1-191ac3e92d21"",""deployment"":""9f2b543f-0b35-41bc-9cb5-d19bf9898c07"",""replica"":""1901484f-77af-4ab4-83ab-a08df9c439b6""}",2026-05-16T17:11:41.763117616Z
2026-05-16T17:11:41.775260Z 0 [Warning] [MY-012638] [InnoDB] Retry attempts for writing partial data failed.,error,"{""level"":""error""}","{""project"":""0ee5f251-6f6f-4df1-88b1-bb752a8a350b"",""environment"":""e0e44f1f-ec58-480e-94e9-09bad9cd99ba"",""service"":""df16bcd7-7927-4bbf-adf1-191ac3e92d21"",""deployment"":""9f2b543f-0b35-41bc-9cb5-d19bf9898c07"",""replica"":""1901484f-77af-4ab4-83ab-a08df9c439b6""}",2026-05-16T17:11:41.776969955Z
2026-05-16T17:11:41.775277Z 0 [ERROR] [MY-012888] [InnoDB] Cannot resize redo log file ./#innodb_redo/#ib_redo322_tmp to 3 MB (Failed to set size),error,"{""level"":""error""}","{""project"":""0ee5f251-6f6f-4df1-88b1-bb752a8a350b"",""environment"":""e0e44f1f-ec58-480e-94e9-09bad9cd99ba"",""service"":""df16bcd7-7927-4bbf-adf1-191ac3e92d21"",""deployment"":""9f2b543f-0b35-41bc-9cb5-d19bf9898c07"",""replica"":""1901484f-77af-4ab4-83ab-a08df9c439b6""}",2026-05-16T17:11:41.776978271Z
2026-05-16T17:11:41.790009Z 0 [Warning] [MY-012638] [InnoDB] Retry attempts for writing partial data failed.,error,"{""level"":""error""}","{""project"":""0ee5f251-6f6f-4df1-88b1-bb752a8a350b"",""environment"":""e0e44f1f-ec58-480e-94e9-09bad9cd99ba"",""service"":""df16bcd7-7927-4bbf-adf1-191ac3e92d21"",""deployment"":""9f2b543f-0b35-41bc-9cb5-d19bf9898c07"",""replica"":""1901484f-77af-4ab4-83ab-a08df9c439b6""}",2026-05-16T17:11:41.800014019Z
2026-05-16T17:11:41.790024Z 0 [ERROR] [MY-012888] [InnoDB] Cannot resize redo log file ./#innodb_redo/#ib_redo322_tmp to 3 MB (Failed to set size),error,"{""level"":""error""}","{""project"":""0ee5f251-6f6f-4df1-88b1-bb752a8a350b"",""environment"":""e0e44f1f-ec58-480e-94e9-09bad9cd99ba"",""service"":""df16bcd7-7927-4bbf-adf1-191ac3e92d21"",""deployment"":""9f2b543f-0b35-41bc-9cb5-d19bf9898c07"",""replica"":""1901484f-77af-4ab4-83ab-a08df9c439b6""}",2026-05-16T17:11:41.800020270Z
"2026-05-16T17:11:41.793180Z 0 [ERROR] [MY-012144] [InnoDB] posix_fallocate(): Failed to preallocate data for file ./railway/kpi_cache.ibd, desired size 16384 bytes. Operating system error number 28. Check that the disk is not full or a disk quota exceeded. Make sure the file system supports this function. Refer to your operating system documentation for operating system error code information.",error,"{""level"":""error""}","{""project"":""0ee5f251-6f6f-4df1-88b1-bb752a8a350b"",""environment"":""e0e44f1f-ec58-480e-94e9-09bad9cd99ba"",""service"":""df16bcd7-7927-4bbf-adf1-191ac3e92d21"",""deployment"":""9f2b543f-0b35-41bc-9cb5-d19bf9898c07"",""replica"":""1901484f-77af-4ab4-83ab-a08df9c439b6""}",2026-05-16T17:11:41.800024174Z
2026-05-16T17:11:41.793210Z 0 [Warning] [MY-012638] [InnoDB] Retry attempts for writing partial data failed.,error,"{""level"":""error""}","{""project"":""0ee5f251-6f6f-4df1-88b1-bb752a8a350b"",""environment"":""e0e44f1f-ec58-480e-94e9-09bad9cd99ba"",""service"":""df16bcd7-7927-4bbf-adf1-191ac3e92d21"",""deployment"":""9f2b543f-0b35-41bc-9cb5-d19bf9898c07"",""replica"":""1901484f-77af-4ab4-83ab-a08df9c439b6""}",2026-05-16T17:11:41.800027443Z
2026-05-16T17:11:41.793215Z 0 [Warning] [MY-012145] [InnoDB] Error while writing 16384 zeroes to ./railway/kpi_cache.ibd starting at offset 163840,error,"{""level"":""error""}","{""project"":""0ee5f251-6f6f-4df1-88b1-bb752a8a350b"",""environment"":""e0e44f1f-ec58-480e-94e9-09bad9cd99ba"",""service"":""df16bcd7-7927-4bbf-adf1-191ac3e92d21"",""deployment"":""9f2b543f-0b35-41bc-9cb5-d19bf9898c07"",""replica"":""1901484f-77af-4ab4-83ab-a08df9c439b6""}",2026-05-16T17:11:41.800030624Z
"2026-05-16T17:11:41.843408Z 0 [ERROR] [MY-012144] [InnoDB] posix_fallocate(): Failed to preallocate data for file ./railway/kpi_cache.ibd, desired size 16384 bytes. Operating system error number 28. Check that the disk is not full or a disk quota exceeded. Make sure the file system supports this function. Refer to your operating system documentation for operating system error code information.",error,"{""level"":""error""}","{""project"":""0ee5f251-6f6f-4df1-88b1-bb752a8a350b"",""environment"":""e0e44f1f-ec58-480e-94e9-09bad9cd99ba"",""service"":""df16bcd7-7927-4bbf-adf1-191ac3e92d21"",""deployment"":""9f2b543f-0b35-41bc-9cb5-d19bf9898c07"",""replica"":""1901484f-77af-4ab4-83ab-a08df9c439b6""}",2026-05-16T17:11:41.850970955Z
2026-05-16T17:11:41.843462Z 0 [Warning] [MY-012638] [InnoDB] Retry attempts for writing partial data failed.,error,"{""level"":""error""}","{""project"":""0ee5f251-6f6f-4df1-88b1-bb752a8a350b"",""environment"":""e0e44f1f-ec58-480e-94e9-09bad9cd99ba"",""service"":""df16bcd7-7927-4bbf-adf1-191ac3e92d21"",""deployment"":""9f2b543f-0b35-41bc-9cb5-d19bf9898c07"",""replica"":""1901484f-77af-4ab4-83ab-a08df9c439b6""}",2026-05-16T17:11:41.850976040Z
2026-05-16T17:11:41.843470Z 0 [Warning] [MY-012145] [InnoDB] Error while writing 16384 zeroes to ./railway/kpi_cache.ibd starting at offset 163840,error,"{""level"":""error""}","{""project"":""0ee5f251-6f6f-4df1-88b1-bb752a8a350b"",""environment"":""e0e44f1f-ec58-480e-94e9-09bad9cd99ba"",""service"":""df16bcd7-7927-4bbf-adf1-191ac3e92d21"",""deployment"":""9f2b543f-0b35-41bc-9cb5-d19bf9898c07"",""replica"":""1901484f-77af-4ab4-83ab-a08df9c439b6""}",2026-05-16T17:11:41.850980026Z
2026-05-16T17:11:41.917333Z 0 [Warning] [MY-012638] [InnoDB] Retry attempts for writing partial data failed.,error,"{""level"":""error""}","{""project"":""0ee5f251-6f6f-4df1-88b1-bb752a8a350b"",""environment"":""e0e44f1f-ec58-480e-94e9-09bad9cd99ba"",""service"":""df16bcd7-7927-4bbf-adf1-191ac3e92d21"",""deployment"":""9f2b543f-0b35-41bc-9cb5-d19bf9898c07"",""replica"":""1901484f-77af-4ab4-83ab-a08df9c439b6""}",2026-05-16T17:11:41.931904139Z
2026-05-16T17:11:41.917362Z 0 [ERROR] [MY-012888] [InnoDB] Cannot resize redo log file ./#innodb_redo/#ib_redo322_tmp to 3 MB (Failed to set size),error,"{""level"":""error""}","{""project"":""0ee5f251-6f6f-4df1-88b1-bb752a8a350b"",""environment"":""e0e44f1f-ec58-480e-94e9-09bad9cd99ba"",""service"":""df16bcd7-7927-4bbf-adf1-191ac3e92d21"",""deployment"":""9f2b543f-0b35-41bc-9cb5-d19bf9898c07"",""replica"":""1901484f-77af-4ab4-83ab-a08df9c439b6""}",2026-05-16T17:11:41.931910678Z
"2026-05-16T17:11:41.967158Z 0 [ERROR] [MY-012144] [InnoDB] posix_fallocate(): Failed to preallocate data for file ./railway/kpi_cache.ibd, desired size 16384 bytes. Operating system error number 28. Check that the disk is not full or a disk quota exceeded. Make sure the file system supports this function. Refer to your operating system documentation for operating system error code information.",error,"{""level"":""error""}","{""project"":""0ee5f251-6f6f-4df1-88b1-bb752a8a350b"",""environment"":""e0e44f1f-ec58-480e-94e9-09bad9cd99ba"",""service"":""df16bcd7-7927-4bbf-adf1-191ac3e92d21"",""deployment"":""9f2b543f-0b35-41bc-9cb5-d19bf9898c07"",""replica"":""1901484f-77af-4ab4-83ab-a08df9c439b6""}",2026-05-16T17:11:42.275081180Z
2026-05-16T17:11:41.967203Z 0 [Warning] [MY-012638] [InnoDB] Retry attempts for writing partial data failed.,error,"{""level"":""error""}","{""project"":""0ee5f251-6f6f-4df1-88b1-bb752a8a350b"",""environment"":""e0e44f1f-ec58-480e-94e9-09bad9cd99ba"",""service"":""df16bcd7-7927-4bbf-adf1-191ac3e92d21"",""deployment"":""9f2b543f-0b35-41bc-9cb5-d19bf9898c07"",""replica"":""1901484f-77af-4ab4-83ab-a08df9c439b6""}",2026-05-16T17:11:42.275084721Z
2026-05-16T17:11:41.967209Z 0 [Warning] [MY-012145] [InnoDB] Error while writing 16384 zeroes to ./railway/kpi_cache.ibd starting at offset 163840,error,"{""level"":""error""}","{""project"":""0ee5f251-6f6f-4df1-88b1-bb752a8a350b"",""environment"":""e0e44f1f-ec58-480e-94e9-09bad9cd99ba"",""service"":""df16bcd7-7927-4bbf-adf1-191ac3e92d21"",""deployment"":""9f2b543f-0b35-41bc-9cb5-d19bf9898c07"",""replica"":""1901484f-77af-4ab4-83ab-a08df9c439b6""}",2026-05-16T17:11:42.275088092Z
"2026-05-16T17:11:42.306697Z 0 [ERROR] [MY-012144] [InnoDB] posix_fallocate(): Failed to preallocate data for file ./railway/kpi_cache.ibd, desired size 16384 bytes. Operating system error number 28. Check that the disk is not full or a disk quota exceeded. Make sure the file system supports this function. Refer to your operating system documentation for operating system error code information.",error,"{""level"":""error""}","{""project"":""0ee5f251-6f6f-4df1-88b1-bb752a8a350b"",""environment"":""e0e44f1f-ec58-480e-94e9-09bad9cd99ba"",""service"":""df16bcd7-7927-4bbf-adf1-191ac3e92d21"",""deployment"":""9f2b543f-0b35-41bc-9cb5-d19bf9898c07"",""replica"":""1901484f-77af-4ab4-83ab-a08df9c439b6""}",2026-05-16T17:11:42.307363243Z
2026-05-16T17:11:42.306756Z 0 [Warning] [MY-012638] [InnoDB] Retry attempts for writing partial data failed.,error,"{""level"":""error""}","{""project"":""0ee5f251-6f6f-4df1-88b1-bb752a8a350b"",""environment"":""e0e44f1f-ec58-480e-94e9-09bad9cd99ba"",""service"":""df16bcd7-7927-4bbf-adf1-191ac3e92d21"",""deployment"":""9f2b543f-0b35-41bc-9cb5-d19bf9898c07"",""replica"":""1901484f-77af-4ab4-83ab-a08df9c439b6""}",2026-05-16T17:11:42.307369215Z
2026-05-16T17:11:42.306763Z 0 [Warning] [MY-012145] [InnoDB] Error while writing 16384 zeroes to ./railway/kpi_cache.ibd starting at offset 163840,error,"{""level"":""error""}","{""project"":""0ee5f251-6f6f-4df1-88b1-bb752a8a350b"",""environment"":""e0e44f1f-ec58-480e-94e9-09bad9cd99ba"",""service"":""df16bcd7-7927-4bbf-adf1-191ac3e92d21"",""deployment"":""9f2b543f-0b35-41bc-9cb5-d19bf9898c07"",""replica"":""1901484f-77af-4ab4-83ab-a08df9c439b6""}",2026-05-16T17:11:42.307373573Z
2026-05-16T17:11:42.311524Z 0 [Warning] [MY-012638] [InnoDB] Retry attempts for writing partial data failed.,error,"{""level"":""error""}","{""project"":""0ee5f251-6f6f-4df1-88b1-bb752a8a350b"",""environment"":""e0e44f1f-ec58-480e-94e9-09bad9cd99ba"",""service"":""df16bcd7-7927-4bbf-adf1-191ac3e92d21"",""deployment"":""9f2b543f-0b35-41bc-9cb5-d19bf9898c07"",""replica"":""1901484f-77af-4ab4-83ab-a08df9c439b6""}",2026-05-16T17:11:42.313553250Z
2026-05-16T17:11:42.311548Z 0 [ERROR] [MY-012888] [InnoDB] Cannot resize redo log file ./#innodb_redo/#ib_redo322_tmp to 3 MB (Failed to set size),error,"{""level"":""error""}","{""project"":""0ee5f251-6f6f-4df1-88b1-bb752a8a350b"",""environment"":""e0e44f1f-ec58-480e-94e9-09bad9cd99ba"",""service"":""df16bcd7-7927-4bbf-adf1-191ac3e92d21"",""deployment"":""9f2b543f-0b35-41bc-9cb5-d19bf9898c07"",""replica"":""1901484f-77af-4ab4-83ab-a08df9c439b6""}",2026-05-16T17:11:42.313559322Z
2026-05-16T17:11:42.341337Z 0 [Warning] [MY-012638] [InnoDB] Retry attempts for writing partial data failed.,error,"{""level"":""error""}","{""project"":""0ee5f251-6f6f-4df1-88b1-bb752a8a350b"",""environment"":""e0e44f1f-ec58-480e-94e9-09bad9cd99ba"",""service"":""df16bcd7-7927-4bbf-adf1-191ac3e92d21"",""deployment"":""9f2b543f-0b35-41bc-9cb5-d19bf9898c07"",""replica"":""1901484f-77af-4ab4-83ab-a08df9c439b6""}",2026-05-16T17:11:42.341677458Z
2026-05-16T17:11:42.341360Z 0 [ERROR] [MY-012888] [InnoDB] Cannot resize redo log file ./#innodb_redo/#ib_redo322_tmp to 3 MB (Failed to set size),error,"{""level"":""error""}","{""project"":""0ee5f251-6f6f-4df1-88b1-bb752a8a350b"",""environment"":""e0e44f1f-ec58-480e-94e9-09bad9cd99ba"",""service"":""df16bcd7-7927-4bbf-adf1-191ac3e92d21"",""deployment"":""9f2b543f-0b35-41bc-9cb5-d19bf9898c07"",""replica"":""1901484f-77af-4ab4-83ab-a08df9c439b6""}",2026-05-16T17:11:42.341681891Z
"2026-05-16T17:11:42.361325Z 0 [ERROR] [MY-012144] [InnoDB] posix_fallocate(): Failed to preallocate data for file ./railway/kpi_cache.ibd, desired size 16384 bytes. Operating system error number 28. Check that the disk is not full or a disk quota exceeded. Make sure the file system supports this function. Refer to your operating system documentation for operating system error code information.",error,"{""level"":""error""}","{""project"":""0ee5f251-6f6f-4df1-88b1-bb752a8a350b"",""environment"":""e0e44f1f-ec58-480e-94e9-09bad9cd99ba"",""service"":""df16bcd7-7927-4bbf-adf1-191ac3e92d21"",""deployment"":""9f2b543f-0b35-41bc-9cb5-d19bf9898c07"",""replica"":""1901484f-77af-4ab4-83ab-a08df9c439b6""}",2026-05-16T17:11:42.365449990Z
2026-05-16T17:11:42.361363Z 0 [Warning] [MY-012638] [InnoDB] Retry attempts for writing partial data failed.,error,"{""level"":""error""}","{""project"":""0ee5f251-6f6f-4df1-88b1-bb752a8a350b"",""environment"":""e0e44f1f-ec58-480e-94e9-09bad9cd99ba"",""service"":""df16bcd7-7927-4bbf-adf1-191ac3e92d21"",""deployment"":""9f2b543f-0b35-41bc-9cb5-d19bf9898c07"",""replica"":""1901484f-77af-4ab4-83ab-a08df9c439b6""}",2026-05-16T17:11:42.365453267Z
2026-05-16T17:11:42.361368Z 0 [Warning] [MY-012145] [InnoDB] Error while writing 16384 zeroes to ./railway/kpi_cache.ibd starting at offset 163840,error,"{""level"":""error""}","{""project"":""0ee5f251-6f6f-4df1-88b1-bb752a8a350b"",""environment"":""e0e44f1f-ec58-480e-94e9-09bad9cd99ba"",""service"":""df16bcd7-7927-4bbf-adf1-191ac3e92d21"",""deployment"":""9f2b543f-0b35-41bc-9cb5-d19bf9898c07"",""replica"":""1901484f-77af-4ab4-83ab-a08df9c439b6""}",2026-05-16T17:11:42.365456873Z
2026-05-16T17:11:42.366498Z 0 [Warning] [MY-012638] [InnoDB] Retry attempts for writing partial data failed.,error,"{""level"":""error""}","{""project"":""0ee5f251-6f6f-4df1-88b1-bb752a8a350b"",""environment"":""e0e44f1f-ec58-480e-94e9-09bad9cd99ba"",""service"":""df16bcd7-7927-4bbf-adf1-191ac3e92d21"",""deployment"":""9f2b543f-0b35-41bc-9cb5-d19bf9898c07"",""replica"":""1901484f-77af-4ab4-83ab-a08df9c439b6""}",2026-05-16T17:11:42.366822546Z
2026-05-16T17:11:42.366519Z 0 [ERROR] [MY-012888] [InnoDB] Cannot resize redo log file ./#innodb_redo/#ib_redo322_tmp to 3 MB (Failed to set size),error,"{""level"":""error""}","{""project"":""0ee5f251-6f6f-4df1-88b1-bb752a8a350b"",""environment"":""e0e44f1f-ec58-480e-94e9-09bad9cd99ba"",""service"":""df16bcd7-7927-4bbf-adf1-191ac3e92d21"",""deployment"":""9f2b543f-0b35-41bc-9cb5-d19bf9898c07"",""replica"":""1901484f-77af-4ab4-83ab-a08df9c439b6""}",2026-05-16T17:11:42.366828451Z
2026-05-16T17:11:42.386828Z 0 [Warning] [MY-012638] [InnoDB] Retry attempts for writing partial data failed.,error,"{""level"":""error""}","{""project"":""0ee5f251-6f6f-4df1-88b1-bb752a8a350b"",""environment"":""e0e44f1f-ec58-480e-94e9-09bad9cd99ba"",""service"":""df16bcd7-7927-4bbf-adf1-191ac3e92d21"",""deployment"":""9f2b543f-0b35-41bc-9cb5-d19bf9898c07"",""replica"":""1901484f-77af-4ab4-83ab-a08df9c439b6""}",2026-05-16T17:11:42.389853077Z
2026-05-16T17:11:42.386847Z 0 [ERROR] [MY-012888] [InnoDB] Cannot resize redo log file ./#innodb_redo/#ib_redo322_tmp to 3 MB (Failed to set size),error,"{""level"":""error""}","{""project"":""0ee5f251-6f6f-4df1-88b1-bb752a8a350b"",""environment"":""e0e44f1f-ec58-480e-94e9-09bad9cd99ba"",""service"":""df16bcd7-7927-4bbf-adf1-191ac3e92d21"",""deployment"":""9f2b543f-0b35-41bc-9cb5-d19bf9898c07"",""replica"":""1901484f-77af-4ab4-83ab-a08df9c439b6""}",2026-05-16T17:11:42.389858830Z
2026-05-16T17:11:42.404164Z 0 [Warning] [MY-012638] [InnoDB] Retry attempts for writing partial data failed.,error,"{""level"":""error""}","{""project"":""0ee5f251-6f6f-4df1-88b1-bb752a8a350b"",""environment"":""e0e44f1f-ec58-480e-94e9-09bad9cd99ba"",""service"":""df16bcd7-7927-4bbf-adf1-191ac3e92d21"",""deployment"":""9f2b543f-0b35-41bc-9cb5-d19bf9898c07"",""replica"":""1901484f-77af-4ab4-83ab-a08df9c439b6""}",2026-05-16T17:11:42.405071999Z
2026-05-16T17:11:42.404181Z 0 [ERROR] [MY-012888] [InnoDB] Cannot resize redo log file ./#innodb_redo/#ib_redo322_tmp to 3 MB (Failed to set size),error,"{""level"":""error""}","{""project"":""0ee5f251-6f6f-4df1-88b1-bb752a8a350b"",""environment"":""e0e44f1f-ec58-480e-94e9-09bad9cd99ba"",""service"":""df16bcd7-7927-4bbf-adf1-191ac3e92d21"",""deployment"":""9f2b543f-0b35-41bc-9cb5-d19bf9898c07"",""replica"":""1901484f-77af-4ab4-83ab-a08df9c439b6""}",2026-05-16T17:11:42.405078339Z
"2026-05-16T17:11:42.413755Z 0 [ERROR] [MY-012144] [InnoDB] posix_fallocate(): Failed to preallocate data for file ./railway/kpi_cache.ibd, desired size 16384 bytes. Operating system error number 28. Check that the disk is not full or a disk quota exceeded. Make sure the file system supports this function. Refer to your operating system documentation for operating system error code information.",error,"{""level"":""error""}","{""project"":""0ee5f251-6f6f-4df1-88b1-bb752a8a350b"",""environment"":""e0e44f1f-ec58-480e-94e9-09bad9cd99ba"",""service"":""df16bcd7-7927-4bbf-adf1-191ac3e92d21"",""deployment"":""9f2b543f-0b35-41bc-9cb5-d19bf9898c07"",""replica"":""1901484f-77af-4ab4-83ab-a08df9c439b6""}",2026-05-16T17:11:42.414817851Z
2026-05-16T17:11:42.413789Z 0 [Warning] [MY-012638] [InnoDB] Retry attempts for writing partial data failed.,error,"{""level"":""error""}","{""project"":""0ee5f251-6f6f-4df1-88b1-bb752a8a350b"",""environment"":""e0e44f1f-ec58-480e-94e9-09bad9cd99ba"",""service"":""df16bcd7-7927-4bbf-adf1-191ac3e92d21"",""deployment"":""9f2b543f-0b35-41bc-9cb5-d19bf9898c07"",""replica"":""1901484f-77af-4ab4-83ab-a08df9c439b6""}",2026-05-16T17:11:42.414822744Z
2026-05-16T17:11:42.413794Z 0 [Warning] [MY-012145] [InnoDB] Error while writing 16384 zeroes to ./railway/kpi_cache.ibd starting at offset 163840,error,"{""level"":""error""}","{""project"":""0ee5f251-6f6f-4df1-88b1-bb752a8a350b"",""environment"":""e0e44f1f-ec58-480e-94e9-09bad9cd99ba"",""service"":""df16bcd7-7927-4bbf-adf1-191ac3e92d21"",""deployment"":""9f2b543f-0b35-41bc-9cb5-d19bf9898c07"",""replica"":""1901484f-77af-4ab4-83ab-a08df9c439b6""}",2026-05-16T17:11:42.414826183Z
2026-05-16T17:11:42.420058Z 0 [Warning] [MY-012638] [InnoDB] Retry attempts for writing partial data failed.,error,"{""level"":""error""}","{""project"":""0ee5f251-6f6f-4df1-88b1-bb752a8a350b"",""environment"":""e0e44f1f-ec58-480e-94e9-09bad9cd99ba"",""service"":""df16bcd7-7927-4bbf-adf1-191ac3e92d21"",""deployment"":""9f2b543f-0b35-41bc-9cb5-d19bf9898c07"",""replica"":""1901484f-77af-4ab4-83ab-a08df9c439b6""}",2026-05-16T17:11:42.427159732Z
2026-05-16T17:11:42.420076Z 0 [ERROR] [MY-012888] [InnoDB] Cannot resize redo log file ./#innodb_redo/#ib_redo322_tmp to 3 MB (Failed to set size),error,"{""level"":""error""}","{""project"":""0ee5f251-6f6f-4df1-88b1-bb752a8a350b"",""environment"":""e0e44f1f-ec58-480e-94e9-09bad9cd99ba"",""service"":""df16bcd7-7927-4bbf-adf1-191ac3e92d21"",""deployment"":""9f2b543f-0b35-41bc-9cb5-d19bf9898c07"",""replica"":""1901484f-77af-4ab4-83ab-a08df9c439b6""}",2026-05-16T17:11:42.427164213Z
2026-05-16T17:11:42.435538Z 0 [Warning] [MY-012638] [InnoDB] Retry attempts for writing partial data failed.,error,"{""level"":""error""}","{""project"":""0ee5f251-6f6f-4df1-88b1-bb752a8a350b"",""environment"":""e0e44f1f-ec58-480e-94e9-09bad9cd99ba"",""service"":""df16bcd7-7927-4bbf-adf1-191ac3e92d21"",""deployment"":""9f2b543f-0b35-41bc-9cb5-d19bf9898c07"",""replica"":""1901484f-77af-4ab4-83ab-a08df9c439b6""}",2026-05-16T17:11:42.439526847Z
2026-05-16T17:11:42.435553Z 0 [ERROR] [MY-012888] [InnoDB] Cannot resize redo log file ./#innodb_redo/#ib_redo322_tmp to 3 MB (Failed to set size),error,"{""level"":""error""}","{""project"":""0ee5f251-6f6f-4df1-88b1-bb752a8a350b"",""environment"":""e0e44f1f-ec58-480e-94e9-09bad9cd99ba"",""service"":""df16bcd7-7927-4bbf-adf1-191ac3e92d21"",""deployment"":""9f2b543f-0b35-41bc-9cb5-d19bf9898c07"",""replica"":""1901484f-77af-4ab4-83ab-a08df9c439b6""}",2026-05-16T17:11:42.439532737Z
2026-05-16T17:11:42.450962Z 0 [Warning] [MY-012638] [InnoDB] Retry attempts for writing partial data failed.,error,"{""level"":""error""}","{""project"":""0ee5f251-6f6f-4df1-88b1-bb752a8a350b"",""environment"":""e0e44f1f-ec58-480e-94e9-09bad9cd99ba"",""service"":""df16bcd7-7927-4bbf-adf1-191ac3e92d21"",""deployment"":""9f2b543f-0b35-41bc-9cb5-d19bf9898c07"",""replica"":""1901484f-77af-4ab4-83ab-a08df9c439b6""}",2026-05-16T17:11:42.452557147Z
2026-05-16T17:11:42.450977Z 0 [ERROR] [MY-012888] [InnoDB] Cannot resize redo log file ./#innodb_redo/#ib_redo322_tmp to 3 MB (Failed to set size),error,"{""level"":""error""}","{""project"":""0ee5f251-6f6f-4df1-88b1-bb752a8a350b"",""environment"":""e0e44f1f-ec58-480e-94e9-09bad9cd99ba"",""service"":""df16bcd7-7927-4bbf-adf1-191ac3e92d21"",""deployment"":""9f2b543f-0b35-41bc-9cb5-d19bf9898c07"",""replica"":""1901484f-77af-4ab4-83ab-a08df9c439b6""}",2026-05-16T17:11:42.452560414Z
"2026-05-16T17:11:42.463960Z 0 [ERROR] [MY-012144] [InnoDB] posix_fallocate(): Failed to preallocate data for file ./railway/kpi_cache.ibd, desired size 16384 bytes. Operating system error number 28. Check that the disk is not full or a disk quota exceeded. Make sure the file system supports this function. Refer to your operating system documentation for operating system error code information.",error,"{""level"":""error""}","{""project"":""0ee5f251-6f6f-4df1-88b1-bb752a8a350b"",""environment"":""e0e44f1f-ec58-480e-94e9-09bad9cd99ba"",""service"":""df16bcd7-7927-4bbf-adf1-191ac3e92d21"",""deployment"":""9f2b543f-0b35-41bc-9cb5-d19bf9898c07"",""replica"":""1901484f-77af-4ab4-83ab-a08df9c439b6""}",2026-05-16T17:11:42.465956295Z
2026-05-16T17:11:42.463997Z 0 [Warning] [MY-012638] [InnoDB] Retry attempts for writing partial data failed.,error,"{""level"":""error""}","{""project"":""0ee5f251-6f6f-4df1-88b1-bb752a8a350b"",""environment"":""e0e44f1f-ec58-480e-94e9-09bad9cd99ba"",""service"":""df16bcd7-7927-4bbf-adf1-191ac3e92d21"",""deployment"":""9f2b543f-0b35-41bc-9cb5-d19bf9898c07"",""replica"":""1901484f-77af-4ab4-83ab-a08df9c439b6""}",2026-05-16T17:11:42.465961482Z
2026-05-16T17:11:42.464003Z 0 [Warning] [MY-012145] [InnoDB] Error while writing 16384 zeroes to ./railway/kpi_cache.ibd starting at offset 163840,error,"{""level"":""error""}","{""project"":""0ee5f251-6f6f-4df1-88b1-bb752a8a350b"",""environment"":""e0e44f1f-ec58-480e-94e9-09bad9cd99ba"",""service"":""df16bcd7-7927-4bbf-adf1-191ac3e92d21"",""deployment"":""9f2b543f-0b35-41bc-9cb5-d19bf9898c07"",""replica"":""1901484f-77af-4ab4-83ab-a08df9c439b6""}",2026-05-16T17:11:42.465965042Z
2026-05-16T17:11:42.465968Z 0 [Warning] [MY-012638] [InnoDB] Retry attempts for writing partial data failed.,error,"{""level"":""error""}","{""project"":""0ee5f251-6f6f-4df1-88b1-bb752a8a350b"",""environment"":""e0e44f1f-ec58-480e-94e9-09bad9cd99ba"",""service"":""df16bcd7-7927-4bbf-adf1-191ac3e92d21"",""deployment"":""9f2b543f-0b35-41bc-9cb5-d19bf9898c07"",""replica"":""1901484f-77af-4ab4-83ab-a08df9c439b6""}",2026-05-16T17:11:42.467228111Z
2026-05-16T17:11:42.465985Z 0 [ERROR] [MY-012888] [InnoDB] Cannot resize redo log file ./#innodb_redo/#ib_redo322_tmp to 3 MB (Failed to set size),error,"{""level"":""error""}","{""project"":""0ee5f251-6f6f-4df1-88b1-bb752a8a350b"",""environment"":""e0e44f1f-ec58-480e-94e9-09bad9cd99ba"",""service"":""df16bcd7-7927-4bbf-adf1-191ac3e92d21"",""deployment"":""9f2b543f-0b35-41bc-9cb5-d19bf9898c07"",""replica"":""1901484f-77af-4ab4-83ab-a08df9c439b6""}",2026-05-16T17:11:42.467232934Z
2026-05-16T17:11:42.482418Z 0 [Warning] [MY-012638] [InnoDB] Retry attempts for writing partial data failed.,error,"{""level"":""error""}","{""project"":""0ee5f251-6f6f-4df1-88b1-bb752a8a350b"",""environment"":""e0e44f1f-ec58-480e-94e9-09bad9cd99ba"",""service"":""df16bcd7-7927-4bbf-adf1-191ac3e92d21"",""deployment"":""9f2b543f-0b35-41bc-9cb5-d19bf9898c07"",""replica"":""1901484f-77af-4ab4-83ab-a08df9c439b6""}",2026-05-16T17:11:42.493055627Z
2026-05-16T17:11:42.482437Z 0 [ERROR] [MY-012888] [InnoDB] Cannot resize redo log file ./#innodb_redo/#ib_redo322_tmp to 3 MB (Failed to set size),error,"{""level"":""error""}","{""project"":""0ee5f251-6f6f-4df1-88b1-bb752a8a350b"",""environment"":""e0e44f1f-ec58-480e-94e9-09bad9cd99ba"",""service"":""df16bcd7-7927-4bbf-adf1-191ac3e92d21"",""deployment"":""9f2b543f-0b35-41bc-9cb5-d19bf9898c07"",""replica"":""1901484f-77af-4ab4-83ab-a08df9c439b6""}",2026-05-16T17:11:42.493062914Z
2026-05-16T17:11:42.498279Z 0 [Warning] [MY-012638] [InnoDB] Retry attempts for writing partial data failed.,error,"{""level"":""error""}","{""project"":""0ee5f251-6f6f-4df1-88b1-bb752a8a350b"",""environment"":""e0e44f1f-ec58-480e-94e9-09bad9cd99ba"",""service"":""df16bcd7-7927-4bbf-adf1-191ac3e92d21"",""deployment"":""9f2b543f-0b35-41bc-9cb5-d19bf9898c07"",""replica"":""1901484f-77af-4ab4-83ab-a08df9c439b6""}",2026-05-16T17:11:42.501528106Z
2026-05-16T17:11:42.498296Z 0 [ERROR] [MY-012888] [InnoDB] Cannot resize redo log file ./#innodb_redo/#ib_redo322_tmp to 3 MB (Failed to set size),error,"{""level"":""error""}","{""project"":""0ee5f251-6f6f-4df1-88b1-bb752a8a350b"",""environment"":""e0e44f1f-ec58-480e-94e9-09bad9cd99ba"",""service"":""df16bcd7-7927-4bbf-adf1-191ac3e92d21"",""deployment"":""9f2b543f-0b35-41bc-9cb5-d19bf9898c07"",""replica"":""1901484f-77af-4ab4-83ab-a08df9c439b6""}",2026-05-16T17:11:42.501532828Z
2026-05-16T17:11:42.513878Z 0 [Warning] [MY-012638] [InnoDB] Retry attempts for writing partial data failed.,error,"{""level"":""error""}","{""project"":""0ee5f251-6f6f-4df1-88b1-bb752a8a350b"",""environment"":""e0e44f1f-ec58-480e-94e9-09bad9cd99ba"",""service"":""df16bcd7-7927-4bbf-adf1-191ac3e92d21"",""deployment"":""9f2b543f-0b35-41bc-9cb5-d19bf9898c07"",""replica"":""1901484f-77af-4ab4-83ab-a08df9c439b6""}",2026-05-16T17:11:42.523718588Z
2026-05-16T17:11:42.513895Z 0 [ERROR] [MY-012888] [InnoDB] Cannot resize redo log file ./#innodb_redo/#ib_redo322_tmp to 3 MB (Failed to set size),error,"{""level"":""error""}","{""project"":""0ee5f251-6f6f-4df1-88b1-bb752a8a350b"",""environment"":""e0e44f1f-ec58-480e-94e9-09bad9cd99ba"",""service"":""df16bcd7-7927-4bbf-adf1-191ac3e92d21"",""deployment"":""9f2b543f-0b35-41bc-9cb5-d19bf9898c07"",""replica"":""1901484f-77af-4ab4-83ab-a08df9c439b6""}",2026-05-16T17:11:42.523723426Z
"2026-05-16T17:11:42.514594Z 0 [ERROR] [MY-012144] [InnoDB] posix_fallocate(): Failed to preallocate data for file ./railway/kpi_cache.ibd, desired size 16384 bytes. Operating system error number 28. Check that the disk is not full or a disk quota exceeded. Make sure the file system supports this function. Refer to your operating system documentation for operating system error code information.",error,"{""level"":""error""}","{""project"":""0ee5f251-6f6f-4df1-88b1-bb752a8a350b"",""environment"":""e0e44f1f-ec58-480e-94e9-09bad9cd99ba"",""service"":""df16bcd7-7927-4bbf-adf1-191ac3e92d21"",""deployment"":""9f2b543f-0b35-41bc-9cb5-d19bf9898c07"",""replica"":""1901484f-77af-4ab4-83ab-a08df9c439b6""}",2026-05-16T17:11:42.523726991Z
2026-05-16T17:11:42.514628Z 0 [Warning] [MY-012638] [InnoDB] Retry attempts for writing partial data failed.,error,"{""level"":""error""}","{""project"":""0ee5f251-6f6f-4df1-88b1-bb752a8a350b"",""environment"":""e0e44f1f-ec58-480e-94e9-09bad9cd99ba"",""service"":""df16bcd7-7927-4bbf-adf1-191ac3e92d21"",""deployment"":""9f2b543f-0b35-41bc-9cb5-d19bf9898c07"",""replica"":""1901484f-77af-4ab4-83ab-a08df9c439b6""}",2026-05-16T17:11:42.523730012Z
2026-05-16T17:11:42.514635Z 0 [Warning] [MY-012145] [InnoDB] Error while writing 16384 zeroes to ./railway/kpi_cache.ibd starting at offset 163840,error,"{""level"":""error""}","{""project"":""0ee5f251-6f6f-4df1-88b1-bb752a8a350b"",""environment"":""e0e44f1f-ec58-480e-94e9-09bad9cd99ba"",""service"":""df16bcd7-7927-4bbf-adf1-191ac3e92d21"",""deployment"":""9f2b543f-0b35-41bc-9cb5-d19bf9898c07"",""replica"":""1901484f-77af-4ab4-83ab-a08df9c439b6""}",2026-05-16T17:11:42.523733002Z
2026-05-16T17:11:42.528891Z 0 [Warning] [MY-012638] [InnoDB] Retry attempts for writing partial data failed.,error,"{""level"":""error""}","{""project"":""0ee5f251-6f6f-4df1-88b1-bb752a8a350b"",""environment"":""e0e44f1f-ec58-480e-94e9-09bad9cd99ba"",""service"":""df16bcd7-7927-4bbf-adf1-191ac3e92d21"",""deployment"":""9f2b543f-0b35-41bc-9cb5-d19bf9898c07"",""replica"":""1901484f-77af-4ab4-83ab-a08df9c439b6""}",2026-05-16T17:11:42.529715079Z
2026-05-16T17:11:42.528908Z 0 [ERROR] [MY-012888] [InnoDB] Cannot resize redo log file ./#innodb_redo/#ib_redo322_tmp to 3 MB (Failed to set size),error,"{""level"":""error""}","{""project"":""0ee5f251-6f6f-4df1-88b1-bb752a8a350b"",""environment"":""e0e44f1f-ec58-480e-94e9-09bad9cd99ba"",""service"":""df16bcd7-7927-4bbf-adf1-191ac3e92d21"",""deployment"":""9f2b543f-0b35-41bc-9cb5-d19bf9898c07"",""replica"":""1901484f-77af-4ab4-83ab-a08df9c439b6""}",2026-05-16T17:11:42.529719453Z
2026-05-16T17:11:42.546033Z 0 [Warning] [MY-012638] [InnoDB] Retry attempts for writing partial data failed.,error,"{""level"":""error""}","{""project"":""0ee5f251-6f6f-4df1-88b1-bb752a8a350b"",""environment"":""e0e44f1f-ec58-480e-94e9-09bad9cd99ba"",""service"":""df16bcd7-7927-4bbf-adf1-191ac3e92d21"",""deployment"":""9f2b543f-0b35-41bc-9cb5-d19bf9898c07"",""replica"":""1901484f-77af-4ab4-83ab-a08df9c439b6""}",2026-05-16T17:11:42.546895854Z
2026-05-16T17:11:42.546050Z 0 [ERROR] [MY-012888] [InnoDB] Cannot resize redo log file ./#innodb_redo/#ib_redo322_tmp to 3 MB (Failed to set size),error,"{""level"":""error""}","{""project"":""0ee5f251-6f6f-4df1-88b1-bb752a8a350b"",""environment"":""e0e44f1f-ec58-480e-94e9-09bad9cd99ba"",""service"":""df16bcd7-7927-4bbf-adf1-191ac3e92d21"",""deployment"":""9f2b543f-0b35-41bc-9cb5-d19bf9898c07"",""replica"":""1901484f-77af-4ab4-83ab-a08df9c439b6""}",2026-05-16T17:11:42.546900930Z
2026-05-16T17:11:42.561871Z 0 [Warning] [MY-012638] [InnoDB] Retry attempts for writing partial data failed.,error,"{""level"":""error""}","{""project"":""0ee5f251-6f6f-4df1-88b1-bb752a8a350b"",""environment"":""e0e44f1f-ec58-480e-94e9-09bad9cd99ba"",""service"":""df16bcd7-7927-4bbf-adf1-191ac3e92d21"",""deployment"":""9f2b543f-0b35-41bc-9cb5-d19bf9898c07"",""replica"":""1901484f-77af-4ab4-83ab-a08df9c439b6""}",2026-05-16T17:11:42.563596768Z
2026-05-16T17:11:42.561890Z 0 [ERROR] [MY-012888] [InnoDB] Cannot resize redo log file ./#innodb_redo/#ib_redo322_tmp to 3 MB (Failed to set size),error,"{""level"":""error""}","{""project"":""0ee5f251-6f6f-4df1-88b1-bb752a8a350b"",""environment"":""e0e44f1f-ec58-480e-94e9-09bad9cd99ba"",""service"":""df16bcd7-7927-4bbf-adf1-191ac3e92d21"",""deployment"":""9f2b543f-0b35-41bc-9cb5-d19bf9898c07"",""replica"":""1901484f-77af-4ab4-83ab-a08df9c439b6""}",2026-05-16T17:11:42.563601948Z
"2026-05-16T17:11:42.565179Z 0 [ERROR] [MY-012144] [InnoDB] posix_fallocate(): Failed to preallocate data for file ./railway/kpi_cache.ibd, desired size 16384 bytes. Operating system error number 28. Check that the disk is not full or a disk quota exceeded. Make sure the file system supports this function. Refer to your operating system documentation for operating system error code information.",error,"{""level"":""error""}","{""project"":""0ee5f251-6f6f-4df1-88b1-bb752a8a350b"",""environment"":""e0e44f1f-ec58-480e-94e9-09bad9cd99ba"",""service"":""df16bcd7-7927-4bbf-adf1-191ac3e92d21"",""deployment"":""9f2b543f-0b35-41bc-9cb5-d19bf9898c07"",""replica"":""1901484f-77af-4ab4-83ab-a08df9c439b6""}",2026-05-16T17:11:42.568128247Z
2026-05-16T17:11:42.565212Z 0 [Warning] [MY-012638] [InnoDB] Retry attempts for writing partial data failed.,error,"{""level"":""error""}","{""project"":""0ee5f251-6f6f-4df1-88b1-bb752a8a350b"",""environment"":""e0e44f1f-ec58-480e-94e9-09bad9cd99ba"",""service"":""df16bcd7-7927-4bbf-adf1-191ac3e92d21"",""deployment"":""9f2b543f-0b35-41bc-9cb5-d19bf9898c07"",""replica"":""1901484f-77af-4ab4-83ab-a08df9c439b6""}",2026-05-16T17:11:42.568136213Z
2026-05-16T17:11:42.565218Z 0 [Warning] [MY-012145] [InnoDB] Error while writing 16384 zeroes to ./railway/kpi_cache.ibd starting at offset 163840,error,"{""level"":""error""}","{""project"":""0ee5f251-6f6f-4df1-88b1-bb752a8a350b"",""environment"":""e0e44f1f-ec58-480e-94e9-09bad9cd99ba"",""service"":""df16bcd7-7927-4bbf-adf1-191ac3e92d21"",""deployment"":""9f2b543f-0b35-41bc-9cb5-d19bf9898c07"",""replica"":""1901484f-77af-4ab4-83ab-a08df9c439b6""}",2026-05-16T17:11:42.568142101Z
2026-05-16T17:11:42.577457Z 0 [Warning] [MY-012638] [InnoDB] Retry attempts for writing partial data failed.,error,"{""level"":""error""}","{""project"":""0ee5f251-6f6f-4df1-88b1-bb752a8a350b"",""environment"":""e0e44f1f-ec58-480e-94e9-09bad9cd99ba"",""service"":""df16bcd7-7927-4bbf-adf1-191ac3e92d21"",""deployment"":""9f2b543f-0b35-41bc-9cb5-d19bf9898c07"",""replica"":""1901484f-77af-4ab4-83ab-a08df9c439b6""}",2026-05-16T17:11:42.580677775Z
2026-05-16T17:11:42.577476Z 0 [ERROR] [MY-012888] [InnoDB] Cannot resize redo log file ./#innodb_redo/#ib_redo322_tmp to 3 MB (Failed to set size),error,"{""level"":""error""}","{""project"":""0ee5f251-6f6f-4df1-88b1-bb752a8a350b"",""environment"":""e0e44f1f-ec58-480e-94e9-09bad9cd99ba"",""service"":""df16bcd7-7927-4bbf-adf1-191ac3e92d21"",""deployment"":""9f2b543f-0b35-41bc-9cb5-d19bf9898c07"",""replica"":""1901484f-77af-4ab4-83ab-a08df9c439b6""}",2026-05-16T17:11:42.580683873Z
2026-05-16T17:11:42.594630Z 0 [Warning] [MY-012638] [InnoDB] Retry attempts for writing partial data failed.,error,"{""level"":""error""}","{""project"":""0ee5f251-6f6f-4df1-88b1-bb752a8a350b"",""environment"":""e0e44f1f-ec58-480e-94e9-09bad9cd99ba"",""service"":""df16bcd7-7927-4bbf-adf1-191ac3e92d21"",""deployment"":""9f2b543f-0b35-41bc-9cb5-d19bf9898c07"",""replica"":""1901484f-77af-4ab4-83ab-a08df9c439b6""}",2026-05-16T17:11:42.604334490Z
2026-05-16T17:11:42.594655Z 0 [ERROR] [MY-012888] [InnoDB] Cannot resize redo log file ./#innodb_redo/#ib_redo322_tmp to 3 MB (Failed to set size),error,"{""level"":""error""}","{""project"":""0ee5f251-6f6f-4df1-88b1-bb752a8a350b"",""environment"":""e0e44f1f-ec58-480e-94e9-09bad9cd99ba"",""service"":""df16bcd7-7927-4bbf-adf1-191ac3e92d21"",""deployment"":""9f2b543f-0b35-41bc-9cb5-d19bf9898c07"",""replica"":""1901484f-77af-4ab4-83ab-a08df9c439b6""}",2026-05-16T17:11:42.604339618Z
2026-05-16T17:11:42.609730Z 0 [Warning] [MY-012638] [InnoDB] Retry attempts for writing partial data failed.,error,"{""level"":""error""}","{""project"":""0ee5f251-6f6f-4df1-88b1-bb752a8a350b"",""environment"":""e0e44f1f-ec58-480e-94e9-09bad9cd99ba"",""service"":""df16bcd7-7927-4bbf-adf1-191ac3e92d21"",""deployment"":""9f2b543f-0b35-41bc-9cb5-d19bf9898c07"",""replica"":""1901484f-77af-4ab4-83ab-a08df9c439b6""}",2026-05-16T17:11:42.610581201Z
2026-05-16T17:11:42.609753Z 0 [ERROR] [MY-012888] [InnoDB] Cannot resize redo log file ./#innodb_redo/#ib_redo322_tmp to 3 MB (Failed to set size),error,"{""level"":""error""}","{""project"":""0ee5f251-6f6f-4df1-88b1-bb752a8a350b"",""environment"":""e0e44f1f-ec58-480e-94e9-09bad9cd99ba"",""service"":""df16bcd7-7927-4bbf-adf1-191ac3e92d21"",""deployment"":""9f2b543f-0b35-41bc-9cb5-d19bf9898c07"",""replica"":""1901484f-77af-4ab4-83ab-a08df9c439b6""}",2026-05-16T17:11:42.610585865Z
"2026-05-16T17:11:42.615391Z 0 [ERROR] [MY-012144] [InnoDB] posix_fallocate(): Failed to preallocate data for file ./railway/kpi_cache.ibd, desired size 16384 bytes. Operating system error number 28. Check that the disk is not full or a disk quota exceeded. Make sure the file system supports this function. Refer to your operating system documentation for operating system error code information.",error,"{""level"":""error""}","{""project"":""0ee5f251-6f6f-4df1-88b1-bb752a8a350b"",""environment"":""e0e44f1f-ec58-480e-94e9-09bad9cd99ba"",""service"":""df16bcd7-7927-4bbf-adf1-191ac3e92d21"",""deployment"":""9f2b543f-0b35-41bc-9cb5-d19bf9898c07"",""replica"":""1901484f-77af-4ab4-83ab-a08df9c439b6""}",2026-05-16T17:11:42.616689372Z
2026-05-16T17:11:42.615424Z 0 [Warning] [MY-012638] [InnoDB] Retry attempts for writing partial data failed.,error,"{""level"":""error""}","{""project"":""0ee5f251-6f6f-4df1-88b1-bb752a8a350b"",""environment"":""e0e44f1f-ec58-480e-94e9-09bad9cd99ba"",""service"":""df16bcd7-7927-4bbf-adf1-191ac3e92d21"",""deployment"":""9f2b543f-0b35-41bc-9cb5-d19bf9898c07"",""replica"":""1901484f-77af-4ab4-83ab-a08df9c439b6""}",2026-05-16T17:11:42.616693640Z
2026-05-16T17:11:42.615430Z 0 [Warning] [MY-012145] [InnoDB] Error while writing 16384 zeroes to ./railway/kpi_cache.ibd starting at offset 163840,error,"{""level"":""error""}","{""project"":""0ee5f251-6f6f-4df1-88b1-bb752a8a350b"",""environment"":""e0e44f1f-ec58-480e-94e9-09bad9cd99ba"",""service"":""df16bcd7-7927-4bbf-adf1-191ac3e92d21"",""deployment"":""9f2b543f-0b35-41bc-9cb5-d19bf9898c07"",""replica"":""1901484f-77af-4ab4-83ab-a08df9c439b6""}",2026-05-16T17:11:42.616696704Z
2026-05-16T17:11:42.624728Z 0 [Warning] [MY-012638] [InnoDB] Retry attempts for writing partial data failed.,error,"{""level"":""error""}","{""project"":""0ee5f251-6f6f-4df1-88b1-bb752a8a350b"",""environment"":""e0e44f1f-ec58-480e-94e9-09bad9cd99ba"",""service"":""df16bcd7-7927-4bbf-adf1-191ac3e92d21"",""deployment"":""9f2b543f-0b35-41bc-9cb5-d19bf9898c07"",""replica"":""1901484f-77af-4ab4-83ab-a08df9c439b6""}",2026-05-16T17:11:42.628826755Z
2026-05-16T17:11:42.624748Z 0 [ERROR] [MY-012888] [InnoDB] Cannot resize redo log file ./#innodb_redo/#ib_redo322_tmp to 3 MB (Failed to set size),error,"{""level"":""error""}","{""project"":""0ee5f251-6f6f-4df1-88b1-bb752a8a350b"",""environment"":""e0e44f1f-ec58-480e-94e9-09bad9cd99ba"",""service"":""df16bcd7-7927-4bbf-adf1-191ac3e92d21"",""deployment"":""9f2b543f-0b35-41bc-9cb5-d19bf9898c07"",""replica"":""1901484f-77af-4ab4-83ab-a08df9c439b6""}",2026-05-16T17:11:42.628832768Z
2026-05-16T17:11:42.639779Z 0 [Warning] [MY-012638] [InnoDB] Retry attempts for writing partial data failed.,error,"{""level"":""error""}","{""project"":""0ee5f251-6f6f-4df1-88b1-bb752a8a350b"",""environment"":""e0e44f1f-ec58-480e-94e9-09bad9cd99ba"",""service"":""df16bcd7-7927-4bbf-adf1-191ac3e92d21"",""deployment"":""9f2b543f-0b35-41bc-9cb5-d19bf9898c07"",""replica"":""1901484f-77af-4ab4-83ab-a08df9c439b6""}",2026-05-16T17:11:42.653464460Z
2026-05-16T17:11:42.639798Z 0 [ERROR] [MY-012888] [InnoDB] Cannot resize redo log file ./#innodb_redo/#ib_redo322_tmp to 3 MB (Failed to set size),error,"{""level"":""error""}","{""project"":""0ee5f251-6f6f-4df1-88b1-bb752a8a350b"",""environment"":""e0e44f1f-ec58-480e-94e9-09bad9cd99ba"",""service"":""df16bcd7-7927-4bbf-adf1-191ac3e92d21"",""deployment"":""9f2b543f-0b35-41bc-9cb5-d19bf9898c07"",""replica"":""1901484f-77af-4ab4-83ab-a08df9c439b6""}",2026-05-16T17:11:42.653467022Z
2026-05-16T17:11:42.655610Z 0 [Warning] [MY-012638] [InnoDB] Retry attempts for writing partial data failed.,error,"{""level"":""error""}","{""project"":""0ee5f251-6f6f-4df1-88b1-bb752a8a350b"",""environment"":""e0e44f1f-ec58-480e-94e9-09bad9cd99ba"",""service"":""df16bcd7-7927-4bbf-adf1-191ac3e92d21"",""deployment"":""9f2b543f-0b35-41bc-9cb5-d19bf9898c07"",""replica"":""1901484f-77af-4ab4-83ab-a08df9c439b6""}",2026-05-16T17:11:42.659669845Z
2026-05-16T17:11:42.655628Z 0 [ERROR] [MY-012888] [InnoDB] Cannot resize redo log file ./#innodb_redo/#ib_redo322_tmp to 3 MB (Failed to set size),error,"{""level"":""error""}","{""project"":""0ee5f251-6f6f-4df1-88b1-bb752a8a350b"",""environment"":""e0e44f1f-ec58-480e-94e9-09bad9cd99ba"",""service"":""df16bcd7-7927-4bbf-adf1-191ac3e92d21"",""deployment"":""9f2b543f-0b35-41bc-9cb5-d19bf9898c07"",""replica"":""1901484f-77af-4ab4-83ab-a08df9c439b6""}",2026-05-16T17:11:42.659676657Z
"2026-05-16T17:11:42.665594Z 0 [ERROR] [MY-012144] [InnoDB] posix_fallocate(): Failed to preallocate data for file ./railway/kpi_cache.ibd, desired size 16384 bytes. Operating system error number 28. Check that the disk is not full or a disk quota exceeded. Make sure the file system supports this function. Refer to your operating system documentation for operating system error code information.",error,"{""level"":""error""}","{""project"":""0ee5f251-6f6f-4df1-88b1-bb752a8a350b"",""environment"":""e0e44f1f-ec58-480e-94e9-09bad9cd99ba"",""service"":""df16bcd7-7927-4bbf-adf1-191ac3e92d21"",""deployment"":""9f2b543f-0b35-41bc-9cb5-d19bf9898c07"",""replica"":""1901484f-77af-4ab4-83ab-a08df9c439b6""}",2026-05-16T17:11:42.667904465Z
2026-05-16T17:11:42.665627Z 0 [Warning] [MY-012638] [InnoDB] Retry attempts for writing partial data failed.,error,"{""level"":""error""}","{""project"":""0ee5f251-6f6f-4df1-88b1-bb752a8a350b"",""environment"":""e0e44f1f-ec58-480e-94e9-09bad9cd99ba"",""service"":""df16bcd7-7927-4bbf-adf1-191ac3e92d21"",""deployment"":""9f2b543f-0b35-41bc-9cb5-d19bf9898c07"",""replica"":""1901484f-77af-4ab4-83ab-a08df9c439b6""}",2026-05-16T17:11:42.667908740Z
2026-05-16T17:11:42.665632Z 0 [Warning] [MY-012145] [InnoDB] Error while writing 16384 zeroes to ./railway/kpi_cache.ibd starting at offset 163840,error,"{""level"":""error""}","{""project"":""0ee5f251-6f6f-4df1-88b1-bb752a8a350b"",""environment"":""e0e44f1f-ec58-480e-94e9-09bad9cd99ba"",""service"":""df16bcd7-7927-4bbf-adf1-191ac3e92d21"",""deployment"":""9f2b543f-0b35-41bc-9cb5-d19bf9898c07"",""replica"":""1901484f-77af-4ab4-83ab-a08df9c439b6""}",2026-05-16T17:11:42.667912291Z
2026-05-16T17:11:42.670549Z 0 [Warning] [MY-012638] [InnoDB] Retry attempts for writing partial data failed.,error,"{""level"":""error""}","{""project"":""0ee5f251-6f6f-4df1-88b1-bb752a8a350b"",""environment"":""e0e44f1f-ec58-480e-94e9-09bad9cd99ba"",""service"":""df16bcd7-7927-4bbf-adf1-191ac3e92d21"",""deployment"":""9f2b543f-0b35-41bc-9cb5-d19bf9898c07"",""replica"":""1901484f-77af-4ab4-83ab-a08df9c439b6""}",2026-05-16T17:11:42.673120400Z
2026-05-16T17:11:42.670565Z 0 [ERROR] [MY-012888] [InnoDB] Cannot resize redo log file ./#innodb_redo/#ib_redo322_tmp to 3 MB (Failed to set size),error,"{""level"":""error""}","{""project"":""0ee5f251-6f6f-4df1-88b1-bb752a8a350b"",""environment"":""e0e44f1f-ec58-480e-94e9-09bad9cd99ba"",""service"":""df16bcd7-7927-4bbf-adf1-191ac3e92d21"",""deployment"":""9f2b543f-0b35-41bc-9cb5-d19bf9898c07"",""replica"":""1901484f-77af-4ab4-83ab-a08df9c439b6""}",2026-05-16T17:11:42.673126821Z
2026-05-16T17:11:42.685434Z 0 [Warning] [MY-012638] [InnoDB] Retry attempts for writing partial data failed.,error,"{""level"":""error""}","{""project"":""0ee5f251-6f6f-4df1-88b1-bb752a8a350b"",""environment"":""e0e44f1f-ec58-480e-94e9-09bad9cd99ba"",""service"":""df16bcd7-7927-4bbf-adf1-191ac3e92d21"",""deployment"":""9f2b543f-0b35-41bc-9cb5-d19bf9898c07"",""replica"":""1901484f-77af-4ab4-83ab-a08df9c439b6""}",2026-05-16T17:11:42.690862243Z
2026-05-16T17:11:42.685454Z 0 [ERROR] [MY-012888] [InnoDB] Cannot resize redo log file ./#innodb_redo/#ib_redo322_tmp to 3 MB (Failed to set size),error,"{""level"":""error""}","{""project"":""0ee5f251-6f6f-4df1-88b1-bb752a8a350b"",""environment"":""e0e44f1f-ec58-480e-94e9-09bad9cd99ba"",""service"":""df16bcd7-7927-4bbf-adf1-191ac3e92d21"",""deployment"":""9f2b543f-0b35-41bc-9cb5-d19bf9898c07"",""replica"":""1901484f-77af-4ab4-83ab-a08df9c439b6""}",2026-05-16T17:11:42.690866686Z
2026-05-16T17:11:42.705195Z 0 [Warning] [MY-012638] [InnoDB] Retry attempts for writing partial data failed.,error,"{""level"":""error""}","{""project"":""0ee5f251-6f6f-4df1-88b1-bb752a8a350b"",""environment"":""e0e44f1f-ec58-480e-94e9-09bad9cd99ba"",""service"":""df16bcd7-7927-4bbf-adf1-191ac3e92d21"",""deployment"":""9f2b543f-0b35-41bc-9cb5-d19bf9898c07"",""replica"":""1901484f-77af-4ab4-83ab-a08df9c439b6""}",2026-05-16T17:11:42.707112454Z
2026-05-16T17:11:42.705219Z 0 [ERROR] [MY-012888] [InnoDB] Cannot resize redo log file ./#innodb_redo/#ib_redo322_tmp to 3 MB (Failed to set size),error,"{""level"":""error""}","{""project"":""0ee5f251-6f6f-4df1-88b1-bb752a8a350b"",""environment"":""e0e44f1f-ec58-480e-94e9-09bad9cd99ba"",""service"":""df16bcd7-7927-4bbf-adf1-191ac3e92d21"",""deployment"":""9f2b543f-0b35-41bc-9cb5-d19bf9898c07"",""replica"":""1901484f-77af-4ab4-83ab-a08df9c439b6""}",2026-05-16T17:11:42.707120181Z
"2026-05-16T17:11:42.715795Z 0 [ERROR] [MY-012144] [InnoDB] posix_fallocate(): Failed to preallocate data for file ./railway/kpi_cache.ibd, desired size 16384 bytes. Operating system error number 28. Check that the disk is not full or a disk quota exceeded. Make sure the file system supports this function. Refer to your operating system documentation for operating system error code information.",error,"{""level"":""error""}","{""project"":""0ee5f251-6f6f-4df1-88b1-bb752a8a350b"",""environment"":""e0e44f1f-ec58-480e-94e9-09bad9cd99ba"",""service"":""df16bcd7-7927-4bbf-adf1-191ac3e92d21"",""deployment"":""9f2b543f-0b35-41bc-9cb5-d19bf9898c07"",""replica"":""1901484f-77af-4ab4-83ab-a08df9c439b6""}",2026-05-16T17:11:42.718255983Z
2026-05-16T17:11:42.715828Z 0 [Warning] [MY-012638] [InnoDB] Retry attempts for writing partial data failed.,error,"{""level"":""error""}","{""project"":""0ee5f251-6f6f-4df1-88b1-bb752a8a350b"",""environment"":""e0e44f1f-ec58-480e-94e9-09bad9cd99ba"",""service"":""df16bcd7-7927-4bbf-adf1-191ac3e92d21"",""deployment"":""9f2b543f-0b35-41bc-9cb5-d19bf9898c07"",""replica"":""1901484f-77af-4ab4-83ab-a08df9c439b6""}",2026-05-16T17:11:42.718262243Z
2026-05-16T17:11:42.715834Z 0 [Warning] [MY-012145] [InnoDB] Error while writing 16384 zeroes to ./railway/kpi_cache.ibd starting at offset 163840,error,"{""level"":""error""}","{""project"":""0ee5f251-6f6f-4df1-88b1-bb752a8a350b"",""environment"":""e0e44f1f-ec58-480e-94e9-09bad9cd99ba"",""service"":""df16bcd7-7927-4bbf-adf1-191ac3e92d21"",""deployment"":""9f2b543f-0b35-41bc-9cb5-d19bf9898c07"",""replica"":""1901484f-77af-4ab4-83ab-a08df9c439b6""}",2026-05-16T17:11:42.718265890Z
2026-05-16T17:11:42.720388Z 0 [Warning] [MY-012638] [InnoDB] Retry attempts for writing partial data failed.,error,"{""level"":""error""}","{""project"":""0ee5f251-6f6f-4df1-88b1-bb752a8a350b"",""environment"":""e0e44f1f-ec58-480e-94e9-09bad9cd99ba"",""service"":""df16bcd7-7927-4bbf-adf1-191ac3e92d21"",""deployment"":""9f2b543f-0b35-41bc-9cb5-d19bf9898c07"",""replica"":""1901484f-77af-4ab4-83ab-a08df9c439b6""}",2026-05-16T17:11:42.724480937Z
2026-05-16T17:11:42.720406Z 0 [ERROR] [MY-012888] [InnoDB] Cannot resize redo log file ./#innodb_redo/#ib_redo322_tmp to 3 MB (Failed to set size),error,"{""level"":""error""}","{""project"":""0ee5f251-6f6f-4df1-88b1-bb752a8a350b"",""environment"":""e0e44f1f-ec58-480e-94e9-09bad9cd99ba"",""service"":""df16bcd7-7927-4bbf-adf1-191ac3e92d21"",""deployment"":""9f2b543f-0b35-41bc-9cb5-d19bf9898c07"",""replica"":""1901484f-77af-4ab4-83ab-a08df9c439b6""}",2026-05-16T17:11:42.724485304Z
2026-05-16T17:11:42.735375Z 0 [Warning] [MY-012638] [InnoDB] Retry attempts for writing partial data failed.,error,"{""level"":""error""}","{""project"":""0ee5f251-6f6f-4df1-88b1-bb752a8a350b"",""environment"":""e0e44f1f-ec58-480e-94e9-09bad9cd99ba"",""service"":""df16bcd7-7927-4bbf-adf1-191ac3e92d21"",""deployment"":""9f2b543f-0b35-41bc-9cb5-d19bf9898c07"",""replica"":""1901484f-77af-4ab4-83ab-a08df9c439b6""}",2026-05-16T17:11:42.739283231Z
2026-05-16T17:11:42.735393Z 0 [ERROR] [MY-012888] [InnoDB] Cannot resize redo log file ./#innodb_redo/#ib_redo322_tmp to 3 MB (Failed to set size),error,"{""level"":""error""}","{""project"":""0ee5f251-6f6f-4df1-88b1-bb752a8a350b"",""environment"":""e0e44f1f-ec58-480e-94e9-09bad9cd99ba"",""service"":""df16bcd7-7927-4bbf-adf1-191ac3e92d21"",""deployment"":""9f2b543f-0b35-41bc-9cb5-d19bf9898c07"",""replica"":""1901484f-77af-4ab4-83ab-a08df9c439b6""}",2026-05-16T17:11:42.739292380Z
2026-05-16T17:11:42.752636Z 0 [Warning] [MY-012638] [InnoDB] Retry attempts for writing partial data failed.,error,"{""level"":""error""}","{""project"":""0ee5f251-6f6f-4df1-88b1-bb752a8a350b"",""environment"":""e0e44f1f-ec58-480e-94e9-09bad9cd99ba"",""service"":""df16bcd7-7927-4bbf-adf1-191ac3e92d21"",""deployment"":""9f2b543f-0b35-41bc-9cb5-d19bf9898c07"",""replica"":""1901484f-77af-4ab4-83ab-a08df9c439b6""}",2026-05-16T17:11:42.753628303Z
2026-05-16T17:11:42.752653Z 0 [ERROR] [MY-012888] [InnoDB] Cannot resize redo log file ./#innodb_redo/#ib_redo322_tmp to 3 MB (Failed to set size),error,"{""level"":""error""}","{""project"":""0ee5f251-6f6f-4df1-88b1-bb752a8a350b"",""environment"":""e0e44f1f-ec58-480e-94e9-09bad9cd99ba"",""service"":""df16bcd7-7927-4bbf-adf1-191ac3e92d21"",""deployment"":""9f2b543f-0b35-41bc-9cb5-d19bf9898c07"",""replica"":""1901484f-77af-4ab4-83ab-a08df9c439b6""}",2026-05-16T17:11:42.753634963Z
"2026-05-16T17:11:42.766000Z 0 [ERROR] [MY-012144] [InnoDB] posix_fallocate(): Failed to preallocate data for file ./railway/kpi_cache.ibd, desired size 16384 bytes. Operating system error number 28. Check that the disk is not full or a disk quota exceeded. Make sure the file system supports this function. Refer to your operating system documentation for operating system error code information.",error,"{""level"":""error""}","{""project"":""0ee5f251-6f6f-4df1-88b1-bb752a8a350b"",""environment"":""e0e44f1f-ec58-480e-94e9-09bad9cd99ba"",""service"":""df16bcd7-7927-4bbf-adf1-191ac3e92d21"",""deployment"":""9f2b543f-0b35-41bc-9cb5-d19bf9898c07"",""replica"":""1901484f-77af-4ab4-83ab-a08df9c439b6""}",2026-05-16T17:11:42.766644299Z
2026-05-16T17:11:42.766032Z 0 [Warning] [MY-012638] [InnoDB] Retry attempts for writing partial data failed.,error,"{""level"":""error""}","{""project"":""0ee5f251-6f6f-4df1-88b1-bb752a8a350b"",""environment"":""e0e44f1f-ec58-480e-94e9-09bad9cd99ba"",""service"":""df16bcd7-7927-4bbf-adf1-191ac3e92d21"",""deployment"":""9f2b543f-0b35-41bc-9cb5-d19bf9898c07"",""replica"":""1901484f-77af-4ab4-83ab-a08df9c439b6""}",2026-05-16T17:11:42.766649082Z
2026-05-16T17:11:42.766038Z 0 [Warning] [MY-012145] [InnoDB] Error while writing 16384 zeroes to ./railway/kpi_cache.ibd starting at offset 163840,error,"{""level"":""error""}","{""project"":""0ee5f251-6f6f-4df1-88b1-bb752a8a350b"",""environment"":""e0e44f1f-ec58-480e-94e9-09bad9cd99ba"",""service"":""df16bcd7-7927-4bbf-adf1-191ac3e92d21"",""deployment"":""9f2b543f-0b35-41bc-9cb5-d19bf9898c07"",""replica"":""1901484f-77af-4ab4-83ab-a08df9c439b6""}",2026-05-16T17:11:42.766651951Z
2026-05-16T17:11:42.767732Z 0 [Warning] [MY-012638] [InnoDB] Retry attempts for writing partial data failed.,error,"{""level"":""error""}","{""project"":""0ee5f251-6f6f-4df1-88b1-bb752a8a350b"",""environment"":""e0e44f1f-ec58-480e-94e9-09bad9cd99ba"",""service"":""df16bcd7-7927-4bbf-adf1-191ac3e92d21"",""deployment"":""9f2b543f-0b35-41bc-9cb5-d19bf9898c07"",""replica"":""1901484f-77af-4ab4-83ab-a08df9c439b6""}",2026-05-16T17:11:42.772739211Z
2026-05-16T17:11:42.767751Z 0 [ERROR] [MY-012888] [InnoDB] Cannot resize redo log file ./#innodb_redo/#ib_redo322_tmp to 3 MB (Failed to set size),error,"{""level"":""error""}","{""project"":""0ee5f251-6f6f-4df1-88b1-bb752a8a350b"",""environment"":""e0e44f1f-ec58-480e-94e9-09bad9cd99ba"",""service"":""df16bcd7-7927-4bbf-adf1-191ac3e92d21"",""deployment"":""9f2b543f-0b35-41bc-9cb5-d19bf9898c07"",""replica"":""1901484f-77af-4ab4-83ab-a08df9c439b6""}",2026-05-16T17:11:42.772745851Z
2026-05-16T17:11:42.783202Z 0 [Warning] [MY-012638] [InnoDB] Retry attempts for writing partial data failed.,error,"{""level"":""error""}","{""project"":""0ee5f251-6f6f-4df1-88b1-bb752a8a350b"",""environment"":""e0e44f1f-ec58-480e-94e9-09bad9cd99ba"",""service"":""df16bcd7-7927-4bbf-adf1-191ac3e92d21"",""deployment"":""9f2b543f-0b35-41bc-9cb5-d19bf9898c07"",""replica"":""1901484f-77af-4ab4-83ab-a08df9c439b6""}",2026-05-16T17:11:42.786663607Z
2026-05-16T17:11:42.783219Z 0 [ERROR] [MY-012888] [InnoDB] Cannot resize redo log file ./#innodb_redo/#ib_redo322_tmp to 3 MB (Failed to set size),error,"{""level"":""error""}","{""project"":""0ee5f251-6f6f-4df1-88b1-bb752a8a350b"",""environment"":""e0e44f1f-ec58-480e-94e9-09bad9cd99ba"",""service"":""df16bcd7-7927-4bbf-adf1-191ac3e92d21"",""deployment"":""9f2b543f-0b35-41bc-9cb5-d19bf9898c07"",""replica"":""1901484f-77af-4ab4-83ab-a08df9c439b6""}",2026-05-16T17:11:42.786671937Z
2026-05-16T17:11:42.798006Z 0 [Warning] [MY-012638] [InnoDB] Retry attempts for writing partial data failed.,error,"{""level"":""error""}","{""project"":""0ee5f251-6f6f-4df1-88b1-bb752a8a350b"",""environment"":""e0e44f1f-ec58-480e-94e9-09bad9cd99ba"",""service"":""df16bcd7-7927-4bbf-adf1-191ac3e92d21"",""deployment"":""9f2b543f-0b35-41bc-9cb5-d19bf9898c07"",""replica"":""1901484f-77af-4ab4-83ab-a08df9c439b6""}",2026-05-16T17:11:42.799074735Z
2026-05-16T17:11:42.798023Z 0 [ERROR] [MY-012888] [InnoDB] Cannot resize redo log file ./#innodb_redo/#ib_redo322_tmp to 3 MB (Failed to set size),error,"{""level"":""error""}","{""project"":""0ee5f251-6f6f-4df1-88b1-bb752a8a350b"",""environment"":""e0e44f1f-ec58-480e-94e9-09bad9cd99ba"",""service"":""df16bcd7-7927-4bbf-adf1-191ac3e92d21"",""deployment"":""9f2b543f-0b35-41bc-9cb5-d19bf9898c07"",""replica"":""1901484f-77af-4ab4-83ab-a08df9c439b6""}",2026-05-16T17:11:42.799079365Z
2026-05-16T17:11:42.813023Z 0 [Warning] [MY-012638] [InnoDB] Retry attempts for writing partial data failed.,error,"{""level"":""error""}","{""project"":""0ee5f251-6f6f-4df1-88b1-bb752a8a350b"",""environment"":""e0e44f1f-ec58-480e-94e9-09bad9cd99ba"",""service"":""df16bcd7-7927-4bbf-adf1-191ac3e92d21"",""deployment"":""9f2b543f-0b35-41bc-9cb5-d19bf9898c07"",""replica"":""1901484f-77af-4ab4-83ab-a08df9c439b6""}",2026-05-16T17:11:42.822478270Z
2026-05-16T17:11:42.813039Z 0 [ERROR] [MY-012888] [InnoDB] Cannot resize redo log file ./#innodb_redo/#ib_redo322_tmp to 3 MB (Failed to set size),error,"{""level"":""error""}","{""project"":""0ee5f251-6f6f-4df1-88b1-bb752a8a350b"",""environment"":""e0e44f1f-ec58-480e-94e9-09bad9cd99ba"",""service"":""df16bcd7-7927-4bbf-adf1-191ac3e92d21"",""deployment"":""9f2b543f-0b35-41bc-9cb5-d19bf9898c07"",""replica"":""1901484f-77af-4ab4-83ab-a08df9c439b6""}",2026-05-16T17:11:42.822482975Z
"2026-05-16T17:11:42.816370Z 0 [ERROR] [MY-012144] [InnoDB] posix_fallocate(): Failed to preallocate data for file ./railway/kpi_cache.ibd, desired size 16384 bytes. Operating system error number 28. Check that the disk is not full or a disk quota exceeded. Make sure the file system supports this function. Refer to your operating system documentation for operating system error code information.",error,"{""level"":""error""}","{""project"":""0ee5f251-6f6f-4df1-88b1-bb752a8a350b"",""environment"":""e0e44f1f-ec58-480e-94e9-09bad9cd99ba"",""service"":""df16bcd7-7927-4bbf-adf1-191ac3e92d21"",""deployment"":""9f2b543f-0b35-41bc-9cb5-d19bf9898c07"",""replica"":""1901484f-77af-4ab4-83ab-a08df9c439b6""}",2026-05-16T17:11:42.822486335Z
2026-05-16T17:11:42.816403Z 0 [Warning] [MY-012638] [InnoDB] Retry attempts for writing partial data failed.,error,"{""level"":""error""}","{""project"":""0ee5f251-6f6f-4df1-88b1-bb752a8a350b"",""environment"":""e0e44f1f-ec58-480e-94e9-09bad9cd99ba"",""service"":""df16bcd7-7927-4bbf-adf1-191ac3e92d21"",""deployment"":""9f2b543f-0b35-41bc-9cb5-d19bf9898c07"",""replica"":""1901484f-77af-4ab4-83ab-a08df9c439b6""}",2026-05-16T17:11:42.822489199Z
2026-05-16T17:11:42.816414Z 0 [Warning] [MY-012145] [InnoDB] Error while writing 16384 zeroes to ./railway/kpi_cache.ibd starting at offset 163840,error,"{""level"":""error""}","{""project"":""0ee5f251-6f6f-4df1-88b1-bb752a8a350b"",""environment"":""e0e44f1f-ec58-480e-94e9-09bad9cd99ba"",""service"":""df16bcd7-7927-4bbf-adf1-191ac3e92d21"",""deployment"":""9f2b543f-0b35-41bc-9cb5-d19bf9898c07"",""replica"":""1901484f-77af-4ab4-83ab-a08df9c439b6""}",2026-05-16T17:11:42.822491977Z
2026-05-16T17:11:42.827897Z 0 [Warning] [MY-012638] [InnoDB] Retry attempts for writing partial data failed.,error,"{""level"":""error""}","{""project"":""0ee5f251-6f6f-4df1-88b1-bb752a8a350b"",""environment"":""e0e44f1f-ec58-480e-94e9-09bad9cd99ba"",""service"":""df16bcd7-7927-4bbf-adf1-191ac3e92d21"",""deployment"":""9f2b543f-0b35-41bc-9cb5-d19bf9898c07"",""replica"":""1901484f-77af-4ab4-83ab-a08df9c439b6""}",2026-05-16T17:11:42.834983277Z
2026-05-16T17:11:42.827912Z 0 [ERROR] [MY-012888] [InnoDB] Cannot resize redo log file ./#innodb_redo/#ib_redo322_tmp to 3 MB (Failed to set size),error,"{""level"":""error""}","{""project"":""0ee5f251-6f6f-4df1-88b1-bb752a8a350b"",""environment"":""e0e44f1f-ec58-480e-94e9-09bad9cd99ba"",""service"":""df16bcd7-7927-4bbf-adf1-191ac3e92d21"",""deployment"":""9f2b543f-0b35-41bc-9cb5-d19bf9898c07"",""replica"":""1901484f-77af-4ab4-83ab-a08df9c439b6""}",2026-05-16T17:11:42.834989237Z
2026-05-16T17:11:42.843478Z 0 [Warning] [MY-012638] [InnoDB] Retry attempts for writing partial data failed.,error,"{""level"":""error""}","{""project"":""0ee5f251-6f6f-4df1-88b1-bb752a8a350b"",""environment"":""e0e44f1f-ec58-480e-94e9-09bad9cd99ba"",""service"":""df16bcd7-7927-4bbf-adf1-191ac3e92d21"",""deployment"":""9f2b543f-0b35-41bc-9cb5-d19bf9898c07"",""replica"":""1901484f-77af-4ab4-83ab-a08df9c439b6""}",2026-05-16T17:11:42.849481835Z
2026-05-16T17:11:42.843497Z 0 [ERROR] [MY-012888] [InnoDB] Cannot resize redo log file ./#innodb_redo/#ib_redo322_tmp to 3 MB (Failed to set size),error,"{""level"":""error""}","{""project"":""0ee5f251-6f6f-4df1-88b1-bb752a8a350b"",""environment"":""e0e44f1f-ec58-480e-94e9-09bad9cd99ba"",""service"":""df16bcd7-7927-4bbf-adf1-191ac3e92d21"",""deployment"":""9f2b543f-0b35-41bc-9cb5-d19bf9898c07"",""replica"":""1901484f-77af-4ab4-83ab-a08df9c439b6""}",2026-05-16T17:11:42.849487045Z
2026-05-16T17:11:42.858364Z 0 [Warning] [MY-012638] [InnoDB] Retry attempts for writing partial data failed.,error,"{""level"":""error""}","{""project"":""0ee5f251-6f6f-4df1-88b1-bb752a8a350b"",""environment"":""e0e44f1f-ec58-480e-94e9-09bad9cd99ba"",""service"":""df16bcd7-7927-4bbf-adf1-191ac3e92d21"",""deployment"":""9f2b543f-0b35-41bc-9cb5-d19bf9898c07"",""replica"":""1901484f-77af-4ab4-83ab-a08df9c439b6""}",2026-05-16T17:11:42.861886193Z
2026-05-16T17:11:42.858386Z 0 [ERROR] [MY-012888] [InnoDB] Cannot resize redo log file ./#innodb_redo/#ib_redo322_tmp to 3 MB (Failed to set size),error,"{""level"":""error""}","{""project"":""0ee5f251-6f6f-4df1-88b1-bb752a8a350b"",""environment"":""e0e44f1f-ec58-480e-94e9-09bad9cd99ba"",""service"":""df16bcd7-7927-4bbf-adf1-191ac3e92d21"",""deployment"":""9f2b543f-0b35-41bc-9cb5-d19bf9898c07"",""replica"":""1901484f-77af-4ab4-83ab-a08df9c439b6""}",2026-05-16T17:11:42.861890709Z
"2026-05-16T17:11:42.866573Z 0 [ERROR] [MY-012144] [InnoDB] posix_fallocate(): Failed to preallocate data for file ./railway/kpi_cache.ibd, desired size 16384 bytes. Operating system error number 28. Check that the disk is not full or a disk quota exceeded. Make sure the file system supports this function. Refer to your operating system documentation for operating system error code information.",error,"{""level"":""error""}","{""project"":""0ee5f251-6f6f-4df1-88b1-bb752a8a350b"",""environment"":""e0e44f1f-ec58-480e-94e9-09bad9cd99ba"",""service"":""df16bcd7-7927-4bbf-adf1-191ac3e92d21"",""deployment"":""9f2b543f-0b35-41bc-9cb5-d19bf9898c07"",""replica"":""1901484f-77af-4ab4-83ab-a08df9c439b6""}",2026-05-16T17:11:42.868455343Z
2026-05-16T17:11:42.866607Z 0 [Warning] [MY-012638] [InnoDB] Retry attempts for writing partial data failed.,error,"{""level"":""error""}","{""project"":""0ee5f251-6f6f-4df1-88b1-bb752a8a350b"",""environment"":""e0e44f1f-ec58-480e-94e9-09bad9cd99ba"",""service"":""df16bcd7-7927-4bbf-adf1-191ac3e92d21"",""deployment"":""9f2b543f-0b35-41bc-9cb5-d19bf9898c07"",""replica"":""1901484f-77af-4ab4-83ab-a08df9c439b6""}",2026-05-16T17:11:42.868460163Z
2026-05-16T17:11:42.866612Z 0 [Warning] [MY-012145] [InnoDB] Error while writing 16384 zeroes to ./railway/kpi_cache.ibd starting at offset 163840,error,"{""level"":""error""}","{""project"":""0ee5f251-6f6f-4df1-88b1-bb752a8a350b"",""environment"":""e0e44f1f-ec58-480e-94e9-09bad9cd99ba"",""service"":""df16bcd7-7927-4bbf-adf1-191ac3e92d21"",""deployment"":""9f2b543f-0b35-41bc-9cb5-d19bf9898c07"",""replica"":""1901484f-77af-4ab4-83ab-a08df9c439b6""}",2026-05-16T17:11:42.868463224Z
2026-05-16T17:11:42.873298Z 0 [Warning] [MY-012638] [InnoDB] Retry attempts for writing partial data failed.,error,"{""level"":""error""}","{""project"":""0ee5f251-6f6f-4df1-88b1-bb752a8a350b"",""environment"":""e0e44f1f-ec58-480e-94e9-09bad9cd99ba"",""service"":""df16bcd7-7927-4bbf-adf1-191ac3e92d21"",""deployment"":""9f2b543f-0b35-41bc-9cb5-d19bf9898c07"",""replica"":""1901484f-77af-4ab4-83ab-a08df9c439b6""}",2026-05-16T17:11:42.874515214Z
2026-05-16T17:11:42.873314Z 0 [ERROR] [MY-012888] [InnoDB] Cannot resize redo log file ./#innodb_redo/#ib_redo322_tmp to 3 MB (Failed to set size),error,"{""level"":""error""}","{""project"":""0ee5f251-6f6f-4df1-88b1-bb752a8a350b"",""environment"":""e0e44f1f-ec58-480e-94e9-09bad9cd99ba"",""service"":""df16bcd7-7927-4bbf-adf1-191ac3e92d21"",""deployment"":""9f2b543f-0b35-41bc-9cb5-d19bf9898c07"",""replica"":""1901484f-77af-4ab4-83ab-a08df9c439b6""}",2026-05-16T17:11:42.874519478Z
2026-05-16T17:11:42.888450Z 0 [Warning] [MY-012638] [InnoDB] Retry attempts for writing partial data failed.,error,"{""level"":""error""}","{""project"":""0ee5f251-6f6f-4df1-88b1-bb752a8a350b"",""environment"":""e0e44f1f-ec58-480e-94e9-09bad9cd99ba"",""service"":""df16bcd7-7927-4bbf-adf1-191ac3e92d21"",""deployment"":""9f2b543f-0b35-41bc-9cb5-d19bf9898c07"",""replica"":""1901484f-77af-4ab4-83ab-a08df9c439b6""}",2026-05-16T17:11:42.888842879Z
2026-05-16T17:11:42.888467Z 0 [ERROR] [MY-012888] [InnoDB] Cannot resize redo log file ./#innodb_redo/#ib_redo322_tmp to 3 MB (Failed to set size),error,"{""level"":""error""}","{""project"":""0ee5f251-6f6f-4df1-88b1-bb752a8a350b"",""environment"":""e0e44f1f-ec58-480e-94e9-09bad9cd99ba"",""service"":""df16bcd7-7927-4bbf-adf1-191ac3e92d21"",""deployment"":""9f2b543f-0b35-41bc-9cb5-d19bf9898c07"",""replica"":""1901484f-77af-4ab4-83ab-a08df9c439b6""}",2026-05-16T17:11:42.888847459Z
2026-05-16T17:11:42.903739Z 0 [Warning] [MY-012638] [InnoDB] Retry attempts for writing partial data failed.,error,"{""level"":""error""}","{""project"":""0ee5f251-6f6f-4df1-88b1-bb752a8a350b"",""environment"":""e0e44f1f-ec58-480e-94e9-09bad9cd99ba"",""service"":""df16bcd7-7927-4bbf-adf1-191ac3e92d21"",""deployment"":""9f2b543f-0b35-41bc-9cb5-d19bf9898c07"",""replica"":""1901484f-77af-4ab4-83ab-a08df9c439b6""}",2026-05-16T17:11:42.912402970Z
2026-05-16T17:11:42.903756Z 0 [ERROR] [MY-012888] [InnoDB] Cannot resize redo log file ./#innodb_redo/#ib_redo322_tmp to 3 MB (Failed to set size),error,"{""level"":""error""}","{""project"":""0ee5f251-6f6f-4df1-88b1-bb752a8a350b"",""environment"":""e0e44f1f-ec58-480e-94e9-09bad9cd99ba"",""service"":""df16bcd7-7927-4bbf-adf1-191ac3e92d21"",""deployment"":""9f2b543f-0b35-41bc-9cb5-d19bf9898c07"",""replica"":""1901484f-77af-4ab4-83ab-a08df9c439b6""}",2026-05-16T17:11:42.912411637Z
"2026-05-16T17:11:42.916780Z 0 [ERROR] [MY-012144] [InnoDB] posix_fallocate(): Failed to preallocate data for file ./railway/kpi_cache.ibd, desired size 16384 bytes. Operating system error number 28. Check that the disk is not full or a disk quota exceeded. Make sure the file system supports this function. Refer to your operating system documentation for operating system error code information.",error,"{""level"":""error""}","{""project"":""0ee5f251-6f6f-4df1-88b1-bb752a8a350b"",""environment"":""e0e44f1f-ec58-480e-94e9-09bad9cd99ba"",""service"":""df16bcd7-7927-4bbf-adf1-191ac3e92d21"",""deployment"":""9f2b543f-0b35-41bc-9cb5-d19bf9898c07"",""replica"":""1901484f-77af-4ab4-83ab-a08df9c439b6""}",2026-05-16T17:11:42.919822015Z
2026-05-16T17:11:42.916811Z 0 [Warning] [MY-012638] [InnoDB] Retry attempts for writing partial data failed.,error,"{""level"":""error""}","{""project"":""0ee5f251-6f6f-4df1-88b1-bb752a8a350b"",""environment"":""e0e44f1f-ec58-480e-94e9-09bad9cd99ba"",""service"":""df16bcd7-7927-4bbf-adf1-191ac3e92d21"",""deployment"":""9f2b543f-0b35-41bc-9cb5-d19bf9898c07"",""replica"":""1901484f-77af-4ab4-83ab-a08df9c439b6""}",2026-05-16T17:11:42.919826027Z
2026-05-16T17:11:42.916817Z 0 [Warning] [MY-012145] [InnoDB] Error while writing 16384 zeroes to ./railway/kpi_cache.ibd starting at offset 163840,error,"{""level"":""error""}","{""project"":""0ee5f251-6f6f-4df1-88b1-bb752a8a350b"",""environment"":""e0e44f1f-ec58-480e-94e9-09bad9cd99ba"",""service"":""df16bcd7-7927-4bbf-adf1-191ac3e92d21"",""deployment"":""9f2b543f-0b35-41bc-9cb5-d19bf9898c07"",""replica"":""1901484f-77af-4ab4-83ab-a08df9c439b6""}",2026-05-16T17:11:42.919829250Z
2026-05-16T17:11:42.918817Z 0 [Warning] [MY-012638] [InnoDB] Retry attempts for writing partial data failed.,error,"{""level"":""error""}","{""project"":""0ee5f251-6f6f-4df1-88b1-bb752a8a350b"",""environment"":""e0e44f1f-ec58-480e-94e9-09bad9cd99ba"",""service"":""df16bcd7-7927-4bbf-adf1-191ac3e92d21"",""deployment"":""9f2b543f-0b35-41bc-9cb5-d19bf9898c07"",""replica"":""1901484f-77af-4ab4-83ab-a08df9c439b6""}",2026-05-16T17:11:42.919832138Z
2026-05-16T17:11:42.918833Z 0 [ERROR] [MY-012888] [InnoDB] Cannot resize redo log file ./#innodb_redo/#ib_redo322_tmp to 3 MB (Failed to set size),error,"{""level"":""error""}","{""project"":""0ee5f251-6f6f-4df1-88b1-bb752a8a350b"",""environment"":""e0e44f1f-ec58-480e-94e9-09bad9cd99ba"",""service"":""df16bcd7-7927-4bbf-adf1-191ac3e92d21"",""deployment"":""9f2b543f-0b35-41bc-9cb5-d19bf9898c07"",""replica"":""1901484f-77af-4ab4-83ab-a08df9c439b6""}",2026-05-16T17:11:42.919835478Z
2026-05-16T17:11:42.951796Z 0 [ERROR] [MY-012888] [InnoDB] Cannot resize redo log file ./#innodb_redo/#ib_redo322_tmp to 3 MB (Failed to set size),error,"{""level"":""error""}","{""project"":""0ee5f251-6f6f-4df1-88b1-bb752a8a350b"",""environment"":""e0e44f1f-ec58-480e-94e9-09bad9cd99ba"",""service"":""df16bcd7-7927-4bbf-adf1-191ac3e92d21"",""deployment"":""9f2b543f-0b35-41bc-9cb5-d19bf9898c07"",""replica"":""1901484f-77af-4ab4-83ab-a08df9c439b6""}",2026-05-16T17:11:43.279580408Z
2026-05-16T17:11:42.966814Z 0 [Warning] [MY-012638] [InnoDB] Retry attempts for writing partial data failed.,error,"{""level"":""error""}","{""project"":""0ee5f251-6f6f-4df1-88b1-bb752a8a350b"",""environment"":""e0e44f1f-ec58-480e-94e9-09bad9cd99ba"",""service"":""df16bcd7-7927-4bbf-adf1-191ac3e92d21"",""deployment"":""9f2b543f-0b35-41bc-9cb5-d19bf9898c07"",""replica"":""1901484f-77af-4ab4-83ab-a08df9c439b6""}",2026-05-16T17:11:43.279588422Z
2026-05-16T17:11:42.966831Z 0 [ERROR] [MY-012888] [InnoDB] Cannot resize redo log file ./#innodb_redo/#ib_redo322_tmp to 3 MB (Failed to set size),error,"{""level"":""error""}","{""project"":""0ee5f251-6f6f-4df1-88b1-bb752a8a350b"",""environment"":""e0e44f1f-ec58-480e-94e9-09bad9cd99ba"",""service"":""df16bcd7-7927-4bbf-adf1-191ac3e92d21"",""deployment"":""9f2b543f-0b35-41bc-9cb5-d19bf9898c07"",""replica"":""1901484f-77af-4ab4-83ab-a08df9c439b6""}",2026-05-16T17:11:43.279593285Z
"2026-05-16T17:11:42.967522Z 0 [ERROR] [MY-012144] [InnoDB] posix_fallocate(): Failed to preallocate data for file ./railway/kpi_cache.ibd, desired size 16384 bytes. Operating system error number 28. Check that the disk is not full or a disk quota exceeded. Make sure the file system supports this function. Refer to your operating system documentation for operating system error code information.",error,"{""level"":""error""}","{""project"":""0ee5f251-6f6f-4df1-88b1-bb752a8a350b"",""environment"":""e0e44f1f-ec58-480e-94e9-09bad9cd99ba"",""service"":""df16bcd7-7927-4bbf-adf1-191ac3e92d21"",""deployment"":""9f2b543f-0b35-41bc-9cb5-d19bf9898c07"",""replica"":""1901484f-77af-4ab4-83ab-a08df9c439b6""}",2026-05-16T17:11:43.279597005Z
2026-05-16T17:11:42.967564Z 0 [Warning] [MY-012638] [InnoDB] Retry attempts for writing partial data failed.,error,"{""level"":""error""}","{""project"":""0ee5f251-6f6f-4df1-88b1-bb752a8a350b"",""environment"":""e0e44f1f-ec58-480e-94e9-09bad9cd99ba"",""service"":""df16bcd7-7927-4bbf-adf1-191ac3e92d21"",""deployment"":""9f2b543f-0b35-41bc-9cb5-d19bf9898c07"",""replica"":""1901484f-77af-4ab4-83ab-a08df9c439b6""}",2026-05-16T17:11:43.279600424Z
2026-05-16T17:11:42.967572Z 0 [Warning] [MY-012145] [InnoDB] Error while writing 16384 zeroes to ./railway/kpi_cache.ibd starting at offset 163840,error,"{""level"":""error""}","{""project"":""0ee5f251-6f6f-4df1-88b1-bb752a8a350b"",""environment"":""e0e44f1f-ec58-480e-94e9-09bad9cd99ba"",""service"":""df16bcd7-7927-4bbf-adf1-191ac3e92d21"",""deployment"":""9f2b543f-0b35-41bc-9cb5-d19bf9898c07"",""replica"":""1901484f-77af-4ab4-83ab-a08df9c439b6""}",2026-05-16T17:11:43.279603982Z
2026-05-16T17:11:42.982004Z 0 [Warning] [MY-012638] [InnoDB] Retry attempts for writing partial data failed.,error,"{""level"":""error""}","{""project"":""0ee5f251-6f6f-4df1-88b1-bb752a8a350b"",""environment"":""e0e44f1f-ec58-480e-94e9-09bad9cd99ba"",""service"":""df16bcd7-7927-4bbf-adf1-191ac3e92d21"",""deployment"":""9f2b543f-0b35-41bc-9cb5-d19bf9898c07"",""replica"":""1901484f-77af-4ab4-83ab-a08df9c439b6""}",2026-05-16T17:11:43.279609728Z
2026-05-16T17:11:42.982019Z 0 [ERROR] [MY-012888] [InnoDB] Cannot resize redo log file ./#innodb_redo/#ib_redo322_tmp to 3 MB (Failed to set size),error,"{""level"":""error""}","{""project"":""0ee5f251-6f6f-4df1-88b1-bb752a8a350b"",""environment"":""e0e44f1f-ec58-480e-94e9-09bad9cd99ba"",""service"":""df16bcd7-7927-4bbf-adf1-191ac3e92d21"",""deployment"":""9f2b543f-0b35-41bc-9cb5-d19bf9898c07"",""replica"":""1901484f-77af-4ab4-83ab-a08df9c439b6""}",2026-05-16T17:11:43.279613528Z
2026-05-16T17:11:42.934262Z 0 [Warning] [MY-012638] [InnoDB] Retry attempts for writing partial data failed.,error,"{""level"":""error""}","{""project"":""0ee5f251-6f6f-4df1-88b1-bb752a8a350b"",""environment"":""e0e44f1f-ec58-480e-94e9-09bad9cd99ba"",""service"":""df16bcd7-7927-4bbf-adf1-191ac3e92d21"",""deployment"":""9f2b543f-0b35-41bc-9cb5-d19bf9898c07"",""replica"":""1901484f-77af-4ab4-83ab-a08df9c439b6""}",2026-05-16T17:11:43.279717294Z
2026-05-16T17:11:42.934279Z 0 [ERROR] [MY-012888] [InnoDB] Cannot resize redo log file ./#innodb_redo/#ib_redo322_tmp to 3 MB (Failed to set size),error,"{""level"":""error""}","{""project"":""0ee5f251-6f6f-4df1-88b1-bb752a8a350b"",""environment"":""e0e44f1f-ec58-480e-94e9-09bad9cd99ba"",""service"":""df16bcd7-7927-4bbf-adf1-191ac3e92d21"",""deployment"":""9f2b543f-0b35-41bc-9cb5-d19bf9898c07"",""replica"":""1901484f-77af-4ab4-83ab-a08df9c439b6""}",2026-05-16T17:11:43.279723465Z
2026-05-16T17:11:42.951764Z 0 [Warning] [MY-012638] [InnoDB] Retry attempts for writing partial data failed.,error,"{""level"":""error""}","{""project"":""0ee5f251-6f6f-4df1-88b1-bb752a8a350b"",""environment"":""e0e44f1f-ec58-480e-94e9-09bad9cd99ba"",""service"":""df16bcd7-7927-4bbf-adf1-191ac3e92d21"",""deployment"":""9f2b543f-0b35-41bc-9cb5-d19bf9898c07"",""replica"":""1901484f-77af-4ab4-83ab-a08df9c439b6""}",2026-05-16T17:11:43.279731874Z
2026-05-16T17:11:43.174767Z 0 [Warning] [MY-012638] [InnoDB] Retry attempts for writing partial data failed.,error,"{""level"":""error""}","{""project"":""0ee5f251-6f6f-4df1-88b1-bb752a8a350b"",""environment"":""e0e44f1f-ec58-480e-94e9-09bad9cd99ba"",""service"":""df16bcd7-7927-4bbf-adf1-191ac3e92d21"",""deployment"":""9f2b543f-0b35-41bc-9cb5-d19bf9898c07"",""replica"":""1901484f-77af-4ab4-83ab-a08df9c439b6""}",2026-05-16T17:11:43.280225105Z
2026-05-16T17:11:43.098368Z 0 [Warning] [MY-012638] [InnoDB] Retry attempts for writing partial data failed.,error,"{""level"":""error""}","{""project"":""0ee5f251-6f6f-4df1-88b1-bb752a8a350b"",""environment"":""e0e44f1f-ec58-480e-94e9-09bad9cd99ba"",""service"":""df16bcd7-7927-4bbf-adf1-191ac3e92d21"",""deployment"":""9f2b543f-0b35-41bc-9cb5-d19bf9898c07"",""replica"":""1901484f-77af-4ab4-83ab-a08df9c439b6""}",2026-05-16T17:11:43.280227314Z
2026-05-16T17:11:43.174793Z 0 [ERROR] [MY-012888] [InnoDB] Cannot resize redo log file ./#innodb_redo/#ib_redo322_tmp to 3 MB (Failed to set size),error,"{""level"":""error""}","{""project"":""0ee5f251-6f6f-4df1-88b1-bb752a8a350b"",""environment"":""e0e44f1f-ec58-480e-94e9-09bad9cd99ba"",""service"":""df16bcd7-7927-4bbf-adf1-191ac3e92d21"",""deployment"":""9f2b543f-0b35-41bc-9cb5-d19bf9898c07"",""replica"":""1901484f-77af-4ab4-83ab-a08df9c439b6""}",2026-05-16T17:11:43.280231889Z
2026-05-16T17:11:43.098414Z 0 [ERROR] [MY-012888] [InnoDB] Cannot resize redo log file ./#innodb_redo/#ib_redo322_tmp to 3 MB (Failed to set size),error,"{""level"":""error""}","{""project"":""0ee5f251-6f6f-4df1-88b1-bb752a8a350b"",""environment"":""e0e44f1f-ec58-480e-94e9-09bad9cd99ba"",""service"":""df16bcd7-7927-4bbf-adf1-191ac3e92d21"",""deployment"":""9f2b543f-0b35-41bc-9cb5-d19bf9898c07"",""replica"":""1901484f-77af-4ab4-83ab-a08df9c439b6""}",2026-05-16T17:11:43.280235451Z
2026-05-16T17:11:43.114091Z 0 [Warning] [MY-012638] [InnoDB] Retry attempts for writing partial data failed.,error,"{""level"":""error""}","{""project"":""0ee5f251-6f6f-4df1-88b1-bb752a8a350b"",""environment"":""e0e44f1f-ec58-480e-94e9-09bad9cd99ba"",""service"":""df16bcd7-7927-4bbf-adf1-191ac3e92d21"",""deployment"":""9f2b543f-0b35-41bc-9cb5-d19bf9898c07"",""replica"":""1901484f-77af-4ab4-83ab-a08df9c439b6""}",2026-05-16T17:11:43.280241169Z
2026-05-16T17:11:43.114129Z 0 [ERROR] [MY-012888] [InnoDB] Cannot resize redo log file ./#innodb_redo/#ib_redo322_tmp to 3 MB (Failed to set size),error,"{""level"":""error""}","{""project"":""0ee5f251-6f6f-4df1-88b1-bb752a8a350b"",""environment"":""e0e44f1f-ec58-480e-94e9-09bad9cd99ba"",""service"":""df16bcd7-7927-4bbf-adf1-191ac3e92d21"",""deployment"":""9f2b543f-0b35-41bc-9cb5-d19bf9898c07"",""replica"":""1901484f-77af-4ab4-83ab-a08df9c439b6""}",2026-05-16T17:11:43.280246813Z
2026-05-16T17:11:43.129289Z 0 [Warning] [MY-012638] [InnoDB] Retry attempts for writing partial data failed.,error,"{""level"":""error""}","{""project"":""0ee5f251-6f6f-4df1-88b1-bb752a8a350b"",""environment"":""e0e44f1f-ec58-480e-94e9-09bad9cd99ba"",""service"":""df16bcd7-7927-4bbf-adf1-191ac3e92d21"",""deployment"":""9f2b543f-0b35-41bc-9cb5-d19bf9898c07"",""replica"":""1901484f-77af-4ab4-83ab-a08df9c439b6""}",2026-05-16T17:11:43.280257263Z
2026-05-16T17:11:43.129329Z 0 [ERROR] [MY-012888] [InnoDB] Cannot resize redo log file ./#innodb_redo/#ib_redo322_tmp to 3 MB (Failed to set size),error,"{""level"":""error""}","{""project"":""0ee5f251-6f6f-4df1-88b1-bb752a8a350b"",""environment"":""e0e44f1f-ec58-480e-94e9-09bad9cd99ba"",""service"":""df16bcd7-7927-4bbf-adf1-191ac3e92d21"",""deployment"":""9f2b543f-0b35-41bc-9cb5-d19bf9898c07"",""replica"":""1901484f-77af-4ab4-83ab-a08df9c439b6""}",2026-05-16T17:11:43.280263193Z
2026-05-16T17:11:43.144363Z 0 [Warning] [MY-012638] [InnoDB] Retry attempts for writing partial data failed.,error,"{""level"":""error""}","{""project"":""0ee5f251-6f6f-4df1-88b1-bb752a8a350b"",""environment"":""e0e44f1f-ec58-480e-94e9-09bad9cd99ba"",""service"":""df16bcd7-7927-4bbf-adf1-191ac3e92d21"",""deployment"":""9f2b543f-0b35-41bc-9cb5-d19bf9898c07"",""replica"":""1901484f-77af-4ab4-83ab-a08df9c439b6""}",2026-05-16T17:11:43.280269041Z
2026-05-16T17:11:43.144397Z 0 [ERROR] [MY-012888] [InnoDB] Cannot resize redo log file ./#innodb_redo/#ib_redo322_tmp to 3 MB (Failed to set size),error,"{""level"":""error""}","{""project"":""0ee5f251-6f6f-4df1-88b1-bb752a8a350b"",""environment"":""e0e44f1f-ec58-480e-94e9-09bad9cd99ba"",""service"":""df16bcd7-7927-4bbf-adf1-191ac3e92d21"",""deployment"":""9f2b543f-0b35-41bc-9cb5-d19bf9898c07"",""replica"":""1901484f-77af-4ab4-83ab-a08df9c439b6""}",2026-05-16T17:11:43.280274048Z
2026-05-16T17:11:43.159612Z 0 [Warning] [MY-012638] [InnoDB] Retry attempts for writing partial data failed.,error,"{""level"":""error""}","{""project"":""0ee5f251-6f6f-4df1-88b1-bb752a8a350b"",""environment"":""e0e44f1f-ec58-480e-94e9-09bad9cd99ba"",""service"":""df16bcd7-7927-4bbf-adf1-191ac3e92d21"",""deployment"":""9f2b543f-0b35-41bc-9cb5-d19bf9898c07"",""replica"":""1901484f-77af-4ab4-83ab-a08df9c439b6""}",2026-05-16T17:11:43.280280764Z
2026-05-16T17:11:43.159647Z 0 [ERROR] [MY-012888] [InnoDB] Cannot resize redo log file ./#innodb_redo/#ib_redo322_tmp to 3 MB (Failed to set size),error,"{""level"":""error""}","{""project"":""0ee5f251-6f6f-4df1-88b1-bb752a8a350b"",""environment"":""e0e44f1f-ec58-480e-94e9-09bad9cd99ba"",""service"":""df16bcd7-7927-4bbf-adf1-191ac3e92d21"",""deployment"":""9f2b543f-0b35-41bc-9cb5-d19bf9898c07"",""replica"":""1901484f-77af-4ab4-83ab-a08df9c439b6""}",2026-05-16T17:11:43.280286453Z
2026-05-16T17:11:43.189886Z 0 [Warning] [MY-012638] [InnoDB] Retry attempts for writing partial data failed.,error,"{""level"":""error""}","{""project"":""0ee5f251-6f6f-4df1-88b1-bb752a8a350b"",""environment"":""e0e44f1f-ec58-480e-94e9-09bad9cd99ba"",""service"":""df16bcd7-7927-4bbf-adf1-191ac3e92d21"",""deployment"":""9f2b543f-0b35-41bc-9cb5-d19bf9898c07"",""replica"":""1901484f-77af-4ab4-83ab-a08df9c439b6""}",2026-05-16T17:11:43.281707590Z
2026-05-16T17:11:43.189917Z 0 [ERROR] [MY-012888] [InnoDB] Cannot resize redo log file ./#innodb_redo/#ib_redo322_tmp to 3 MB (Failed to set size),error,"{""level"":""error""}","{""project"":""0ee5f251-6f6f-4df1-88b1-bb752a8a350b"",""environment"":""e0e44f1f-ec58-480e-94e9-09bad9cd99ba"",""service"":""df16bcd7-7927-4bbf-adf1-191ac3e92d21"",""deployment"":""9f2b543f-0b35-41bc-9cb5-d19bf9898c07"",""replica"":""1901484f-77af-4ab4-83ab-a08df9c439b6""}",2026-05-16T17:11:43.281712344Z
2026-05-16T17:11:43.206353Z 0 [Warning] [MY-012638] [InnoDB] Retry attempts for writing partial data failed.,error,"{""level"":""error""}","{""project"":""0ee5f251-6f6f-4df1-88b1-bb752a8a350b"",""environment"":""e0e44f1f-ec58-480e-94e9-09bad9cd99ba"",""service"":""df16bcd7-7927-4bbf-adf1-191ac3e92d21"",""deployment"":""9f2b543f-0b35-41bc-9cb5-d19bf9898c07"",""replica"":""1901484f-77af-4ab4-83ab-a08df9c439b6""}",2026-05-16T17:11:43.281715760Z
2026-05-16T17:11:43.206380Z 0 [ERROR] [MY-012888] [InnoDB] Cannot resize redo log file ./#innodb_redo/#ib_redo322_tmp to 3 MB (Failed to set size),error,"{""level"":""error""}","{""project"":""0ee5f251-6f6f-4df1-88b1-bb752a8a350b"",""environment"":""e0e44f1f-ec58-480e-94e9-09bad9cd99ba"",""service"":""df16bcd7-7927-4bbf-adf1-191ac3e92d21"",""deployment"":""9f2b543f-0b35-41bc-9cb5-d19bf9898c07"",""replica"":""1901484f-77af-4ab4-83ab-a08df9c439b6""}",2026-05-16T17:11:43.281719921Z
2026-05-16T17:11:43.221503Z 0 [Warning] [MY-012638] [InnoDB] Retry attempts for writing partial data failed.,error,"{""level"":""error""}","{""project"":""0ee5f251-6f6f-4df1-88b1-bb752a8a350b"",""environment"":""e0e44f1f-ec58-480e-94e9-09bad9cd99ba"",""service"":""df16bcd7-7927-4bbf-adf1-191ac3e92d21"",""deployment"":""9f2b543f-0b35-41bc-9cb5-d19bf9898c07"",""replica"":""1901484f-77af-4ab4-83ab-a08df9c439b6""}",2026-05-16T17:11:43.281723531Z
2026-05-16T17:11:43.221530Z 0 [ERROR] [MY-012888] [InnoDB] Cannot resize redo log file ./#innodb_redo/#ib_redo322_tmp to 3 MB (Failed to set size),error,"{""level"":""error""}","{""project"":""0ee5f251-6f6f-4df1-88b1-bb752a8a350b"",""environment"":""e0e44f1f-ec58-480e-94e9-09bad9cd99ba"",""service"":""df16bcd7-7927-4bbf-adf1-191ac3e92d21"",""deployment"":""9f2b543f-0b35-41bc-9cb5-d19bf9898c07"",""replica"":""1901484f-77af-4ab4-83ab-a08df9c439b6""}",2026-05-16T17:11:43.281727447Z
2026-05-16T17:11:43.236822Z 0 [Warning] [MY-012638] [InnoDB] Retry attempts for writing partial data failed.,error,"{""level"":""error""}","{""project"":""0ee5f251-6f6f-4df1-88b1-bb752a8a350b"",""environment"":""e0e44f1f-ec58-480e-94e9-09bad9cd99ba"",""service"":""df16bcd7-7927-4bbf-adf1-191ac3e92d21"",""deployment"":""9f2b543f-0b35-41bc-9cb5-d19bf9898c07"",""replica"":""1901484f-77af-4ab4-83ab-a08df9c439b6""}",2026-05-16T17:11:43.281731116Z
2026-05-16T17:11:43.236848Z 0 [ERROR] [MY-012888] [InnoDB] Cannot resize redo log file ./#innodb_redo/#ib_redo322_tmp to 3 MB (Failed to set size),error,"{""level"":""error""}","{""project"":""0ee5f251-6f6f-4df1-88b1-bb752a8a350b"",""environment"":""e0e44f1f-ec58-480e-94e9-09bad9cd99ba"",""service"":""df16bcd7-7927-4bbf-adf1-191ac3e92d21"",""deployment"":""9f2b543f-0b35-41bc-9cb5-d19bf9898c07"",""replica"":""1901484f-77af-4ab4-83ab-a08df9c439b6""}",2026-05-16T17:11:43.281734757Z
2026-05-16T17:11:43.252106Z 0 [Warning] [MY-012638] [InnoDB] Retry attempts for writing partial data failed.,error,"{""level"":""error""}","{""project"":""0ee5f251-6f6f-4df1-88b1-bb752a8a350b"",""environment"":""e0e44f1f-ec58-480e-94e9-09bad9cd99ba"",""service"":""df16bcd7-7927-4bbf-adf1-191ac3e92d21"",""deployment"":""9f2b543f-0b35-41bc-9cb5-d19bf9898c07"",""replica"":""1901484f-77af-4ab4-83ab-a08df9c439b6""}",2026-05-16T17:11:43.281738697Z
2026-05-16T17:11:43.252131Z 0 [ERROR] [MY-012888] [InnoDB] Cannot resize redo log file ./#innodb_redo/#ib_redo322_tmp to 3 MB (Failed to set size),error,"{""level"":""error""}","{""project"":""0ee5f251-6f6f-4df1-88b1-bb752a8a350b"",""environment"":""e0e44f1f-ec58-480e-94e9-09bad9cd99ba"",""service"":""df16bcd7-7927-4bbf-adf1-191ac3e92d21"",""deployment"":""9f2b543f-0b35-41bc-9cb5-d19bf9898c07"",""replica"":""1901484f-77af-4ab4-83ab-a08df9c439b6""}",2026-05-16T17:11:43.281742276Z
2026-05-16T17:11:43.268485Z 0 [Warning] [MY-012638] [InnoDB] Retry attempts for writing partial data failed.,error,"{""level"":""error""}","{""project"":""0ee5f251-6f6f-4df1-88b1-bb752a8a350b"",""environment"":""e0e44f1f-ec58-480e-94e9-09bad9cd99ba"",""service"":""df16bcd7-7927-4bbf-adf1-191ac3e92d21"",""deployment"":""9f2b543f-0b35-41bc-9cb5-d19bf9898c07"",""replica"":""1901484f-77af-4ab4-83ab-a08df9c439b6""}",2026-05-16T17:11:43.281746052Z
2026-05-16T17:11:43.268508Z 0 [ERROR] [MY-012888] [InnoDB] Cannot resize redo log file ./#innodb_redo/#ib_redo322_tmp to 3 MB (Failed to set size),error,"{""level"":""error""}","{""project"":""0ee5f251-6f6f-4df1-88b1-bb752a8a350b"",""environment"":""e0e44f1f-ec58-480e-94e9-09bad9cd99ba"",""service"":""df16bcd7-7927-4bbf-adf1-191ac3e92d21"",""deployment"":""9f2b543f-0b35-41bc-9cb5-d19bf9898c07"",""replica"":""1901484f-77af-4ab4-83ab-a08df9c439b6""}",2026-05-16T17:11:43.281749627Z
2026-05-16T17:11:43.285820Z 0 [Warning] [MY-012638] [InnoDB] Retry attempts for writing partial data failed.,error,"{""level"":""error""}","{""project"":""0ee5f251-6f6f-4df1-88b1-bb752a8a350b"",""environment"":""e0e44f1f-ec58-480e-94e9-09bad9cd99ba"",""service"":""df16bcd7-7927-4bbf-adf1-191ac3e92d21"",""deployment"":""9f2b543f-0b35-41bc-9cb5-d19bf9898c07"",""replica"":""1901484f-77af-4ab4-83ab-a08df9c439b6""}",2026-05-16T17:11:43.287055279Z
2026-05-16T17:11:43.285850Z 0 [ERROR] [MY-012888] [InnoDB] Cannot resize redo log file ./#innodb_redo/#ib_redo322_tmp to 3 MB (Failed to set size),error,"{""level"":""error""}","{""project"":""0ee5f251-6f6f-4df1-88b1-bb752a8a350b"",""environment"":""e0e44f1f-ec58-480e-94e9-09bad9cd99ba"",""service"":""df16bcd7-7927-4bbf-adf1-191ac3e92d21"",""deployment"":""9f2b543f-0b35-41bc-9cb5-d19bf9898c07"",""replica"":""1901484f-77af-4ab4-83ab-a08df9c439b6""}",2026-05-16T17:11:43.287060560Z
2026-05-16T17:11:43.303144Z 0 [Warning] [MY-012638] [InnoDB] Retry attempts for writing partial data failed.,error,"{""level"":""error""}","{""project"":""0ee5f251-6f6f-4df1-88b1-bb752a8a350b"",""environment"":""e0e44f1f-ec58-480e-94e9-09bad9cd99ba"",""service"":""df16bcd7-7927-4bbf-adf1-191ac3e92d21"",""deployment"":""9f2b543f-0b35-41bc-9cb5-d19bf9898c07"",""replica"":""1901484f-77af-4ab4-83ab-a08df9c439b6""}",2026-05-16T17:11:43.303797830Z
2026-05-16T17:11:43.303175Z 0 [ERROR] [MY-012888] [InnoDB] Cannot resize redo log file ./#innodb_redo/#ib_redo322_tmp to 3 MB (Failed to set size),error,"{""level"":""error""}","{""project"":""0ee5f251-6f6f-4df1-88b1-bb752a8a350b"",""environment"":""e0e44f1f-ec58-480e-94e9-09bad9cd99ba"",""service"":""df16bcd7-7927-4bbf-adf1-191ac3e92d21"",""deployment"":""9f2b543f-0b35-41bc-9cb5-d19bf9898c07"",""replica"":""1901484f-77af-4ab4-83ab-a08df9c439b6""}",2026-05-16T17:11:43.303805910Z
2026-05-16T17:11:43.320491Z 0 [Warning] [MY-012638] [InnoDB] Retry attempts for writing partial data failed.,error,"{""level"":""error""}","{""project"":""0ee5f251-6f6f-4df1-88b1-bb752a8a350b"",""environment"":""e0e44f1f-ec58-480e-94e9-09bad9cd99ba"",""service"":""df16bcd7-7927-4bbf-adf1-191ac3e92d21"",""deployment"":""9f2b543f-0b35-41bc-9cb5-d19bf9898c07"",""replica"":""1901484f-77af-4ab4-83ab-a08df9c439b6""}",2026-05-16T17:11:43.321650305Z
2026-05-16T17:11:43.320521Z 0 [ERROR] [MY-012888] [InnoDB] Cannot resize redo log file ./#innodb_redo/#ib_redo322_tmp to 3 MB (Failed to set size),error,"{""level"":""error""}","{""project"":""0ee5f251-6f6f-4df1-88b1-bb752a8a350b"",""environment"":""e0e44f1f-ec58-480e-94e9-09bad9cd99ba"",""service"":""df16bcd7-7927-4bbf-adf1-191ac3e92d21"",""deployment"":""9f2b543f-0b35-41bc-9cb5-d19bf9898c07"",""replica"":""1901484f-77af-4ab4-83ab-a08df9c439b6""}",2026-05-16T17:11:43.321656072Z
2026-05-16T17:11:43.337326Z 0 [Warning] [MY-012638] [InnoDB] Retry attempts for writing partial data failed.,error,"{""level"":""error""}","{""project"":""0ee5f251-6f6f-4df1-88b1-bb752a8a350b"",""environment"":""e0e44f1f-ec58-480e-94e9-09bad9cd99ba"",""service"":""df16bcd7-7927-4bbf-adf1-191ac3e92d21"",""deployment"":""9f2b543f-0b35-41bc-9cb5-d19bf9898c07"",""replica"":""1901484f-77af-4ab4-83ab-a08df9c439b6""}",2026-05-16T17:11:43.339735393Z
2026-05-16T17:11:43.337349Z 0 [ERROR] [MY-012888] [InnoDB] Cannot resize redo log file ./#innodb_redo/#ib_redo322_tmp to 3 MB (Failed to set size),error,"{""level"":""error""}","{""project"":""0ee5f251-6f6f-4df1-88b1-bb752a8a350b"",""environment"":""e0e44f1f-ec58-480e-94e9-09bad9cd99ba"",""service"":""df16bcd7-7927-4bbf-adf1-191ac3e92d21"",""deployment"":""9f2b543f-0b35-41bc-9cb5-d19bf9898c07"",""replica"":""1901484f-77af-4ab4-83ab-a08df9c439b6""}",2026-05-16T17:11:43.339740125Z
2026-05-16T17:11:43.355200Z 0 [Warning] [MY-012638] [InnoDB] Retry attempts for writing partial data failed.,error,"{""level"":""error""}","{""project"":""0ee5f251-6f6f-4df1-88b1-bb752a8a350b"",""environment"":""e0e44f1f-ec58-480e-94e9-09bad9cd99ba"",""service"":""df16bcd7-7927-4bbf-adf1-191ac3e92d21"",""deployment"":""9f2b543f-0b35-41bc-9cb5-d19bf9898c07"",""replica"":""1901484f-77af-4ab4-83ab-a08df9c439b6""}",2026-05-16T17:11:43.357455376Z
2026-05-16T17:11:43.355219Z 0 [ERROR] [MY-012888] [InnoDB] Cannot resize redo log file ./#innodb_redo/#ib_redo322_tmp to 3 MB (Failed to set size),error,"{""level"":""error""}","{""project"":""0ee5f251-6f6f-4df1-88b1-bb752a8a350b"",""environment"":""e0e44f1f-ec58-480e-94e9-09bad9cd99ba"",""service"":""df16bcd7-7927-4bbf-adf1-191ac3e92d21"",""deployment"":""9f2b543f-0b35-41bc-9cb5-d19bf9898c07"",""replica"":""1901484f-77af-4ab4-83ab-a08df9c439b6""}",2026-05-16T17:11:43.357460313Z
2026-05-16T17:11:43.372219Z 0 [Warning] [MY-012638] [InnoDB] Retry attempts for writing partial data failed.,error,"{""level"":""error""}","{""project"":""0ee5f251-6f6f-4df1-88b1-bb752a8a350b"",""environment"":""e0e44f1f-ec58-480e-94e9-09bad9cd99ba"",""service"":""df16bcd7-7927-4bbf-adf1-191ac3e92d21"",""deployment"":""9f2b543f-0b35-41bc-9cb5-d19bf9898c07"",""replica"":""1901484f-77af-4ab4-83ab-a08df9c439b6""}",2026-05-16T17:11:43.376101343Z
2026-05-16T17:11:43.372238Z 0 [ERROR] [MY-012888] [InnoDB] Cannot resize redo log file ./#innodb_redo/#ib_redo322_tmp to 3 MB (Failed to set size),error,"{""level"":""error""}","{""project"":""0ee5f251-6f6f-4df1-88b1-bb752a8a350b"",""environment"":""e0e44f1f-ec58-480e-94e9-09bad9cd99ba"",""service"":""df16bcd7-7927-4bbf-adf1-191ac3e92d21"",""deployment"":""9f2b543f-0b35-41bc-9cb5-d19bf9898c07"",""replica"":""1901484f-77af-4ab4-83ab-a08df9c439b6""}",2026-05-16T17:11:43.376106889Z
2026-05-16T17:11:43.388653Z 0 [Warning] [MY-012638] [InnoDB] Retry attempts for writing partial data failed.,error,"{""level"":""error""}","{""project"":""0ee5f251-6f6f-4df1-88b1-bb752a8a350b"",""environment"":""e0e44f1f-ec58-480e-94e9-09bad9cd99ba"",""service"":""df16bcd7-7927-4bbf-adf1-191ac3e92d21"",""deployment"":""9f2b543f-0b35-41bc-9cb5-d19bf9898c07"",""replica"":""1901484f-77af-4ab4-83ab-a08df9c439b6""}",2026-05-16T17:11:43.390058636Z
2026-05-16T17:11:43.388672Z 0 [ERROR] [MY-012888] [InnoDB] Cannot resize redo log file ./#innodb_redo/#ib_redo322_tmp to 3 MB (Failed to set size),error,"{""level"":""error""}","{""project"":""0ee5f251-6f6f-4df1-88b1-bb752a8a350b"",""environment"":""e0e44f1f-ec58-480e-94e9-09bad9cd99ba"",""service"":""df16bcd7-7927-4bbf-adf1-191ac3e92d21"",""deployment"":""9f2b543f-0b35-41bc-9cb5-d19bf9898c07"",""replica"":""1901484f-77af-4ab4-83ab-a08df9c439b6""}",2026-05-16T17:11:43.390065376Z
2026-05-16T17:11:43.405611Z 0 [Warning] [MY-012638] [InnoDB] Retry attempts for writing partial data failed.,error,"{""level"":""error""}","{""project"":""0ee5f251-6f6f-4df1-88b1-bb752a8a350b"",""environment"":""e0e44f1f-ec58-480e-94e9-09bad9cd99ba"",""service"":""df16bcd7-7927-4bbf-adf1-191ac3e92d21"",""deployment"":""9f2b543f-0b35-41bc-9cb5-d19bf9898c07"",""replica"":""1901484f-77af-4ab4-83ab-a08df9c439b6""}",2026-05-16T17:11:43.408096197Z
2026-05-16T17:11:43.405633Z 0 [ERROR] [MY-012888] [InnoDB] Cannot resize redo log file ./#innodb_redo/#ib_redo322_tmp to 3 MB (Failed to set size),error,"{""level"":""error""}","{""project"":""0ee5f251-6f6f-4df1-88b1-bb752a8a350b"",""environment"":""e0e44f1f-ec58-480e-94e9-09bad9cd99ba"",""service"":""df16bcd7-7927-4bbf-adf1-191ac3e92d21"",""deployment"":""9f2b543f-0b35-41bc-9cb5-d19bf9898c07"",""replica"":""1901484f-77af-4ab4-83ab-a08df9c439b6""}",2026-05-16T17:11:43.408105781Z
2026-05-16T17:11:43.423642Z 0 [Warning] [MY-012638] [InnoDB] Retry attempts for writing partial data failed.,error,"{""level"":""error""}","{""project"":""0ee5f251-6f6f-4df1-88b1-bb752a8a350b"",""environment"":""e0e44f1f-ec58-480e-94e9-09bad9cd99ba"",""service"":""df16bcd7-7927-4bbf-adf1-191ac3e92d21"",""deployment"":""9f2b543f-0b35-41bc-9cb5-d19bf9898c07"",""replica"":""1901484f-77af-4ab4-83ab-a08df9c439b6""}",2026-05-16T17:11:43.426275505Z
2026-05-16T17:11:43.423660Z 0 [ERROR] [MY-012888] [InnoDB] Cannot resize redo log file ./#innodb_redo/#ib_redo322_tmp to 3 MB (Failed to set size),error,"{""level"":""error""}","{""project"":""0ee5f251-6f6f-4df1-88b1-bb752a8a350b"",""environment"":""e0e44f1f-ec58-480e-94e9-09bad9cd99ba"",""service"":""df16bcd7-7927-4bbf-adf1-191ac3e92d21"",""deployment"":""9f2b543f-0b35-41bc-9cb5-d19bf9898c07"",""replica"":""1901484f-77af-4ab4-83ab-a08df9c439b6""}",2026-05-16T17:11:43.426280513Z
2026-05-16T17:11:43.441037Z 0 [Warning] [MY-012638] [InnoDB] Retry attempts for writing partial data failed.,error,"{""level"":""error""}","{""project"":""0ee5f251-6f6f-4df1-88b1-bb752a8a350b"",""environment"":""e0e44f1f-ec58-480e-94e9-09bad9cd99ba"",""service"":""df16bcd7-7927-4bbf-adf1-191ac3e92d21"",""deployment"":""9f2b543f-0b35-41bc-9cb5-d19bf9898c07"",""replica"":""1901484f-77af-4ab4-83ab-a08df9c439b6""}",2026-05-16T17:11:43.446577734Z
2026-05-16T17:11:43.441055Z 0 [ERROR] [MY-012888] [InnoDB] Cannot resize redo log file ./#innodb_redo/#ib_redo322_tmp to 3 MB (Failed to set size),error,"{""level"":""error""}","{""project"":""0ee5f251-6f6f-4df1-88b1-bb752a8a350b"",""environment"":""e0e44f1f-ec58-480e-94e9-09bad9cd99ba"",""service"":""df16bcd7-7927-4bbf-adf1-191ac3e92d21"",""deployment"":""9f2b543f-0b35-41bc-9cb5-d19bf9898c07"",""replica"":""1901484f-77af-4ab4-83ab-a08df9c439b6""}",2026-05-16T17:11:43.446586092Z
2026-05-16T17:11:43.457659Z 0 [Warning] [MY-012638] [InnoDB] Retry attempts for writing partial data failed.,error,"{""level"":""error""}","{""project"":""0ee5f251-6f6f-4df1-88b1-bb752a8a350b"",""environment"":""e0e44f1f-ec58-480e-94e9-09bad9cd99ba"",""service"":""df16bcd7-7927-4bbf-adf1-191ac3e92d21"",""deployment"":""9f2b543f-0b35-41bc-9cb5-d19bf9898c07"",""replica"":""1901484f-77af-4ab4-83ab-a08df9c439b6""}",2026-05-16T17:11:43.461057893Z
2026-05-16T17:11:43.457677Z 0 [ERROR] [MY-012888] [InnoDB] Cannot resize redo log file ./#innodb_redo/#ib_redo322_tmp to 3 MB (Failed to set size),error,"{""level"":""error""}","{""project"":""0ee5f251-6f6f-4df1-88b1-bb752a8a350b"",""environment"":""e0e44f1f-ec58-480e-94e9-09bad9cd99ba"",""service"":""df16bcd7-7927-4bbf-adf1-191ac3e92d21"",""deployment"":""9f2b543f-0b35-41bc-9cb5-d19bf9898c07"",""replica"":""1901484f-77af-4ab4-83ab-a08df9c439b6""}",2026-05-16T17:11:43.461064661Z
2026-05-16T17:11:43.474425Z 0 [Warning] [MY-012638] [InnoDB] Retry attempts for writing partial data failed.,error,"{""level"":""error""}","{""project"":""0ee5f251-6f6f-4df1-88b1-bb752a8a350b"",""environment"":""e0e44f1f-ec58-480e-94e9-09bad9cd99ba"",""service"":""df16bcd7-7927-4bbf-adf1-191ac3e92d21"",""deployment"":""9f2b543f-0b35-41bc-9cb5-d19bf9898c07"",""replica"":""1901484f-77af-4ab4-83ab-a08df9c439b6""}",2026-05-16T17:11:43.475295742Z
2026-05-16T17:11:43.474444Z 0 [ERROR] [MY-012888] [InnoDB] Cannot resize redo log file ./#innodb_redo/#ib_redo322_tmp to 3 MB (Failed to set size),error,"{""level"":""error""}","{""project"":""0ee5f251-6f6f-4df1-88b1-bb752a8a350b"",""environment"":""e0e44f1f-ec58-480e-94e9-09bad9cd99ba"",""service"":""df16bcd7-7927-4bbf-adf1-191ac3e92d21"",""deployment"":""9f2b543f-0b35-41bc-9cb5-d19bf9898c07"",""replica"":""1901484f-77af-4ab4-83ab-a08df9c439b6""}",2026-05-16T17:11:43.475300648Z
2026-05-16T17:11:43.496170Z 0 [Warning] [MY-012638] [InnoDB] Retry attempts for writing partial data failed.,error,"{""level"":""error""}","{""project"":""0ee5f251-6f6f-4df1-88b1-bb752a8a350b"",""environment"":""e0e44f1f-ec58-480e-94e9-09bad9cd99ba"",""service"":""df16bcd7-7927-4bbf-adf1-191ac3e92d21"",""deployment"":""9f2b543f-0b35-41bc-9cb5-d19bf9898c07"",""replica"":""1901484f-77af-4ab4-83ab-a08df9c439b6""}",2026-05-16T17:11:43.498029296Z
2026-05-16T17:11:43.496194Z 0 [ERROR] [MY-012888] [InnoDB] Cannot resize redo log file ./#innodb_redo/#ib_redo322_tmp to 3 MB (Failed to set size),error,"{""level"":""error""}","{""project"":""0ee5f251-6f6f-4df1-88b1-bb752a8a350b"",""environment"":""e0e44f1f-ec58-480e-94e9-09bad9cd99ba"",""service"":""df16bcd7-7927-4bbf-adf1-191ac3e92d21"",""deployment"":""9f2b543f-0b35-41bc-9cb5-d19bf9898c07"",""replica"":""1901484f-77af-4ab4-83ab-a08df9c439b6""}",2026-05-16T17:11:43.498033293Z
2026-05-16T17:11:43.513496Z 0 [Warning] [MY-012638] [InnoDB] Retry attempts for writing partial data failed.,error,"{""level"":""error""}","{""project"":""0ee5f251-6f6f-4df1-88b1-bb752a8a350b"",""environment"":""e0e44f1f-ec58-480e-94e9-09bad9cd99ba"",""service"":""df16bcd7-7927-4bbf-adf1-191ac3e92d21"",""deployment"":""9f2b543f-0b35-41bc-9cb5-d19bf9898c07"",""replica"":""1901484f-77af-4ab4-83ab-a08df9c439b6""}",2026-05-16T17:11:43.522224382Z
2026-05-16T17:11:43.513515Z 0 [ERROR] [MY-012888] [InnoDB] Cannot resize redo log file ./#innodb_redo/#ib_redo322_tmp to 3 MB (Failed to set size),error,"{""level"":""error""}","{""project"":""0ee5f251-6f6f-4df1-88b1-bb752a8a350b"",""environment"":""e0e44f1f-ec58-480e-94e9-09bad9cd99ba"",""service"":""df16bcd7-7927-4bbf-adf1-191ac3e92d21"",""deployment"":""9f2b543f-0b35-41bc-9cb5-d19bf9898c07"",""replica"":""1901484f-77af-4ab4-83ab-a08df9c439b6""}",2026-05-16T17:11:43.522228807Z
2026-05-16T17:11:43.534687Z 0 [Warning] [MY-012638] [InnoDB] Retry attempts for writing partial data failed.,error,"{""level"":""error""}","{""project"":""0ee5f251-6f6f-4df1-88b1-bb752a8a350b"",""environment"":""e0e44f1f-ec58-480e-94e9-09bad9cd99ba"",""service"":""df16bcd7-7927-4bbf-adf1-191ac3e92d21"",""deployment"":""9f2b543f-0b35-41bc-9cb5-d19bf9898c07"",""replica"":""1901484f-77af-4ab4-83ab-a08df9c439b6""}",2026-05-16T17:11:43.536018381Z
2026-05-16T17:11:43.534718Z 0 [ERROR] [MY-012888] [InnoDB] Cannot resize redo log file ./#innodb_redo/#ib_redo322_tmp to 3 MB (Failed to set size),error,"{""level"":""error""}","{""project"":""0ee5f251-6f6f-4df1-88b1-bb752a8a350b"",""environment"":""e0e44f1f-ec58-480e-94e9-09bad9cd99ba"",""service"":""df16bcd7-7927-4bbf-adf1-191ac3e92d21"",""deployment"":""9f2b543f-0b35-41bc-9cb5-d19bf9898c07"",""replica"":""1901484f-77af-4ab4-83ab-a08df9c439b6""}",2026-05-16T17:11:43.536024386Z
2026-05-16T17:11:43.551598Z 0 [Warning] [MY-012638] [InnoDB] Retry attempts for writing partial data failed.,error,"{""level"":""error""}","{""project"":""0ee5f251-6f6f-4df1-88b1-bb752a8a350b"",""environment"":""e0e44f1f-ec58-480e-94e9-09bad9cd99ba"",""service"":""df16bcd7-7927-4bbf-adf1-191ac3e92d21"",""deployment"":""9f2b543f-0b35-41bc-9cb5-d19bf9898c07"",""replica"":""1901484f-77af-4ab4-83ab-a08df9c439b6""}",2026-05-16T17:11:43.559253160Z
2026-05-16T17:11:43.551628Z 0 [ERROR] [MY-012888] [InnoDB] Cannot resize redo log file ./#innodb_redo/#ib_redo322_tmp to 3 MB (Failed to set size),error,"{""level"":""error""}","{""project"":""0ee5f251-6f6f-4df1-88b1-bb752a8a350b"",""environment"":""e0e44f1f-ec58-480e-94e9-09bad9cd99ba"",""service"":""df16bcd7-7927-4bbf-adf1-191ac3e92d21"",""deployment"":""9f2b543f-0b35-41bc-9cb5-d19bf9898c07"",""replica"":""1901484f-77af-4ab4-83ab-a08df9c439b6""}",2026-05-16T17:11:43.559259151Z
2026-05-16T17:11:43.571924Z 0 [Warning] [MY-012638] [InnoDB] Retry attempts for writing partial data failed.,error,"{""level"":""error""}","{""project"":""0ee5f251-6f6f-4df1-88b1-bb752a8a350b"",""environment"":""e0e44f1f-ec58-480e-94e9-09bad9cd99ba"",""service"":""df16bcd7-7927-4bbf-adf1-191ac3e92d21"",""deployment"":""9f2b543f-0b35-41bc-9cb5-d19bf9898c07"",""replica"":""1901484f-77af-4ab4-83ab-a08df9c439b6""}",2026-05-16T17:11:43.582015836Z
2026-05-16T17:11:43.571955Z 0 [ERROR] [MY-012888] [InnoDB] Cannot resize redo log file ./#innodb_redo/#ib_redo322_tmp to 3 MB (Failed to set size),error,"{""level"":""error""}","{""project"":""0ee5f251-6f6f-4df1-88b1-bb752a8a350b"",""environment"":""e0e44f1f-ec58-480e-94e9-09bad9cd99ba"",""service"":""df16bcd7-7927-4bbf-adf1-191ac3e92d21"",""deployment"":""9f2b543f-0b35-41bc-9cb5-d19bf9898c07"",""replica"":""1901484f-77af-4ab4-83ab-a08df9c439b6""}",2026-05-16T17:11:43.582019035Z
2026-05-16T17:11:43.589074Z 0 [Warning] [MY-012638] [InnoDB] Retry attempts for writing partial data failed.,error,"{""level"":""error""}","{""project"":""0ee5f251-6f6f-4df1-88b1-bb752a8a350b"",""environment"":""e0e44f1f-ec58-480e-94e9-09bad9cd99ba"",""service"":""df16bcd7-7927-4bbf-adf1-191ac3e92d21"",""deployment"":""9f2b543f-0b35-41bc-9cb5-d19bf9898c07"",""replica"":""1901484f-77af-4ab4-83ab-a08df9c439b6""}",2026-05-16T17:11:43.594359646Z
2026-05-16T17:11:43.589098Z 0 [ERROR] [MY-012888] [InnoDB] Cannot resize redo log file ./#innodb_redo/#ib_redo322_tmp to 3 MB (Failed to set size),error,"{""level"":""error""}","{""project"":""0ee5f251-6f6f-4df1-88b1-bb752a8a350b"",""environment"":""e0e44f1f-ec58-480e-94e9-09bad9cd99ba"",""service"":""df16bcd7-7927-4bbf-adf1-191ac3e92d21"",""deployment"":""9f2b543f-0b35-41bc-9cb5-d19bf9898c07"",""replica"":""1901484f-77af-4ab4-83ab-a08df9c439b6""}",2026-05-16T17:11:43.594364724Z
2026-05-16T17:11:43.606376Z 0 [Warning] [MY-012638] [InnoDB] Retry attempts for writing partial data failed.,error,"{""level"":""error""}","{""project"":""0ee5f251-6f6f-4df1-88b1-bb752a8a350b"",""environment"":""e0e44f1f-ec58-480e-94e9-09bad9cd99ba"",""service"":""df16bcd7-7927-4bbf-adf1-191ac3e92d21"",""deployment"":""9f2b543f-0b35-41bc-9cb5-d19bf9898c07"",""replica"":""1901484f-77af-4ab4-83ab-a08df9c439b6""}",2026-05-16T17:11:43.617077802Z
2026-05-16T17:11:43.606402Z 0 [ERROR] [MY-012888] [InnoDB] Cannot resize redo log file ./#innodb_redo/#ib_redo322_tmp to 3 MB (Failed to set size),error,"{""level"":""error""}","{""project"":""0ee5f251-6f6f-4df1-88b1-bb752a8a350b"",""environment"":""e0e44f1f-ec58-480e-94e9-09bad9cd99ba"",""service"":""df16bcd7-7927-4bbf-adf1-191ac3e92d21"",""deployment"":""9f2b543f-0b35-41bc-9cb5-d19bf9898c07"",""replica"":""1901484f-77af-4ab4-83ab-a08df9c439b6""}",2026-05-16T17:11:43.617082395Z
2026-05-16T17:11:43.623099Z 0 [Warning] [MY-012638] [InnoDB] Retry attempts for writing partial data failed.,error,"{""level"":""error""}","{""project"":""0ee5f251-6f6f-4df1-88b1-bb752a8a350b"",""environment"":""e0e44f1f-ec58-480e-94e9-09bad9cd99ba"",""service"":""df16bcd7-7927-4bbf-adf1-191ac3e92d21"",""deployment"":""9f2b543f-0b35-41bc-9cb5-d19bf9898c07"",""replica"":""1901484f-77af-4ab4-83ab-a08df9c439b6""}",2026-05-16T17:11:43.629493218Z
2026-05-16T17:11:43.623120Z 0 [ERROR] [MY-012888] [InnoDB] Cannot resize redo log file ./#innodb_redo/#ib_redo322_tmp to 3 MB (Failed to set size),error,"{""level"":""error""}","{""project"":""0ee5f251-6f6f-4df1-88b1-bb752a8a350b"",""environment"":""e0e44f1f-ec58-480e-94e9-09bad9cd99ba"",""service"":""df16bcd7-7927-4bbf-adf1-191ac3e92d21"",""deployment"":""9f2b543f-0b35-41bc-9cb5-d19bf9898c07"",""replica"":""1901484f-77af-4ab4-83ab-a08df9c439b6""}",2026-05-16T17:11:43.629498809Z
2026-05-16T17:11:43.639835Z 0 [Warning] [MY-012638] [InnoDB] Retry attempts for writing partial data failed.,error,"{""level"":""error""}","{""project"":""0ee5f251-6f6f-4df1-88b1-bb752a8a350b"",""environment"":""e0e44f1f-ec58-480e-94e9-09bad9cd99ba"",""service"":""df16bcd7-7927-4bbf-adf1-191ac3e92d21"",""deployment"":""9f2b543f-0b35-41bc-9cb5-d19bf9898c07"",""replica"":""1901484f-77af-4ab4-83ab-a08df9c439b6""}",2026-05-16T17:11:43.641675318Z
2026-05-16T17:11:43.639856Z 0 [ERROR] [MY-012888] [InnoDB] Cannot resize redo log file ./#innodb_redo/#ib_redo322_tmp to 3 MB (Failed to set size),error,"{""level"":""error""}","{""project"":""0ee5f251-6f6f-4df1-88b1-bb752a8a350b"",""environment"":""e0e44f1f-ec58-480e-94e9-09bad9cd99ba"",""service"":""df16bcd7-7927-4bbf-adf1-191ac3e92d21"",""deployment"":""9f2b543f-0b35-41bc-9cb5-d19bf9898c07"",""replica"":""1901484f-77af-4ab4-83ab-a08df9c439b6""}",2026-05-16T17:11:43.641679679Z
2026-05-16T17:11:43.657194Z 0 [Warning] [MY-012638] [InnoDB] Retry attempts for writing partial data failed.,error,"{""level"":""error""}","{""project"":""0ee5f251-6f6f-4df1-88b1-bb752a8a350b"",""environment"":""e0e44f1f-ec58-480e-94e9-09bad9cd99ba"",""service"":""df16bcd7-7927-4bbf-adf1-191ac3e92d21"",""deployment"":""9f2b543f-0b35-41bc-9cb5-d19bf9898c07"",""replica"":""1901484f-77af-4ab4-83ab-a08df9c439b6""}",2026-05-16T17:11:43.664672248Z
2026-05-16T17:11:43.657214Z 0 [ERROR] [MY-012888] [InnoDB] Cannot resize redo log file ./#innodb_redo/#ib_redo322_tmp to 3 MB (Failed to set size),error,"{""level"":""error""}","{""project"":""0ee5f251-6f6f-4df1-88b1-bb752a8a350b"",""environment"":""e0e44f1f-ec58-480e-94e9-09bad9cd99ba"",""service"":""df16bcd7-7927-4bbf-adf1-191ac3e92d21"",""deployment"":""9f2b543f-0b35-41bc-9cb5-d19bf9898c07"",""replica"":""1901484f-77af-4ab4-83ab-a08df9c439b6""}",2026-05-16T17:11:43.664679707Z
2026-05-16T17:11:43.674652Z 0 [Warning] [MY-012638] [InnoDB] Retry attempts for writing partial data failed.,error,"{""level"":""error""}","{""project"":""0ee5f251-6f6f-4df1-88b1-bb752a8a350b"",""environment"":""e0e44f1f-ec58-480e-94e9-09bad9cd99ba"",""service"":""df16bcd7-7927-4bbf-adf1-191ac3e92d21"",""deployment"":""9f2b543f-0b35-41bc-9cb5-d19bf9898c07"",""replica"":""1901484f-77af-4ab4-83ab-a08df9c439b6""}",2026-05-16T17:11:43.677188604Z
2026-05-16T17:11:43.674671Z 0 [ERROR] [MY-012888] [InnoDB] Cannot resize redo log file ./#innodb_redo/#ib_redo322_tmp to 3 MB (Failed to set size),error,"{""level"":""error""}","{""project"":""0ee5f251-6f6f-4df1-88b1-bb752a8a350b"",""environment"":""e0e44f1f-ec58-480e-94e9-09bad9cd99ba"",""service"":""df16bcd7-7927-4bbf-adf1-191ac3e92d21"",""deployment"":""9f2b543f-0b35-41bc-9cb5-d19bf9898c07"",""replica"":""1901484f-77af-4ab4-83ab-a08df9c439b6""}",2026-05-16T17:11:43.677194302Z
2026-05-16T17:11:43.691190Z 0 [Warning] [MY-012638] [InnoDB] Retry attempts for writing partial data failed.,error,"{""level"":""error""}","{""project"":""0ee5f251-6f6f-4df1-88b1-bb752a8a350b"",""environment"":""e0e44f1f-ec58-480e-94e9-09bad9cd99ba"",""service"":""df16bcd7-7927-4bbf-adf1-191ac3e92d21"",""deployment"":""9f2b543f-0b35-41bc-9cb5-d19bf9898c07"",""replica"":""1901484f-77af-4ab4-83ab-a08df9c439b6""}",2026-05-16T17:11:43.692161741Z
2026-05-16T17:11:43.691212Z 0 [ERROR] [MY-012888] [InnoDB] Cannot resize redo log file ./#innodb_redo/#ib_redo322_tmp to 3 MB (Failed to set size),error,"{""level"":""error""}","{""project"":""0ee5f251-6f6f-4df1-88b1-bb752a8a350b"",""environment"":""e0e44f1f-ec58-480e-94e9-09bad9cd99ba"",""service"":""df16bcd7-7927-4bbf-adf1-191ac3e92d21"",""deployment"":""9f2b543f-0b35-41bc-9cb5-d19bf9898c07"",""replica"":""1901484f-77af-4ab4-83ab-a08df9c439b6""}",2026-05-16T17:11:43.692168676Z
2026-05-16T17:11:43.707908Z 0 [Warning] [MY-012638] [InnoDB] Retry attempts for writing partial data failed.,error,"{""level"":""error""}","{""project"":""0ee5f251-6f6f-4df1-88b1-bb752a8a350b"",""environment"":""e0e44f1f-ec58-480e-94e9-09bad9cd99ba"",""service"":""df16bcd7-7927-4bbf-adf1-191ac3e92d21"",""deployment"":""9f2b543f-0b35-41bc-9cb5-d19bf9898c07"",""replica"":""1901484f-77af-4ab4-83ab-a08df9c439b6""}",2026-05-16T17:11:43.713315304Z
2026-05-16T17:11:43.707925Z 0 [ERROR] [MY-012888] [InnoDB] Cannot resize redo log file ./#innodb_redo/#ib_redo322_tmp to 3 MB (Failed to set size),error,"{""level"":""error""}","{""project"":""0ee5f251-6f6f-4df1-88b1-bb752a8a350b"",""environment"":""e0e44f1f-ec58-480e-94e9-09bad9cd99ba"",""service"":""df16bcd7-7927-4bbf-adf1-191ac3e92d21"",""deployment"":""9f2b543f-0b35-41bc-9cb5-d19bf9898c07"",""replica"":""1901484f-77af-4ab4-83ab-a08df9c439b6""}",2026-05-16T17:11:43.713322107Z
2026-05-16T17:11:43.725585Z 0 [Warning] [MY-012638] [InnoDB] Retry attempts for writing partial data failed.,error,"{""level"":""error""}","{""project"":""0ee5f251-6f6f-4df1-88b1-bb752a8a350b"",""environment"":""e0e44f1f-ec58-480e-94e9-09bad9cd99ba"",""service"":""df16bcd7-7927-4bbf-adf1-191ac3e92d21"",""deployment"":""9f2b543f-0b35-41bc-9cb5-d19bf9898c07"",""replica"":""1901484f-77af-4ab4-83ab-a08df9c439b6""}",2026-05-16T17:11:43.727388513Z
2026-05-16T17:11:43.725601Z 0 [ERROR] [MY-012888] [InnoDB] Cannot resize redo log file ./#innodb_redo/#ib_redo322_tmp to 3 MB (Failed to set size),error,"{""level"":""error""}","{""project"":""0ee5f251-6f6f-4df1-88b1-bb752a8a350b"",""environment"":""e0e44f1f-ec58-480e-94e9-09bad9cd99ba"",""service"":""df16bcd7-7927-4bbf-adf1-191ac3e92d21"",""deployment"":""9f2b543f-0b35-41bc-9cb5-d19bf9898c07"",""replica"":""1901484f-77af-4ab4-83ab-a08df9c439b6""}",2026-05-16T17:11:43.727393468Z
2026-05-16T17:11:43.742983Z 0 [Warning] [MY-012638] [InnoDB] Retry attempts for writing partial data failed.,error,"{""level"":""error""}","{""project"":""0ee5f251-6f6f-4df1-88b1-bb752a8a350b"",""environment"":""e0e44f1f-ec58-480e-94e9-09bad9cd99ba"",""service"":""df16bcd7-7927-4bbf-adf1-191ac3e92d21"",""deployment"":""9f2b543f-0b35-41bc-9cb5-d19bf9898c07"",""replica"":""1901484f-77af-4ab4-83ab-a08df9c439b6""}",2026-05-16T17:11:43.743359279Z
2026-05-16T17:11:43.743002Z 0 [ERROR] [MY-012888] [InnoDB] Cannot resize redo log file ./#innodb_redo/#ib_redo322_tmp to 3 MB (Failed to set size),error,"{""level"":""error""}","{""project"":""0ee5f251-6f6f-4df1-88b1-bb752a8a350b"",""environment"":""e0e44f1f-ec58-480e-94e9-09bad9cd99ba"",""service"":""df16bcd7-7927-4bbf-adf1-191ac3e92d21"",""deployment"":""9f2b543f-0b35-41bc-9cb5-d19bf9898c07"",""replica"":""1901484f-77af-4ab4-83ab-a08df9c439b6""}",2026-05-16T17:11:43.743364398Z
2026-05-16T17:11:43.759327Z 0 [Warning] [MY-012638] [InnoDB] Retry attempts for writing partial data failed.,error,"{""level"":""error""}","{""project"":""0ee5f251-6f6f-4df1-88b1-bb752a8a350b"",""environment"":""e0e44f1f-ec58-480e-94e9-09bad9cd99ba"",""service"":""df16bcd7-7927-4bbf-adf1-191ac3e92d21"",""deployment"":""9f2b543f-0b35-41bc-9cb5-d19bf9898c07"",""replica"":""1901484f-77af-4ab4-83ab-a08df9c439b6""}",2026-05-16T17:11:43.767563787Z
2026-05-16T17:11:43.759344Z 0 [ERROR] [MY-012888] [InnoDB] Cannot resize redo log file ./#innodb_redo/#ib_redo322_tmp to 3 MB (Failed to set size),error,"{""level"":""error""}","{""project"":""0ee5f251-6f6f-4df1-88b1-bb752a8a350b"",""environment"":""e0e44f1f-ec58-480e-94e9-09bad9cd99ba"",""service"":""df16bcd7-7927-4bbf-adf1-191ac3e92d21"",""deployment"":""9f2b543f-0b35-41bc-9cb5-d19bf9898c07"",""replica"":""1901484f-77af-4ab4-83ab-a08df9c439b6""}",2026-05-16T17:11:43.767568556Z
2026-05-16T17:11:43.775897Z 0 [Warning] [MY-012638] [InnoDB] Retry attempts for writing partial data failed.,error,"{""level"":""error""}","{""project"":""0ee5f251-6f6f-4df1-88b1-bb752a8a350b"",""environment"":""e0e44f1f-ec58-480e-94e9-09bad9cd99ba"",""service"":""df16bcd7-7927-4bbf-adf1-191ac3e92d21"",""deployment"":""9f2b543f-0b35-41bc-9cb5-d19bf9898c07"",""replica"":""1901484f-77af-4ab4-83ab-a08df9c439b6""}",2026-05-16T17:11:43.777566604Z
2026-05-16T17:11:43.775914Z 0 [ERROR] [MY-012888] [InnoDB] Cannot resize redo log file ./#innodb_redo/#ib_redo322_tmp to 3 MB (Failed to set size),error,"{""level"":""error""}","{""project"":""0ee5f251-6f6f-4df1-88b1-bb752a8a350b"",""environment"":""e0e44f1f-ec58-480e-94e9-09bad9cd99ba"",""service"":""df16bcd7-7927-4bbf-adf1-191ac3e92d21"",""deployment"":""9f2b543f-0b35-41bc-9cb5-d19bf9898c07"",""replica"":""1901484f-77af-4ab4-83ab-a08df9c439b6""}",2026-05-16T17:11:43.777571206Z
2026-05-16T17:11:43.793406Z 0 [Warning] [MY-012638] [InnoDB] Retry attempts for writing partial data failed.,error,"{""level"":""error""}","{""project"":""0ee5f251-6f6f-4df1-88b1-bb752a8a350b"",""environment"":""e0e44f1f-ec58-480e-94e9-09bad9cd99ba"",""service"":""df16bcd7-7927-4bbf-adf1-191ac3e92d21"",""deployment"":""9f2b543f-0b35-41bc-9cb5-d19bf9898c07"",""replica"":""1901484f-77af-4ab4-83ab-a08df9c439b6""}",2026-05-16T17:11:43.794781695Z
2026-05-16T17:11:43.793423Z 0 [ERROR] [MY-012888] [InnoDB] Cannot resize redo log file ./#innodb_redo/#ib_redo322_tmp to 3 MB (Failed to set size),error,"{""level"":""error""}","{""project"":""0ee5f251-6f6f-4df1-88b1-bb752a8a350b"",""environment"":""e0e44f1f-ec58-480e-94e9-09bad9cd99ba"",""service"":""df16bcd7-7927-4bbf-adf1-191ac3e92d21"",""deployment"":""9f2b543f-0b35-41bc-9cb5-d19bf9898c07"",""replica"":""1901484f-77af-4ab4-83ab-a08df9c439b6""}",2026-05-16T17:11:43.794786737Z
2026-05-16T17:11:43.810739Z 0 [Warning] [MY-012638] [InnoDB] Retry attempts for writing partial data failed.,error,"{""level"":""error""}","{""project"":""0ee5f251-6f6f-4df1-88b1-bb752a8a350b"",""environment"":""e0e44f1f-ec58-480e-94e9-09bad9cd99ba"",""service"":""df16bcd7-7927-4bbf-adf1-191ac3e92d21"",""deployment"":""9f2b543f-0b35-41bc-9cb5-d19bf9898c07"",""replica"":""1901484f-77af-4ab4-83ab-a08df9c439b6""}",2026-05-16T17:11:43.812285654Z
2026-05-16T17:11:43.810756Z 0 [ERROR] [MY-012888] [InnoDB] Cannot resize redo log file ./#innodb_redo/#ib_redo322_tmp to 3 MB (Failed to set size),error,"{""level"":""error""}","{""project"":""0ee5f251-6f6f-4df1-88b1-bb752a8a350b"",""environment"":""e0e44f1f-ec58-480e-94e9-09bad9cd99ba"",""service"":""df16bcd7-7927-4bbf-adf1-191ac3e92d21"",""deployment"":""9f2b543f-0b35-41bc-9cb5-d19bf9898c07"",""replica"":""1901484f-77af-4ab4-83ab-a08df9c439b6""}",2026-05-16T17:11:43.812291878Z
2026-05-16T17:11:43.827368Z 0 [Warning] [MY-012638] [InnoDB] Retry attempts for writing partial data failed.,error,"{""level"":""error""}","{""project"":""0ee5f251-6f6f-4df1-88b1-bb752a8a350b"",""environment"":""e0e44f1f-ec58-480e-94e9-09bad9cd99ba"",""service"":""df16bcd7-7927-4bbf-adf1-191ac3e92d21"",""deployment"":""9f2b543f-0b35-41bc-9cb5-d19bf9898c07"",""replica"":""1901484f-77af-4ab4-83ab-a08df9c439b6""}",2026-05-16T17:11:43.828179251Z
2026-05-16T17:11:43.827386Z 0 [ERROR] [MY-012888] [InnoDB] Cannot resize redo log file ./#innodb_redo/#ib_redo322_tmp to 3 MB (Failed to set size),error,"{""level"":""error""}","{""project"":""0ee5f251-6f6f-4df1-88b1-bb752a8a350b"",""environment"":""e0e44f1f-ec58-480e-94e9-09bad9cd99ba"",""service"":""df16bcd7-7927-4bbf-adf1-191ac3e92d21"",""deployment"":""9f2b543f-0b35-41bc-9cb5-d19bf9898c07"",""replica"":""1901484f-77af-4ab4-83ab-a08df9c439b6""}",2026-05-16T17:11:43.828184035Z
2026-05-16T17:11:43.844354Z 0 [Warning] [MY-012638] [InnoDB] Retry attempts for writing partial data failed.,error,"{""level"":""error""}","{""project"":""0ee5f251-6f6f-4df1-88b1-bb752a8a350b"",""environment"":""e0e44f1f-ec58-480e-94e9-09bad9cd99ba"",""service"":""df16bcd7-7927-4bbf-adf1-191ac3e92d21"",""deployment"":""9f2b543f-0b35-41bc-9cb5-d19bf9898c07"",""replica"":""1901484f-77af-4ab4-83ab-a08df9c439b6""}",2026-05-16T17:11:43.845227273Z
2026-05-16T17:11:43.844371Z 0 [ERROR] [MY-012888] [InnoDB] Cannot resize redo log file ./#innodb_redo/#ib_redo322_tmp to 3 MB (Failed to set size),error,"{""level"":""error""}","{""project"":""0ee5f251-6f6f-4df1-88b1-bb752a8a350b"",""environment"":""e0e44f1f-ec58-480e-94e9-09bad9cd99ba"",""service"":""df16bcd7-7927-4bbf-adf1-191ac3e92d21"",""deployment"":""9f2b543f-0b35-41bc-9cb5-d19bf9898c07"",""replica"":""1901484f-77af-4ab4-83ab-a08df9c439b6""}",2026-05-16T17:11:43.845233157Z
2026-05-16T17:11:43.861774Z 0 [Warning] [MY-012638] [InnoDB] Retry attempts for writing partial data failed.,error,"{""level"":""error""}","{""project"":""0ee5f251-6f6f-4df1-88b1-bb752a8a350b"",""environment"":""e0e44f1f-ec58-480e-94e9-09bad9cd99ba"",""service"":""df16bcd7-7927-4bbf-adf1-191ac3e92d21"",""deployment"":""9f2b543f-0b35-41bc-9cb5-d19bf9898c07"",""replica"":""1901484f-77af-4ab4-83ab-a08df9c439b6""}",2026-05-16T17:11:43.863148780Z
2026-05-16T17:11:43.861796Z 0 [ERROR] [MY-012888] [InnoDB] Cannot resize redo log file ./#innodb_redo/#ib_redo322_tmp to 3 MB (Failed to set size),error,"{""level"":""error""}","{""project"":""0ee5f251-6f6f-4df1-88b1-bb752a8a350b"",""environment"":""e0e44f1f-ec58-480e-94e9-09bad9cd99ba"",""service"":""df16bcd7-7927-4bbf-adf1-191ac3e92d21"",""deployment"":""9f2b543f-0b35-41bc-9cb5-d19bf9898c07"",""replica"":""1901484f-77af-4ab4-83ab-a08df9c439b6""}",2026-05-16T17:11:43.863155262Z
2026-05-16T17:11:43.878668Z 0 [Warning] [MY-012638] [InnoDB] Retry attempts for writing partial data failed.,error,"{""level"":""error""}","{""project"":""0ee5f251-6f6f-4df1-88b1-bb752a8a350b"",""environment"":""e0e44f1f-ec58-480e-94e9-09bad9cd99ba"",""service"":""df16bcd7-7927-4bbf-adf1-191ac3e92d21"",""deployment"":""9f2b543f-0b35-41bc-9cb5-d19bf9898c07"",""replica"":""1901484f-77af-4ab4-83ab-a08df9c439b6""}",2026-05-16T17:11:43.879317064Z
2026-05-16T17:11:43.878685Z 0 [ERROR] [MY-012888] [InnoDB] Cannot resize redo log file ./#innodb_redo/#ib_redo322_tmp to 3 MB (Failed to set size),error,"{""level"":""error""}","{""project"":""0ee5f251-6f6f-4df1-88b1-bb752a8a350b"",""environment"":""e0e44f1f-ec58-480e-94e9-09bad9cd99ba"",""service"":""df16bcd7-7927-4bbf-adf1-191ac3e92d21"",""deployment"":""9f2b543f-0b35-41bc-9cb5-d19bf9898c07"",""replica"":""1901484f-77af-4ab4-83ab-a08df9c439b6""}",2026-05-16T17:11:43.879322823Z
2026-05-16T17:11:43.895146Z 0 [Warning] [MY-012638] [InnoDB] Retry attempts for writing partial data failed.,error,"{""level"":""error""}","{""project"":""0ee5f251-6f6f-4df1-88b1-bb752a8a350b"",""environment"":""e0e44f1f-ec58-480e-94e9-09bad9cd99ba"",""service"":""df16bcd7-7927-4bbf-adf1-191ac3e92d21"",""deployment"":""9f2b543f-0b35-41bc-9cb5-d19bf9898c07"",""replica"":""1901484f-77af-4ab4-83ab-a08df9c439b6""}",2026-05-16T17:11:43.895895772Z
2026-05-16T17:11:43.895163Z 0 [ERROR] [MY-012888] [InnoDB] Cannot resize redo log file ./#innodb_redo/#ib_redo322_tmp to 3 MB (Failed to set size),error,"{""level"":""error""}","{""project"":""0ee5f251-6f6f-4df1-88b1-bb752a8a350b"",""environment"":""e0e44f1f-ec58-480e-94e9-09bad9cd99ba"",""service"":""df16bcd7-7927-4bbf-adf1-191ac3e92d21"",""deployment"":""9f2b543f-0b35-41bc-9cb5-d19bf9898c07"",""replica"":""1901484f-77af-4ab4-83ab-a08df9c439b6""}",2026-05-16T17:11:43.895900515Z
2026-05-16T17:11:43.911899Z 0 [Warning] [MY-012638] [InnoDB] Retry attempts for writing partial data failed.,error,"{""level"":""error""}","{""project"":""0ee5f251-6f6f-4df1-88b1-bb752a8a350b"",""environment"":""e0e44f1f-ec58-480e-94e9-09bad9cd99ba"",""service"":""df16bcd7-7927-4bbf-adf1-191ac3e92d21"",""deployment"":""9f2b543f-0b35-41bc-9cb5-d19bf9898c07"",""replica"":""1901484f-77af-4ab4-83ab-a08df9c439b6""}",2026-05-16T17:11:43.912991724Z
2026-05-16T17:11:43.911916Z 0 [ERROR] [MY-012888] [InnoDB] Cannot resize redo log file ./#innodb_redo/#ib_redo322_tmp to 3 MB (Failed to set size),error,"{""level"":""error""}","{""project"":""0ee5f251-6f6f-4df1-88b1-bb752a8a350b"",""environment"":""e0e44f1f-ec58-480e-94e9-09bad9cd99ba"",""service"":""df16bcd7-7927-4bbf-adf1-191ac3e92d21"",""deployment"":""9f2b543f-0b35-41bc-9cb5-d19bf9898c07"",""replica"":""1901484f-77af-4ab4-83ab-a08df9c439b6""}",2026-05-16T17:11:43.912996067Z
2026-05-16T17:11:43.929442Z 0 [Warning] [MY-012638] [InnoDB] Retry attempts for writing partial data failed.,error,"{""level"":""error""}","{""project"":""0ee5f251-6f6f-4df1-88b1-bb752a8a350b"",""environment"":""e0e44f1f-ec58-480e-94e9-09bad9cd99ba"",""service"":""df16bcd7-7927-4bbf-adf1-191ac3e92d21"",""deployment"":""9f2b543f-0b35-41bc-9cb5-d19bf9898c07"",""replica"":""1901484f-77af-4ab4-83ab-a08df9c439b6""}",2026-05-16T17:11:43.930194527Z
2026-05-16T17:11:43.929460Z 0 [ERROR] [MY-012888] [InnoDB] Cannot resize redo log file ./#innodb_redo/#ib_redo322_tmp to 3 MB (Failed to set size),error,"{""level"":""error""}","{""project"":""0ee5f251-6f6f-4df1-88b1-bb752a8a350b"",""environment"":""e0e44f1f-ec58-480e-94e9-09bad9cd99ba"",""service"":""df16bcd7-7927-4bbf-adf1-191ac3e92d21"",""deployment"":""9f2b543f-0b35-41bc-9cb5-d19bf9898c07"",""replica"":""1901484f-77af-4ab4-83ab-a08df9c439b6""}",2026-05-16T17:11:43.930198879Z
2026-05-16T17:11:43.946648Z 0 [Warning] [MY-012638] [InnoDB] Retry attempts for writing partial data failed.,error,"{""level"":""error""}","{""project"":""0ee5f251-6f6f-4df1-88b1-bb752a8a350b"",""environment"":""e0e44f1f-ec58-480e-94e9-09bad9cd99ba"",""service"":""df16bcd7-7927-4bbf-adf1-191ac3e92d21"",""deployment"":""9f2b543f-0b35-41bc-9cb5-d19bf9898c07"",""replica"":""1901484f-77af-4ab4-83ab-a08df9c439b6""}",2026-05-16T17:11:44.278358280Z
2026-05-16T17:11:43.946664Z 0 [ERROR] [MY-012888] [InnoDB] Cannot resize redo log file ./#innodb_redo/#ib_redo322_tmp to 3 MB (Failed to set size),error,"{""level"":""error""}","{""project"":""0ee5f251-6f6f-4df1-88b1-bb752a8a350b"",""environment"":""e0e44f1f-ec58-480e-94e9-09bad9cd99ba"",""service"":""df16bcd7-7927-4bbf-adf1-191ac3e92d21"",""deployment"":""9f2b543f-0b35-41bc-9cb5-d19bf9898c07"",""replica"":""1901484f-77af-4ab4-83ab-a08df9c439b6""}",2026-05-16T17:11:44.278365639Z
2026-05-16T17:11:43.963477Z 0 [Warning] [MY-012638] [InnoDB] Retry attempts for writing partial data failed.,error,"{""level"":""error""}","{""project"":""0ee5f251-6f6f-4df1-88b1-bb752a8a350b"",""environment"":""e0e44f1f-ec58-480e-94e9-09bad9cd99ba"",""service"":""df16bcd7-7927-4bbf-adf1-191ac3e92d21"",""deployment"":""9f2b543f-0b35-41bc-9cb5-d19bf9898c07"",""replica"":""1901484f-77af-4ab4-83ab-a08df9c439b6""}",2026-05-16T17:11:44.278370180Z
2026-05-16T17:11:43.963494Z 0 [ERROR] [MY-012888] [InnoDB] Cannot resize redo log file ./#innodb_redo/#ib_redo322_tmp to 3 MB (Failed to set size),error,"{""level"":""error""}","{""project"":""0ee5f251-6f6f-4df1-88b1-bb752a8a350b"",""environment"":""e0e44f1f-ec58-480e-94e9-09bad9cd99ba"",""service"":""df16bcd7-7927-4bbf-adf1-191ac3e92d21"",""deployment"":""9f2b543f-0b35-41bc-9cb5-d19bf9898c07"",""replica"":""1901484f-77af-4ab4-83ab-a08df9c439b6""}",2026-05-16T17:11:44.278378340Z
2026-05-16T17:11:43.979962Z 0 [Warning] [MY-012638] [InnoDB] Retry attempts for writing partial data failed.,error,"{""level"":""error""}","{""project"":""0ee5f251-6f6f-4df1-88b1-bb752a8a350b"",""environment"":""e0e44f1f-ec58-480e-94e9-09bad9cd99ba"",""service"":""df16bcd7-7927-4bbf-adf1-191ac3e92d21"",""deployment"":""9f2b543f-0b35-41bc-9cb5-d19bf9898c07"",""replica"":""1901484f-77af-4ab4-83ab-a08df9c439b6""}",2026-05-16T17:11:44.278382644Z
2026-05-16T17:11:43.979982Z 0 [ERROR] [MY-012888] [InnoDB] Cannot resize redo log file ./#innodb_redo/#ib_redo322_tmp to 3 MB (Failed to set size),error,"{""level"":""error""}","{""project"":""0ee5f251-6f6f-4df1-88b1-bb752a8a350b"",""environment"":""e0e44f1f-ec58-480e-94e9-09bad9cd99ba"",""service"":""df16bcd7-7927-4bbf-adf1-191ac3e92d21"",""deployment"":""9f2b543f-0b35-41bc-9cb5-d19bf9898c07"",""replica"":""1901484f-77af-4ab4-83ab-a08df9c439b6""}",2026-05-16T17:11:44.278387424Z
2026-05-16T17:11:43.997206Z 0 [Warning] [MY-012638] [InnoDB] Retry attempts for writing partial data failed.,error,"{""level"":""error""}","{""project"":""0ee5f251-6f6f-4df1-88b1-bb752a8a350b"",""environment"":""e0e44f1f-ec58-480e-94e9-09bad9cd99ba"",""service"":""df16bcd7-7927-4bbf-adf1-191ac3e92d21"",""deployment"":""9f2b543f-0b35-41bc-9cb5-d19bf9898c07"",""replica"":""1901484f-77af-4ab4-83ab-a08df9c439b6""}",2026-05-16T17:11:44.278392428Z
2026-05-16T17:11:43.997223Z 0 [ERROR] [MY-012888] [InnoDB] Cannot resize redo log file ./#innodb_redo/#ib_redo322_tmp to 3 MB (Failed to set size),error,"{""level"":""error""}","{""project"":""0ee5f251-6f6f-4df1-88b1-bb752a8a350b"",""environment"":""e0e44f1f-ec58-480e-94e9-09bad9cd99ba"",""service"":""df16bcd7-7927-4bbf-adf1-191ac3e92d21"",""deployment"":""9f2b543f-0b35-41bc-9cb5-d19bf9898c07"",""replica"":""1901484f-77af-4ab4-83ab-a08df9c439b6""}",2026-05-16T17:11:44.278395846Z
2026-05-16T17:11:44.014413Z 0 [Warning] [MY-012638] [InnoDB] Retry attempts for writing partial data failed.,error,"{""level"":""error""}","{""project"":""0ee5f251-6f6f-4df1-88b1-bb752a8a350b"",""environment"":""e0e44f1f-ec58-480e-94e9-09bad9cd99ba"",""service"":""df16bcd7-7927-4bbf-adf1-191ac3e92d21"",""deployment"":""9f2b543f-0b35-41bc-9cb5-d19bf9898c07"",""replica"":""1901484f-77af-4ab4-83ab-a08df9c439b6""}",2026-05-16T17:11:44.278399497Z
2026-05-16T17:11:44.014429Z 0 [ERROR] [MY-012888] [InnoDB] Cannot resize redo log file ./#innodb_redo/#ib_redo322_tmp to 3 MB (Failed to set size),error,"{""level"":""error""}","{""project"":""0ee5f251-6f6f-4df1-88b1-bb752a8a350b"",""environment"":""e0e44f1f-ec58-480e-94e9-09bad9cd99ba"",""service"":""df16bcd7-7927-4bbf-adf1-191ac3e92d21"",""deployment"":""9f2b543f-0b35-41bc-9cb5-d19bf9898c07"",""replica"":""1901484f-77af-4ab4-83ab-a08df9c439b6""}",2026-05-16T17:11:44.278403933Z
"2026-05-16T17:11:44.018310Z 0 [ERROR] [MY-012144] [InnoDB] posix_fallocate(): Failed to preallocate data for file ./railway/kpi_cache.ibd, desired size 16384 bytes. Operating system error number 28. Check that the disk is not full or a disk quota exceeded. Make sure the file system supports this function. Refer to your operating system documentation for operating system error code information.",error,"{""level"":""error""}","{""project"":""0ee5f251-6f6f-4df1-88b1-bb752a8a350b"",""environment"":""e0e44f1f-ec58-480e-94e9-09bad9cd99ba"",""service"":""df16bcd7-7927-4bbf-adf1-191ac3e92d21"",""deployment"":""9f2b543f-0b35-41bc-9cb5-d19bf9898c07"",""replica"":""1901484f-77af-4ab4-83ab-a08df9c439b6""}",2026-05-16T17:11:44.278407981Z
2026-05-16T17:11:44.018343Z 0 [Warning] [MY-012638] [InnoDB] Retry attempts for writing partial data failed.,error,"{""level"":""error""}","{""project"":""0ee5f251-6f6f-4df1-88b1-bb752a8a350b"",""environment"":""e0e44f1f-ec58-480e-94e9-09bad9cd99ba"",""service"":""df16bcd7-7927-4bbf-adf1-191ac3e92d21"",""deployment"":""9f2b543f-0b35-41bc-9cb5-d19bf9898c07"",""replica"":""1901484f-77af-4ab4-83ab-a08df9c439b6""}",2026-05-16T17:11:44.279317975Z
2026-05-16T17:11:44.018348Z 0 [Warning] [MY-012145] [InnoDB] Error while writing 16384 zeroes to ./railway/kpi_cache.ibd starting at offset 163840,error,"{""level"":""error""}","{""project"":""0ee5f251-6f6f-4df1-88b1-bb752a8a350b"",""environment"":""e0e44f1f-ec58-480e-94e9-09bad9cd99ba"",""service"":""df16bcd7-7927-4bbf-adf1-191ac3e92d21"",""deployment"":""9f2b543f-0b35-41bc-9cb5-d19bf9898c07"",""replica"":""1901484f-77af-4ab4-83ab-a08df9c439b6""}",2026-05-16T17:11:44.279323843Z
2026-05-16T17:11:44.031783Z 0 [Warning] [MY-012638] [InnoDB] Retry attempts for writing partial data failed.,error,"{""level"":""error""}","{""project"":""0ee5f251-6f6f-4df1-88b1-bb752a8a350b"",""environment"":""e0e44f1f-ec58-480e-94e9-09bad9cd99ba"",""service"":""df16bcd7-7927-4bbf-adf1-191ac3e92d21"",""deployment"":""9f2b543f-0b35-41bc-9cb5-d19bf9898c07"",""replica"":""1901484f-77af-4ab4-83ab-a08df9c439b6""}",2026-05-16T17:11:44.279329342Z
2026-05-16T17:11:44.031800Z 0 [ERROR] [MY-012888] [InnoDB] Cannot resize redo log file ./#innodb_redo/#ib_redo322_tmp to 3 MB (Failed to set size),error,"{""level"":""error""}","{""project"":""0ee5f251-6f6f-4df1-88b1-bb752a8a350b"",""environment"":""e0e44f1f-ec58-480e-94e9-09bad9cd99ba"",""service"":""df16bcd7-7927-4bbf-adf1-191ac3e92d21"",""deployment"":""9f2b543f-0b35-41bc-9cb5-d19bf9898c07"",""replica"":""1901484f-77af-4ab4-83ab-a08df9c439b6""}",2026-05-16T17:11:44.279335690Z
2026-05-16T17:11:44.048600Z 0 [Warning] [MY-012638] [InnoDB] Retry attempts for writing partial data failed.,error,"{""level"":""error""}","{""project"":""0ee5f251-6f6f-4df1-88b1-bb752a8a350b"",""environment"":""e0e44f1f-ec58-480e-94e9-09bad9cd99ba"",""service"":""df16bcd7-7927-4bbf-adf1-191ac3e92d21"",""deployment"":""9f2b543f-0b35-41bc-9cb5-d19bf9898c07"",""replica"":""1901484f-77af-4ab4-83ab-a08df9c439b6""}",2026-05-16T17:11:44.279340778Z
2026-05-16T17:11:44.048617Z 0 [ERROR] [MY-012888] [InnoDB] Cannot resize redo log file ./#innodb_redo/#ib_redo322_tmp to 3 MB (Failed to set size),error,"{""level"":""error""}","{""project"":""0ee5f251-6f6f-4df1-88b1-bb752a8a350b"",""environment"":""e0e44f1f-ec58-480e-94e9-09bad9cd99ba"",""service"":""df16bcd7-7927-4bbf-adf1-191ac3e92d21"",""deployment"":""9f2b543f-0b35-41bc-9cb5-d19bf9898c07"",""replica"":""1901484f-77af-4ab4-83ab-a08df9c439b6""}",2026-05-16T17:11:44.279345887Z
2026-05-16T17:11:44.065313Z 0 [Warning] [MY-012638] [InnoDB] Retry attempts for writing partial data failed.,error,"{""level"":""error""}","{""project"":""0ee5f251-6f6f-4df1-88b1-bb752a8a350b"",""environment"":""e0e44f1f-ec58-480e-94e9-09bad9cd99ba"",""service"":""df16bcd7-7927-4bbf-adf1-191ac3e92d21"",""deployment"":""9f2b543f-0b35-41bc-9cb5-d19bf9898c07"",""replica"":""1901484f-77af-4ab4-83ab-a08df9c439b6""}",2026-05-16T17:11:44.279351129Z
2026-05-16T17:11:44.065329Z 0 [ERROR] [MY-012888] [InnoDB] Cannot resize redo log file ./#innodb_redo/#ib_redo322_tmp to 3 MB (Failed to set size),error,"{""level"":""error""}","{""project"":""0ee5f251-6f6f-4df1-88b1-bb752a8a350b"",""environment"":""e0e44f1f-ec58-480e-94e9-09bad9cd99ba"",""service"":""df16bcd7-7927-4bbf-adf1-191ac3e92d21"",""deployment"":""9f2b543f-0b35-41bc-9cb5-d19bf9898c07"",""replica"":""1901484f-77af-4ab4-83ab-a08df9c439b6""}",2026-05-16T17:11:44.279355982Z
"2026-05-16T17:11:44.068513Z 0 [ERROR] [MY-012144] [InnoDB] posix_fallocate(): Failed to preallocate data for file ./railway/kpi_cache.ibd, desired size 16384 bytes. Operating system error number 28. Check that the disk is not full or a disk quota exceeded. Make sure the file system supports this function. Refer to your operating system documentation for operating system error code information.",error,"{""level"":""error""}","{""project"":""0ee5f251-6f6f-4df1-88b1-bb752a8a350b"",""environment"":""e0e44f1f-ec58-480e-94e9-09bad9cd99ba"",""service"":""df16bcd7-7927-4bbf-adf1-191ac3e92d21"",""deployment"":""9f2b543f-0b35-41bc-9cb5-d19bf9898c07"",""replica"":""1901484f-77af-4ab4-83ab-a08df9c439b6""}",2026-05-16T17:11:44.279360977Z
2026-05-16T17:11:44.068543Z 0 [Warning] [MY-012638] [InnoDB] Retry attempts for writing partial data failed.,error,"{""level"":""error""}","{""project"":""0ee5f251-6f6f-4df1-88b1-bb752a8a350b"",""environment"":""e0e44f1f-ec58-480e-94e9-09bad9cd99ba"",""service"":""df16bcd7-7927-4bbf-adf1-191ac3e92d21"",""deployment"":""9f2b543f-0b35-41bc-9cb5-d19bf9898c07"",""replica"":""1901484f-77af-4ab4-83ab-a08df9c439b6""}",2026-05-16T17:11:44.279365464Z
2026-05-16T17:11:44.068549Z 0 [Warning] [MY-012145] [InnoDB] Error while writing 16384 zeroes to ./railway/kpi_cache.ibd starting at offset 163840,error,"{""level"":""error""}","{""project"":""0ee5f251-6f6f-4df1-88b1-bb752a8a350b"",""environment"":""e0e44f1f-ec58-480e-94e9-09bad9cd99ba"",""service"":""df16bcd7-7927-4bbf-adf1-191ac3e92d21"",""deployment"":""9f2b543f-0b35-41bc-9cb5-d19bf9898c07"",""replica"":""1901484f-77af-4ab4-83ab-a08df9c439b6""}",2026-05-16T17:11:44.279369858Z
2026-05-16T17:11:44.081905Z 0 [Warning] [MY-012638] [InnoDB] Retry attempts for writing partial data failed.,error,"{""level"":""error""}","{""project"":""0ee5f251-6f6f-4df1-88b1-bb752a8a350b"",""environment"":""e0e44f1f-ec58-480e-94e9-09bad9cd99ba"",""service"":""df16bcd7-7927-4bbf-adf1-191ac3e92d21"",""deployment"":""9f2b543f-0b35-41bc-9cb5-d19bf9898c07"",""replica"":""1901484f-77af-4ab4-83ab-a08df9c439b6""}",2026-05-16T17:11:44.280302117Z
2026-05-16T17:11:44.081922Z 0 [ERROR] [MY-012888] [InnoDB] Cannot resize redo log file ./#innodb_redo/#ib_redo322_tmp to 3 MB (Failed to set size),error,"{""level"":""error""}","{""project"":""0ee5f251-6f6f-4df1-88b1-bb752a8a350b"",""environment"":""e0e44f1f-ec58-480e-94e9-09bad9cd99ba"",""service"":""df16bcd7-7927-4bbf-adf1-191ac3e92d21"",""deployment"":""9f2b543f-0b35-41bc-9cb5-d19bf9898c07"",""replica"":""1901484f-77af-4ab4-83ab-a08df9c439b6""}",2026-05-16T17:11:44.280306752Z
2026-05-16T17:11:44.098399Z 0 [Warning] [MY-012638] [InnoDB] Retry attempts for writing partial data failed.,error,"{""level"":""error""}","{""project"":""0ee5f251-6f6f-4df1-88b1-bb752a8a350b"",""environment"":""e0e44f1f-ec58-480e-94e9-09bad9cd99ba"",""service"":""df16bcd7-7927-4bbf-adf1-191ac3e92d21"",""deployment"":""9f2b543f-0b35-41bc-9cb5-d19bf9898c07"",""replica"":""1901484f-77af-4ab4-83ab-a08df9c439b6""}",2026-05-16T17:11:44.280310193Z
2026-05-16T17:11:44.098417Z 0 [ERROR] [MY-012888] [InnoDB] Cannot resize redo log file ./#innodb_redo/#ib_redo322_tmp to 3 MB (Failed to set size),error,"{""level"":""error""}","{""project"":""0ee5f251-6f6f-4df1-88b1-bb752a8a350b"",""environment"":""e0e44f1f-ec58-480e-94e9-09bad9cd99ba"",""service"":""df16bcd7-7927-4bbf-adf1-191ac3e92d21"",""deployment"":""9f2b543f-0b35-41bc-9cb5-d19bf9898c07"",""replica"":""1901484f-77af-4ab4-83ab-a08df9c439b6""}",2026-05-16T17:11:44.280314175Z
2026-05-16T17:11:44.114923Z 0 [Warning] [MY-012638] [InnoDB] Retry attempts for writing partial data failed.,error,"{""level"":""error""}","{""project"":""0ee5f251-6f6f-4df1-88b1-bb752a8a350b"",""environment"":""e0e44f1f-ec58-480e-94e9-09bad9cd99ba"",""service"":""df16bcd7-7927-4bbf-adf1-191ac3e92d21"",""deployment"":""9f2b543f-0b35-41bc-9cb5-d19bf9898c07"",""replica"":""1901484f-77af-4ab4-83ab-a08df9c439b6""}",2026-05-16T17:11:44.280317634Z
2026-05-16T17:11:44.114941Z 0 [ERROR] [MY-012888] [InnoDB] Cannot resize redo log file ./#innodb_redo/#ib_redo322_tmp to 3 MB (Failed to set size),error,"{""level"":""error""}","{""project"":""0ee5f251-6f6f-4df1-88b1-bb752a8a350b"",""environment"":""e0e44f1f-ec58-480e-94e9-09bad9cd99ba"",""service"":""df16bcd7-7927-4bbf-adf1-191ac3e92d21"",""deployment"":""9f2b543f-0b35-41bc-9cb5-d19bf9898c07"",""replica"":""1901484f-77af-4ab4-83ab-a08df9c439b6""}",2026-05-16T17:11:44.280321395Z
"2026-05-16T17:11:44.118735Z 0 [ERROR] [MY-012144] [InnoDB] posix_fallocate(): Failed to preallocate data for file ./railway/kpi_cache.ibd, desired size 16384 bytes. Operating system error number 28. Check that the disk is not full or a disk quota exceeded. Make sure the file system supports this function. Refer to your operating system documentation for operating system error code information.",error,"{""level"":""error""}","{""project"":""0ee5f251-6f6f-4df1-88b1-bb752a8a350b"",""environment"":""e0e44f1f-ec58-480e-94e9-09bad9cd99ba"",""service"":""df16bcd7-7927-4bbf-adf1-191ac3e92d21"",""deployment"":""9f2b543f-0b35-41bc-9cb5-d19bf9898c07"",""replica"":""1901484f-77af-4ab4-83ab-a08df9c439b6""}",2026-05-16T17:11:44.280324533Z
2026-05-16T17:11:44.118766Z 0 [Warning] [MY-012638] [InnoDB] Retry attempts for writing partial data failed.,error,"{""level"":""error""}","{""project"":""0ee5f251-6f6f-4df1-88b1-bb752a8a350b"",""environment"":""e0e44f1f-ec58-480e-94e9-09bad9cd99ba"",""service"":""df16bcd7-7927-4bbf-adf1-191ac3e92d21"",""deployment"":""9f2b543f-0b35-41bc-9cb5-d19bf9898c07"",""replica"":""1901484f-77af-4ab4-83ab-a08df9c439b6""}",2026-05-16T17:11:44.280327755Z
2026-05-16T17:11:44.118771Z 0 [Warning] [MY-012145] [InnoDB] Error while writing 16384 zeroes to ./railway/kpi_cache.ibd starting at offset 163840,error,"{""level"":""error""}","{""project"":""0ee5f251-6f6f-4df1-88b1-bb752a8a350b"",""environment"":""e0e44f1f-ec58-480e-94e9-09bad9cd99ba"",""service"":""df16bcd7-7927-4bbf-adf1-191ac3e92d21"",""deployment"":""9f2b543f-0b35-41bc-9cb5-d19bf9898c07"",""replica"":""1901484f-77af-4ab4-83ab-a08df9c439b6""}",2026-05-16T17:11:44.280330998Z
2026-05-16T17:11:44.131505Z 0 [Warning] [MY-012638] [InnoDB] Retry attempts for writing partial data failed.,error,"{""level"":""error""}","{""project"":""0ee5f251-6f6f-4df1-88b1-bb752a8a350b"",""environment"":""e0e44f1f-ec58-480e-94e9-09bad9cd99ba"",""service"":""df16bcd7-7927-4bbf-adf1-191ac3e92d21"",""deployment"":""9f2b543f-0b35-41bc-9cb5-d19bf9898c07"",""replica"":""1901484f-77af-4ab4-83ab-a08df9c439b6""}",2026-05-16T17:11:44.280334831Z
2026-05-16T17:11:44.131522Z 0 [ERROR] [MY-012888] [InnoDB] Cannot resize redo log file ./#innodb_redo/#ib_redo322_tmp to 3 MB (Failed to set size),error,"{""level"":""error""}","{""project"":""0ee5f251-6f6f-4df1-88b1-bb752a8a350b"",""environment"":""e0e44f1f-ec58-480e-94e9-09bad9cd99ba"",""service"":""df16bcd7-7927-4bbf-adf1-191ac3e92d21"",""deployment"":""9f2b543f-0b35-41bc-9cb5-d19bf9898c07"",""replica"":""1901484f-77af-4ab4-83ab-a08df9c439b6""}",2026-05-16T17:11:44.280338017Z
2026-05-16T17:11:44.147979Z 0 [Warning] [MY-012638] [InnoDB] Retry attempts for writing partial data failed.,error,"{""level"":""error""}","{""project"":""0ee5f251-6f6f-4df1-88b1-bb752a8a350b"",""environment"":""e0e44f1f-ec58-480e-94e9-09bad9cd99ba"",""service"":""df16bcd7-7927-4bbf-adf1-191ac3e92d21"",""deployment"":""9f2b543f-0b35-41bc-9cb5-d19bf9898c07"",""replica"":""1901484f-77af-4ab4-83ab-a08df9c439b6""}",2026-05-16T17:11:44.281791040Z
2026-05-16T17:11:44.147997Z 0 [ERROR] [MY-012888] [InnoDB] Cannot resize redo log file ./#innodb_redo/#ib_redo322_tmp to 3 MB (Failed to set size),error,"{""level"":""error""}","{""project"":""0ee5f251-6f6f-4df1-88b1-bb752a8a350b"",""environment"":""e0e44f1f-ec58-480e-94e9-09bad9cd99ba"",""service"":""df16bcd7-7927-4bbf-adf1-191ac3e92d21"",""deployment"":""9f2b543f-0b35-41bc-9cb5-d19bf9898c07"",""replica"":""1901484f-77af-4ab4-83ab-a08df9c439b6""}",2026-05-16T17:11:44.281796454Z
2026-05-16T17:11:44.164399Z 0 [Warning] [MY-012638] [InnoDB] Retry attempts for writing partial data failed.,error,"{""level"":""error""}","{""project"":""0ee5f251-6f6f-4df1-88b1-bb752a8a350b"",""environment"":""e0e44f1f-ec58-480e-94e9-09bad9cd99ba"",""service"":""df16bcd7-7927-4bbf-adf1-191ac3e92d21"",""deployment"":""9f2b543f-0b35-41bc-9cb5-d19bf9898c07"",""replica"":""1901484f-77af-4ab4-83ab-a08df9c439b6""}",2026-05-16T17:11:44.281800623Z
2026-05-16T17:11:44.164415Z 0 [ERROR] [MY-012888] [InnoDB] Cannot resize redo log file ./#innodb_redo/#ib_redo322_tmp to 3 MB (Failed to set size),error,"{""level"":""error""}","{""project"":""0ee5f251-6f6f-4df1-88b1-bb752a8a350b"",""environment"":""e0e44f1f-ec58-480e-94e9-09bad9cd99ba"",""service"":""df16bcd7-7927-4bbf-adf1-191ac3e92d21"",""deployment"":""9f2b543f-0b35-41bc-9cb5-d19bf9898c07"",""replica"":""1901484f-77af-4ab4-83ab-a08df9c439b6""}",2026-05-16T17:11:44.281804342Z
"2026-05-16T17:11:44.168956Z 0 [ERROR] [MY-012144] [InnoDB] posix_fallocate(): Failed to preallocate data for file ./railway/kpi_cache.ibd, desired size 16384 bytes. Operating system error number 28. Check that the disk is not full or a disk quota exceeded. Make sure the file system supports this function. Refer to your operating system documentation for operating system error code information.",error,"{""level"":""error""}","{""project"":""0ee5f251-6f6f-4df1-88b1-bb752a8a350b"",""environment"":""e0e44f1f-ec58-480e-94e9-09bad9cd99ba"",""service"":""df16bcd7-7927-4bbf-adf1-191ac3e92d21"",""deployment"":""9f2b543f-0b35-41bc-9cb5-d19bf9898c07"",""replica"":""1901484f-77af-4ab4-83ab-a08df9c439b6""}",2026-05-16T17:11:44.281807672Z
2026-05-16T17:11:44.168991Z 0 [Warning] [MY-012638] [InnoDB] Retry attempts for writing partial data failed.,error,"{""level"":""error""}","{""project"":""0ee5f251-6f6f-4df1-88b1-bb752a8a350b"",""environment"":""e0e44f1f-ec58-480e-94e9-09bad9cd99ba"",""service"":""df16bcd7-7927-4bbf-adf1-191ac3e92d21"",""deployment"":""9f2b543f-0b35-41bc-9cb5-d19bf9898c07"",""replica"":""1901484f-77af-4ab4-83ab-a08df9c439b6""}",2026-05-16T17:11:44.281811909Z
2026-05-16T17:11:44.168996Z 0 [Warning] [MY-012145] [InnoDB] Error while writing 16384 zeroes to ./railway/kpi_cache.ibd starting at offset 163840,error,"{""level"":""error""}","{""project"":""0ee5f251-6f6f-4df1-88b1-bb752a8a350b"",""environment"":""e0e44f1f-ec58-480e-94e9-09bad9cd99ba"",""service"":""df16bcd7-7927-4bbf-adf1-191ac3e92d21"",""deployment"":""9f2b543f-0b35-41bc-9cb5-d19bf9898c07"",""replica"":""1901484f-77af-4ab4-83ab-a08df9c439b6""}",2026-05-16T17:11:44.281815195Z
2026-05-16T17:11:44.181050Z 0 [Warning] [MY-012638] [InnoDB] Retry attempts for writing partial data failed.,error,"{""level"":""error""}","{""project"":""0ee5f251-6f6f-4df1-88b1-bb752a8a350b"",""environment"":""e0e44f1f-ec58-480e-94e9-09bad9cd99ba"",""service"":""df16bcd7-7927-4bbf-adf1-191ac3e92d21"",""deployment"":""9f2b543f-0b35-41bc-9cb5-d19bf9898c07"",""replica"":""1901484f-77af-4ab4-83ab-a08df9c439b6""}",2026-05-16T17:11:44.281818373Z
2026-05-16T17:11:44.181065Z 0 [ERROR] [MY-012888] [InnoDB] Cannot resize redo log file ./#innodb_redo/#ib_redo322_tmp to 3 MB (Failed to set size),error,"{""level"":""error""}","{""project"":""0ee5f251-6f6f-4df1-88b1-bb752a8a350b"",""environment"":""e0e44f1f-ec58-480e-94e9-09bad9cd99ba"",""service"":""df16bcd7-7927-4bbf-adf1-191ac3e92d21"",""deployment"":""9f2b543f-0b35-41bc-9cb5-d19bf9898c07"",""replica"":""1901484f-77af-4ab4-83ab-a08df9c439b6""}",2026-05-16T17:11:44.281822106Z
2026-05-16T17:11:44.199242Z 0 [Warning] [MY-012638] [InnoDB] Retry attempts for writing partial data failed.,error,"{""level"":""error""}","{""project"":""0ee5f251-6f6f-4df1-88b1-bb752a8a350b"",""environment"":""e0e44f1f-ec58-480e-94e9-09bad9cd99ba"",""service"":""df16bcd7-7927-4bbf-adf1-191ac3e92d21"",""deployment"":""9f2b543f-0b35-41bc-9cb5-d19bf9898c07"",""replica"":""1901484f-77af-4ab4-83ab-a08df9c439b6""}",2026-05-16T17:11:44.281825921Z
2026-05-16T17:11:44.199259Z 0 [ERROR] [MY-012888] [InnoDB] Cannot resize redo log file ./#innodb_redo/#ib_redo322_tmp to 3 MB (Failed to set size),error,"{""level"":""error""}","{""project"":""0ee5f251-6f6f-4df1-88b1-bb752a8a350b"",""environment"":""e0e44f1f-ec58-480e-94e9-09bad9cd99ba"",""service"":""df16bcd7-7927-4bbf-adf1-191ac3e92d21"",""deployment"":""9f2b543f-0b35-41bc-9cb5-d19bf9898c07"",""replica"":""1901484f-77af-4ab4-83ab-a08df9c439b6""}",2026-05-16T17:11:44.281829092Z
2026-05-16T17:11:44.216207Z 0 [Warning] [MY-012638] [InnoDB] Retry attempts for writing partial data failed.,error,"{""level"":""error""}","{""project"":""0ee5f251-6f6f-4df1-88b1-bb752a8a350b"",""environment"":""e0e44f1f-ec58-480e-94e9-09bad9cd99ba"",""service"":""df16bcd7-7927-4bbf-adf1-191ac3e92d21"",""deployment"":""9f2b543f-0b35-41bc-9cb5-d19bf9898c07"",""replica"":""1901484f-77af-4ab4-83ab-a08df9c439b6""}",2026-05-16T17:11:44.282973646Z
2026-05-16T17:11:44.216223Z 0 [ERROR] [MY-012888] [InnoDB] Cannot resize redo log file ./#innodb_redo/#ib_redo322_tmp to 3 MB (Failed to set size),error,"{""level"":""error""}","{""project"":""0ee5f251-6f6f-4df1-88b1-bb752a8a350b"",""environment"":""e0e44f1f-ec58-480e-94e9-09bad9cd99ba"",""service"":""df16bcd7-7927-4bbf-adf1-191ac3e92d21"",""deployment"":""9f2b543f-0b35-41bc-9cb5-d19bf9898c07"",""replica"":""1901484f-77af-4ab4-83ab-a08df9c439b6""}",2026-05-16T17:11:44.282978794Z
"2026-05-16T17:11:44.219152Z 0 [ERROR] [MY-012144] [InnoDB] posix_fallocate(): Failed to preallocate data for file ./railway/kpi_cache.ibd, desired size 16384 bytes. Operating system error number 28. Check that the disk is not full or a disk quota exceeded. Make sure the file system supports this function. Refer to your operating system documentation for operating system error code information.",error,"{""level"":""error""}","{""project"":""0ee5f251-6f6f-4df1-88b1-bb752a8a350b"",""environment"":""e0e44f1f-ec58-480e-94e9-09bad9cd99ba"",""service"":""df16bcd7-7927-4bbf-adf1-191ac3e92d21"",""deployment"":""9f2b543f-0b35-41bc-9cb5-d19bf9898c07"",""replica"":""1901484f-77af-4ab4-83ab-a08df9c439b6""}",2026-05-16T17:11:44.282984865Z
2026-05-16T17:11:44.233546Z 0 [ERROR] [MY-012888] [InnoDB] Cannot resize redo log file ./#innodb_redo/#ib_redo322_tmp to 3 MB (Failed to set size),error,"{""level"":""error""}","{""project"":""0ee5f251-6f6f-4df1-88b1-bb752a8a350b"",""environment"":""e0e44f1f-ec58-480e-94e9-09bad9cd99ba"",""service"":""df16bcd7-7927-4bbf-adf1-191ac3e92d21"",""deployment"":""9f2b543f-0b35-41bc-9cb5-d19bf9898c07"",""replica"":""1901484f-77af-4ab4-83ab-a08df9c439b6""}",2026-05-16T17:11:44.282988205Z
2026-05-16T17:11:44.219186Z 0 [Warning] [MY-012638] [InnoDB] Retry attempts for writing partial data failed.,error,"{""level"":""error""}","{""project"":""0ee5f251-6f6f-4df1-88b1-bb752a8a350b"",""environment"":""e0e44f1f-ec58-480e-94e9-09bad9cd99ba"",""service"":""df16bcd7-7927-4bbf-adf1-191ac3e92d21"",""deployment"":""9f2b543f-0b35-41bc-9cb5-d19bf9898c07"",""replica"":""1901484f-77af-4ab4-83ab-a08df9c439b6""}",2026-05-16T17:11:44.282991267Z
2026-05-16T17:11:44.250903Z 0 [Warning] [MY-012638] [InnoDB] Retry attempts for writing partial data failed.,error,"{""level"":""error""}","{""project"":""0ee5f251-6f6f-4df1-88b1-bb752a8a350b"",""environment"":""e0e44f1f-ec58-480e-94e9-09bad9cd99ba"",""service"":""df16bcd7-7927-4bbf-adf1-191ac3e92d21"",""deployment"":""9f2b543f-0b35-41bc-9cb5-d19bf9898c07"",""replica"":""1901484f-77af-4ab4-83ab-a08df9c439b6""}",2026-05-16T17:11:44.282994094Z
2026-05-16T17:11:44.219192Z 0 [Warning] [MY-012145] [InnoDB] Error while writing 16384 zeroes to ./railway/kpi_cache.ibd starting at offset 163840,error,"{""level"":""error""}","{""project"":""0ee5f251-6f6f-4df1-88b1-bb752a8a350b"",""environment"":""e0e44f1f-ec58-480e-94e9-09bad9cd99ba"",""service"":""df16bcd7-7927-4bbf-adf1-191ac3e92d21"",""deployment"":""9f2b543f-0b35-41bc-9cb5-d19bf9898c07"",""replica"":""1901484f-77af-4ab4-83ab-a08df9c439b6""}",2026-05-16T17:11:44.282997121Z
2026-05-16T17:11:44.250918Z 0 [ERROR] [MY-012888] [InnoDB] Cannot resize redo log file ./#innodb_redo/#ib_redo322_tmp to 3 MB (Failed to set size),error,"{""level"":""error""}","{""project"":""0ee5f251-6f6f-4df1-88b1-bb752a8a350b"",""environment"":""e0e44f1f-ec58-480e-94e9-09bad9cd99ba"",""service"":""df16bcd7-7927-4bbf-adf1-191ac3e92d21"",""deployment"":""9f2b543f-0b35-41bc-9cb5-d19bf9898c07"",""replica"":""1901484f-77af-4ab4-83ab-a08df9c439b6""}",2026-05-16T17:11:44.282999789Z
2026-05-16T17:11:44.233527Z 0 [Warning] [MY-012638] [InnoDB] Retry attempts for writing partial data failed.,error,"{""level"":""error""}","{""project"":""0ee5f251-6f6f-4df1-88b1-bb752a8a350b"",""environment"":""e0e44f1f-ec58-480e-94e9-09bad9cd99ba"",""service"":""df16bcd7-7927-4bbf-adf1-191ac3e92d21"",""deployment"":""9f2b543f-0b35-41bc-9cb5-d19bf9898c07"",""replica"":""1901484f-77af-4ab4-83ab-a08df9c439b6""}",2026-05-16T17:11:44.283003731Z
2026-05-16T17:11:44.267929Z 0 [Warning] [MY-012638] [InnoDB] Retry attempts for writing partial data failed.,error,"{""level"":""error""}","{""project"":""0ee5f251-6f6f-4df1-88b1-bb752a8a350b"",""environment"":""e0e44f1f-ec58-480e-94e9-09bad9cd99ba"",""service"":""df16bcd7-7927-4bbf-adf1-191ac3e92d21"",""deployment"":""9f2b543f-0b35-41bc-9cb5-d19bf9898c07"",""replica"":""1901484f-77af-4ab4-83ab-a08df9c439b6""}",2026-05-16T17:11:44.283005495Z
2026-05-16T17:11:44.267946Z 0 [ERROR] [MY-012888] [InnoDB] Cannot resize redo log file ./#innodb_redo/#ib_redo322_tmp to 3 MB (Failed to set size),error,"{""level"":""error""}","{""project"":""0ee5f251-6f6f-4df1-88b1-bb752a8a350b"",""environment"":""e0e44f1f-ec58-480e-94e9-09bad9cd99ba"",""service"":""df16bcd7-7927-4bbf-adf1-191ac3e92d21"",""deployment"":""9f2b543f-0b35-41bc-9cb5-d19bf9898c07"",""replica"":""1901484f-77af-4ab4-83ab-a08df9c439b6""}",2026-05-16T17:11:44.283009761Z
"2026-05-16T17:11:44.270020Z 0 [ERROR] [MY-012144] [InnoDB] posix_fallocate(): Failed to preallocate data for file ./railway/kpi_cache.ibd, desired size 16384 bytes. Operating system error number 28. Check that the disk is not full or a disk quota exceeded. Make sure the file system supports this function. Refer to your operating system documentation for operating system error code information.",error,"{""level"":""error""}","{""project"":""0ee5f251-6f6f-4df1-88b1-bb752a8a350b"",""environment"":""e0e44f1f-ec58-480e-94e9-09bad9cd99ba"",""service"":""df16bcd7-7927-4bbf-adf1-191ac3e92d21"",""deployment"":""9f2b543f-0b35-41bc-9cb5-d19bf9898c07"",""replica"":""1901484f-77af-4ab4-83ab-a08df9c439b6""}",2026-05-16T17:11:44.283677321Z
2026-05-16T17:11:44.270054Z 0 [Warning] [MY-012638] [InnoDB] Retry attempts for writing partial data failed.,error,"{""level"":""error""}","{""project"":""0ee5f251-6f6f-4df1-88b1-bb752a8a350b"",""environment"":""e0e44f1f-ec58-480e-94e9-09bad9cd99ba"",""service"":""df16bcd7-7927-4bbf-adf1-191ac3e92d21"",""deployment"":""9f2b543f-0b35-41bc-9cb5-d19bf9898c07"",""replica"":""1901484f-77af-4ab4-83ab-a08df9c439b6""}",2026-05-16T17:11:44.283682646Z
2026-05-16T17:11:44.270060Z 0 [Warning] [MY-012145] [InnoDB] Error while writing 16384 zeroes to ./railway/kpi_cache.ibd starting at offset 163840,error,"{""level"":""error""}","{""project"":""0ee5f251-6f6f-4df1-88b1-bb752a8a350b"",""environment"":""e0e44f1f-ec58-480e-94e9-09bad9cd99ba"",""service"":""df16bcd7-7927-4bbf-adf1-191ac3e92d21"",""deployment"":""9f2b543f-0b35-41bc-9cb5-d19bf9898c07"",""replica"":""1901484f-77af-4ab4-83ab-a08df9c439b6""}",2026-05-16T17:11:44.283686191Z
2026-05-16T17:11:44.285249Z 0 [Warning] [MY-012638] [InnoDB] Retry attempts for writing partial data failed.,error,"{""level"":""error""}","{""project"":""0ee5f251-6f6f-4df1-88b1-bb752a8a350b"",""environment"":""e0e44f1f-ec58-480e-94e9-09bad9cd99ba"",""service"":""df16bcd7-7927-4bbf-adf1-191ac3e92d21"",""deployment"":""9f2b543f-0b35-41bc-9cb5-d19bf9898c07"",""replica"":""1901484f-77af-4ab4-83ab-a08df9c439b6""}",2026-05-16T17:11:44.287430693Z
2026-05-16T17:11:44.285269Z 0 [ERROR] [MY-012888] [InnoDB] Cannot resize redo log file ./#innodb_redo/#ib_redo322_tmp to 3 MB (Failed to set size),error,"{""level"":""error""}","{""project"":""0ee5f251-6f6f-4df1-88b1-bb752a8a350b"",""environment"":""e0e44f1f-ec58-480e-94e9-09bad9cd99ba"",""service"":""df16bcd7-7927-4bbf-adf1-191ac3e92d21"",""deployment"":""9f2b543f-0b35-41bc-9cb5-d19bf9898c07"",""replica"":""1901484f-77af-4ab4-83ab-a08df9c439b6""}",2026-05-16T17:11:44.287436774Z
2026-05-16T17:11:44.302126Z 0 [Warning] [MY-012638] [InnoDB] Retry attempts for writing partial data failed.,error,"{""level"":""error""}","{""project"":""0ee5f251-6f6f-4df1-88b1-bb752a8a350b"",""environment"":""e0e44f1f-ec58-480e-94e9-09bad9cd99ba"",""service"":""df16bcd7-7927-4bbf-adf1-191ac3e92d21"",""deployment"":""9f2b543f-0b35-41bc-9cb5-d19bf9898c07"",""replica"":""1901484f-77af-4ab4-83ab-a08df9c439b6""}",2026-05-16T17:11:44.304340806Z
2026-05-16T17:11:44.302144Z 0 [ERROR] [MY-012888] [InnoDB] Cannot resize redo log file ./#innodb_redo/#ib_redo322_tmp to 3 MB (Failed to set size),error,"{""level"":""error""}","{""project"":""0ee5f251-6f6f-4df1-88b1-bb752a8a350b"",""environment"":""e0e44f1f-ec58-480e-94e9-09bad9cd99ba"",""service"":""df16bcd7-7927-4bbf-adf1-191ac3e92d21"",""deployment"":""9f2b543f-0b35-41bc-9cb5-d19bf9898c07"",""replica"":""1901484f-77af-4ab4-83ab-a08df9c439b6""}",2026-05-16T17:11:44.304347394Z
2026-05-16T17:11:44.318699Z 0 [Warning] [MY-012638] [InnoDB] Retry attempts for writing partial data failed.,error,"{""level"":""error""}","{""project"":""0ee5f251-6f6f-4df1-88b1-bb752a8a350b"",""environment"":""e0e44f1f-ec58-480e-94e9-09bad9cd99ba"",""service"":""df16bcd7-7927-4bbf-adf1-191ac3e92d21"",""deployment"":""9f2b543f-0b35-41bc-9cb5-d19bf9898c07"",""replica"":""1901484f-77af-4ab4-83ab-a08df9c439b6""}",2026-05-16T17:11:44.319732053Z
2026-05-16T17:11:44.318722Z 0 [ERROR] [MY-012888] [InnoDB] Cannot resize redo log file ./#innodb_redo/#ib_redo322_tmp to 3 MB (Failed to set size),error,"{""level"":""error""}","{""project"":""0ee5f251-6f6f-4df1-88b1-bb752a8a350b"",""environment"":""e0e44f1f-ec58-480e-94e9-09bad9cd99ba"",""service"":""df16bcd7-7927-4bbf-adf1-191ac3e92d21"",""deployment"":""9f2b543f-0b35-41bc-9cb5-d19bf9898c07"",""replica"":""1901484f-77af-4ab4-83ab-a08df9c439b6""}",2026-05-16T17:11:44.319738173Z
"2026-05-16T17:11:44.320230Z 0 [ERROR] [MY-012144] [InnoDB] posix_fallocate(): Failed to preallocate data for file ./railway/kpi_cache.ibd, desired size 16384 bytes. Operating system error number 28. Check that the disk is not full or a disk quota exceeded. Make sure the file system supports this function. Refer to your operating system documentation for operating system error code information.",error,"{""level"":""error""}","{""project"":""0ee5f251-6f6f-4df1-88b1-bb752a8a350b"",""environment"":""e0e44f1f-ec58-480e-94e9-09bad9cd99ba"",""service"":""df16bcd7-7927-4bbf-adf1-191ac3e92d21"",""deployment"":""9f2b543f-0b35-41bc-9cb5-d19bf9898c07"",""replica"":""1901484f-77af-4ab4-83ab-a08df9c439b6""}",2026-05-16T17:11:44.321148008Z
2026-05-16T17:11:44.320269Z 0 [Warning] [MY-012638] [InnoDB] Retry attempts for writing partial data failed.,error,"{""level"":""error""}","{""project"":""0ee5f251-6f6f-4df1-88b1-bb752a8a350b"",""environment"":""e0e44f1f-ec58-480e-94e9-09bad9cd99ba"",""service"":""df16bcd7-7927-4bbf-adf1-191ac3e92d21"",""deployment"":""9f2b543f-0b35-41bc-9cb5-d19bf9898c07"",""replica"":""1901484f-77af-4ab4-83ab-a08df9c439b6""}",2026-05-16T17:11:44.321152505Z
2026-05-16T17:11:44.320276Z 0 [Warning] [MY-012145] [InnoDB] Error while writing 16384 zeroes to ./railway/kpi_cache.ibd starting at offset 163840,error,"{""level"":""error""}","{""project"":""0ee5f251-6f6f-4df1-88b1-bb752a8a350b"",""environment"":""e0e44f1f-ec58-480e-94e9-09bad9cd99ba"",""service"":""df16bcd7-7927-4bbf-adf1-191ac3e92d21"",""deployment"":""9f2b543f-0b35-41bc-9cb5-d19bf9898c07"",""replica"":""1901484f-77af-4ab4-83ab-a08df9c439b6""}",2026-05-16T17:11:44.321156463Z
2026-05-16T17:11:44.335609Z 0 [Warning] [MY-012638] [InnoDB] Retry attempts for writing partial data failed.,error,"{""level"":""error""}","{""project"":""0ee5f251-6f6f-4df1-88b1-bb752a8a350b"",""environment"":""e0e44f1f-ec58-480e-94e9-09bad9cd99ba"",""service"":""df16bcd7-7927-4bbf-adf1-191ac3e92d21"",""deployment"":""9f2b543f-0b35-41bc-9cb5-d19bf9898c07"",""replica"":""1901484f-77af-4ab4-83ab-a08df9c439b6""}",2026-05-16T17:11:44.337055560Z
2026-05-16T17:11:44.335626Z 0 [ERROR] [MY-012888] [InnoDB] Cannot resize redo log file ./#innodb_redo/#ib_redo322_tmp to 3 MB (Failed to set size),error,"{""level"":""error""}","{""project"":""0ee5f251-6f6f-4df1-88b1-bb752a8a350b"",""environment"":""e0e44f1f-ec58-480e-94e9-09bad9cd99ba"",""service"":""df16bcd7-7927-4bbf-adf1-191ac3e92d21"",""deployment"":""9f2b543f-0b35-41bc-9cb5-d19bf9898c07"",""replica"":""1901484f-77af-4ab4-83ab-a08df9c439b6""}",2026-05-16T17:11:44.337059596Z
2026-05-16T17:11:44.353081Z 0 [Warning] [MY-012638] [InnoDB] Retry attempts for writing partial data failed.,error,"{""level"":""error""}","{""project"":""0ee5f251-6f6f-4df1-88b1-bb752a8a350b"",""environment"":""e0e44f1f-ec58-480e-94e9-09bad9cd99ba"",""service"":""df16bcd7-7927-4bbf-adf1-191ac3e92d21"",""deployment"":""9f2b543f-0b35-41bc-9cb5-d19bf9898c07"",""replica"":""1901484f-77af-4ab4-83ab-a08df9c439b6""}",2026-05-16T17:11:44.355930168Z
2026-05-16T17:11:44.353105Z 0 [ERROR] [MY-012888] [InnoDB] Cannot resize redo log file ./#innodb_redo/#ib_redo322_tmp to 3 MB (Failed to set size),error,"{""level"":""error""}","{""project"":""0ee5f251-6f6f-4df1-88b1-bb752a8a350b"",""environment"":""e0e44f1f-ec58-480e-94e9-09bad9cd99ba"",""service"":""df16bcd7-7927-4bbf-adf1-191ac3e92d21"",""deployment"":""9f2b543f-0b35-41bc-9cb5-d19bf9898c07"",""replica"":""1901484f-77af-4ab4-83ab-a08df9c439b6""}",2026-05-16T17:11:44.355935291Z
2026-05-16T17:11:44.370362Z 0 [Warning] [MY-012638] [InnoDB] Retry attempts for writing partial data failed.,error,"{""level"":""error""}","{""project"":""0ee5f251-6f6f-4df1-88b1-bb752a8a350b"",""environment"":""e0e44f1f-ec58-480e-94e9-09bad9cd99ba"",""service"":""df16bcd7-7927-4bbf-adf1-191ac3e92d21"",""deployment"":""9f2b543f-0b35-41bc-9cb5-d19bf9898c07"",""replica"":""1901484f-77af-4ab4-83ab-a08df9c439b6""}",2026-05-16T17:11:44.375715466Z
2026-05-16T17:11:44.370384Z 0 [ERROR] [MY-012888] [InnoDB] Cannot resize redo log file ./#innodb_redo/#ib_redo322_tmp to 3 MB (Failed to set size),error,"{""level"":""error""}","{""project"":""0ee5f251-6f6f-4df1-88b1-bb752a8a350b"",""environment"":""e0e44f1f-ec58-480e-94e9-09bad9cd99ba"",""service"":""df16bcd7-7927-4bbf-adf1-191ac3e92d21"",""deployment"":""9f2b543f-0b35-41bc-9cb5-d19bf9898c07"",""replica"":""1901484f-77af-4ab4-83ab-a08df9c439b6""}",2026-05-16T17:11:44.375722982Z
"2026-05-16T17:11:44.370873Z 0 [ERROR] [MY-012144] [InnoDB] posix_fallocate(): Failed to preallocate data for file ./railway/kpi_cache.ibd, desired size 16384 bytes. Operating system error number 28. Check that the disk is not full or a disk quota exceeded. Make sure the file system supports this function. Refer to your operating system documentation for operating system error code information.",error,"{""level"":""error""}","{""project"":""0ee5f251-6f6f-4df1-88b1-bb752a8a350b"",""environment"":""e0e44f1f-ec58-480e-94e9-09bad9cd99ba"",""service"":""df16bcd7-7927-4bbf-adf1-191ac3e92d21"",""deployment"":""9f2b543f-0b35-41bc-9cb5-d19bf9898c07"",""replica"":""1901484f-77af-4ab4-83ab-a08df9c439b6""}",2026-05-16T17:11:44.375727719Z
2026-05-16T17:11:44.370908Z 0 [Warning] [MY-012638] [InnoDB] Retry attempts for writing partial data failed.,error,"{""level"":""error""}","{""project"":""0ee5f251-6f6f-4df1-88b1-bb752a8a350b"",""environment"":""e0e44f1f-ec58-480e-94e9-09bad9cd99ba"",""service"":""df16bcd7-7927-4bbf-adf1-191ac3e92d21"",""deployment"":""9f2b543f-0b35-41bc-9cb5-d19bf9898c07"",""replica"":""1901484f-77af-4ab4-83ab-a08df9c439b6""}",2026-05-16T17:11:44.375731952Z
2026-05-16T17:11:44.370914Z 0 [Warning] [MY-012145] [InnoDB] Error while writing 16384 zeroes to ./railway/kpi_cache.ibd starting at offset 163840,error,"{""level"":""error""}","{""project"":""0ee5f251-6f6f-4df1-88b1-bb752a8a350b"",""environment"":""e0e44f1f-ec58-480e-94e9-09bad9cd99ba"",""service"":""df16bcd7-7927-4bbf-adf1-191ac3e92d21"",""deployment"":""9f2b543f-0b35-41bc-9cb5-d19bf9898c07"",""replica"":""1901484f-77af-4ab4-83ab-a08df9c439b6""}",2026-05-16T17:11:44.375736416Z
2026-05-16T17:11:44.387921Z 0 [Warning] [MY-012638] [InnoDB] Retry attempts for writing partial data failed.,error,"{""level"":""error""}","{""project"":""0ee5f251-6f6f-4df1-88b1-bb752a8a350b"",""environment"":""e0e44f1f-ec58-480e-94e9-09bad9cd99ba"",""service"":""df16bcd7-7927-4bbf-adf1-191ac3e92d21"",""deployment"":""9f2b543f-0b35-41bc-9cb5-d19bf9898c07"",""replica"":""1901484f-77af-4ab4-83ab-a08df9c439b6""}",2026-05-16T17:11:44.398338126Z
2026-05-16T17:11:44.387944Z 0 [ERROR] [MY-012888] [InnoDB] Cannot resize redo log file ./#innodb_redo/#ib_redo322_tmp to 3 MB (Failed to set size),error,"{""level"":""error""}","{""project"":""0ee5f251-6f6f-4df1-88b1-bb752a8a350b"",""environment"":""e0e44f1f-ec58-480e-94e9-09bad9cd99ba"",""service"":""df16bcd7-7927-4bbf-adf1-191ac3e92d21"",""deployment"":""9f2b543f-0b35-41bc-9cb5-d19bf9898c07"",""replica"":""1901484f-77af-4ab4-83ab-a08df9c439b6""}",2026-05-16T17:11:44.398343556Z
2026-05-16T17:11:44.405496Z 0 [Warning] [MY-012638] [InnoDB] Retry attempts for writing partial data failed.,error,"{""level"":""error""}","{""project"":""0ee5f251-6f6f-4df1-88b1-bb752a8a350b"",""environment"":""e0e44f1f-ec58-480e-94e9-09bad9cd99ba"",""service"":""df16bcd7-7927-4bbf-adf1-191ac3e92d21"",""deployment"":""9f2b543f-0b35-41bc-9cb5-d19bf9898c07"",""replica"":""1901484f-77af-4ab4-83ab-a08df9c439b6""}",2026-05-16T17:11:44.407628390Z
2026-05-16T17:11:44.405515Z 0 [ERROR] [MY-012888] [InnoDB] Cannot resize redo log file ./#innodb_redo/#ib_redo322_tmp to 3 MB (Failed to set size),error,"{""level"":""error""}","{""project"":""0ee5f251-6f6f-4df1-88b1-bb752a8a350b"",""environment"":""e0e44f1f-ec58-480e-94e9-09bad9cd99ba"",""service"":""df16bcd7-7927-4bbf-adf1-191ac3e92d21"",""deployment"":""9f2b543f-0b35-41bc-9cb5-d19bf9898c07"",""replica"":""1901484f-77af-4ab4-83ab-a08df9c439b6""}",2026-05-16T17:11:44.407634778Z
"2026-05-16T17:11:44.422171Z 0 [ERROR] [MY-012144] [InnoDB] posix_fallocate(): Failed to preallocate data for file ./railway/kpi_cache.ibd, desired size 16384 bytes. Operating system error number 28. Check that the disk is not full or a disk quota exceeded. Make sure the file system supports this function. Refer to your operating system documentation for operating system error code information.",error,"{""level"":""error""}","{""project"":""0ee5f251-6f6f-4df1-88b1-bb752a8a350b"",""environment"":""e0e44f1f-ec58-480e-94e9-09bad9cd99ba"",""service"":""df16bcd7-7927-4bbf-adf1-191ac3e92d21"",""deployment"":""9f2b543f-0b35-41bc-9cb5-d19bf9898c07"",""replica"":""1901484f-77af-4ab4-83ab-a08df9c439b6""}",2026-05-16T17:11:44.424689444Z
2026-05-16T17:11:44.422217Z 0 [Warning] [MY-012638] [InnoDB] Retry attempts for writing partial data failed.,error,"{""level"":""error""}","{""project"":""0ee5f251-6f6f-4df1-88b1-bb752a8a350b"",""environment"":""e0e44f1f-ec58-480e-94e9-09bad9cd99ba"",""service"":""df16bcd7-7927-4bbf-adf1-191ac3e92d21"",""deployment"":""9f2b543f-0b35-41bc-9cb5-d19bf9898c07"",""replica"":""1901484f-77af-4ab4-83ab-a08df9c439b6""}",2026-05-16T17:11:44.424696577Z
2026-05-16T17:11:44.422225Z 0 [Warning] [MY-012145] [InnoDB] Error while writing 16384 zeroes to ./railway/kpi_cache.ibd starting at offset 163840,error,"{""level"":""error""}","{""project"":""0ee5f251-6f6f-4df1-88b1-bb752a8a350b"",""environment"":""e0e44f1f-ec58-480e-94e9-09bad9cd99ba"",""service"":""df16bcd7-7927-4bbf-adf1-191ac3e92d21"",""deployment"":""9f2b543f-0b35-41bc-9cb5-d19bf9898c07"",""replica"":""1901484f-77af-4ab4-83ab-a08df9c439b6""}",2026-05-16T17:11:44.424701300Z
2026-05-16T17:11:44.422329Z 0 [Warning] [MY-012638] [InnoDB] Retry attempts for writing partial data failed.,error,"{""level"":""error""}","{""project"":""0ee5f251-6f6f-4df1-88b1-bb752a8a350b"",""environment"":""e0e44f1f-ec58-480e-94e9-09bad9cd99ba"",""service"":""df16bcd7-7927-4bbf-adf1-191ac3e92d21"",""deployment"":""9f2b543f-0b35-41bc-9cb5-d19bf9898c07"",""replica"":""1901484f-77af-4ab4-83ab-a08df9c439b6""}",2026-05-16T17:11:44.424705399Z
2026-05-16T17:11:44.422346Z 0 [ERROR] [MY-012888] [InnoDB] Cannot resize redo log file ./#innodb_redo/#ib_redo322_tmp to 3 MB (Failed to set size),error,"{""level"":""error""}","{""project"":""0ee5f251-6f6f-4df1-88b1-bb752a8a350b"",""environment"":""e0e44f1f-ec58-480e-94e9-09bad9cd99ba"",""service"":""df16bcd7-7927-4bbf-adf1-191ac3e92d21"",""deployment"":""9f2b543f-0b35-41bc-9cb5-d19bf9898c07"",""replica"":""1901484f-77af-4ab4-83ab-a08df9c439b6""}",2026-05-16T17:11:44.424708913Z
2026-05-16T17:11:44.440462Z 0 [Warning] [MY-012638] [InnoDB] Retry attempts for writing partial data failed.,error,"{""level"":""error""}","{""project"":""0ee5f251-6f6f-4df1-88b1-bb752a8a350b"",""environment"":""e0e44f1f-ec58-480e-94e9-09bad9cd99ba"",""service"":""df16bcd7-7927-4bbf-adf1-191ac3e92d21"",""deployment"":""9f2b543f-0b35-41bc-9cb5-d19bf9898c07"",""replica"":""1901484f-77af-4ab4-83ab-a08df9c439b6""}",2026-05-16T17:11:44.447187142Z
2026-05-16T17:11:44.440482Z 0 [ERROR] [MY-012888] [InnoDB] Cannot resize redo log file ./#innodb_redo/#ib_redo322_tmp to 3 MB (Failed to set size),error,"{""level"":""error""}","{""project"":""0ee5f251-6f6f-4df1-88b1-bb752a8a350b"",""environment"":""e0e44f1f-ec58-480e-94e9-09bad9cd99ba"",""service"":""df16bcd7-7927-4bbf-adf1-191ac3e92d21"",""deployment"":""9f2b543f-0b35-41bc-9cb5-d19bf9898c07"",""replica"":""1901484f-77af-4ab4-83ab-a08df9c439b6""}",2026-05-16T17:11:44.447190392Z
2026-05-16T17:11:44.457704Z 0 [Warning] [MY-012638] [InnoDB] Retry attempts for writing partial data failed.,error,"{""level"":""error""}","{""project"":""0ee5f251-6f6f-4df1-88b1-bb752a8a350b"",""environment"":""e0e44f1f-ec58-480e-94e9-09bad9cd99ba"",""service"":""df16bcd7-7927-4bbf-adf1-191ac3e92d21"",""deployment"":""9f2b543f-0b35-41bc-9cb5-d19bf9898c07"",""replica"":""1901484f-77af-4ab4-83ab-a08df9c439b6""}",2026-05-16T17:11:44.461612124Z
2026-05-16T17:11:44.457725Z 0 [ERROR] [MY-012888] [InnoDB] Cannot resize redo log file ./#innodb_redo/#ib_redo322_tmp to 3 MB (Failed to set size),error,"{""level"":""error""}","{""project"":""0ee5f251-6f6f-4df1-88b1-bb752a8a350b"",""environment"":""e0e44f1f-ec58-480e-94e9-09bad9cd99ba"",""service"":""df16bcd7-7927-4bbf-adf1-191ac3e92d21"",""deployment"":""9f2b543f-0b35-41bc-9cb5-d19bf9898c07"",""replica"":""1901484f-77af-4ab4-83ab-a08df9c439b6""}",2026-05-16T17:11:44.461617002Z
"2026-05-16T17:11:44.472383Z 0 [ERROR] [MY-012144] [InnoDB] posix_fallocate(): Failed to preallocate data for file ./railway/kpi_cache.ibd, desired size 16384 bytes. Operating system error number 28. Check that the disk is not full or a disk quota exceeded. Make sure the file system supports this function. Refer to your operating system documentation for operating system error code information.",error,"{""level"":""error""}","{""project"":""0ee5f251-6f6f-4df1-88b1-bb752a8a350b"",""environment"":""e0e44f1f-ec58-480e-94e9-09bad9cd99ba"",""service"":""df16bcd7-7927-4bbf-adf1-191ac3e92d21"",""deployment"":""9f2b543f-0b35-41bc-9cb5-d19bf9898c07"",""replica"":""1901484f-77af-4ab4-83ab-a08df9c439b6""}",2026-05-16T17:11:44.473036733Z
2026-05-16T17:11:44.472417Z 0 [Warning] [MY-012638] [InnoDB] Retry attempts for writing partial data failed.,error,"{""level"":""error""}","{""project"":""0ee5f251-6f6f-4df1-88b1-bb752a8a350b"",""environment"":""e0e44f1f-ec58-480e-94e9-09bad9cd99ba"",""service"":""df16bcd7-7927-4bbf-adf1-191ac3e92d21"",""deployment"":""9f2b543f-0b35-41bc-9cb5-d19bf9898c07"",""replica"":""1901484f-77af-4ab4-83ab-a08df9c439b6""}",2026-05-16T17:11:44.473041253Z
2026-05-16T17:11:44.472423Z 0 [Warning] [MY-012145] [InnoDB] Error while writing 16384 zeroes to ./railway/kpi_cache.ibd starting at offset 163840,error,"{""level"":""error""}","{""project"":""0ee5f251-6f6f-4df1-88b1-bb752a8a350b"",""environment"":""e0e44f1f-ec58-480e-94e9-09bad9cd99ba"",""service"":""df16bcd7-7927-4bbf-adf1-191ac3e92d21"",""deployment"":""9f2b543f-0b35-41bc-9cb5-d19bf9898c07"",""replica"":""1901484f-77af-4ab4-83ab-a08df9c439b6""}",2026-05-16T17:11:44.473044393Z
2026-05-16T17:11:44.474515Z 0 [Warning] [MY-012638] [InnoDB] Retry attempts for writing partial data failed.,error,"{""level"":""error""}","{""project"":""0ee5f251-6f6f-4df1-88b1-bb752a8a350b"",""environment"":""e0e44f1f-ec58-480e-94e9-09bad9cd99ba"",""service"":""df16bcd7-7927-4bbf-adf1-191ac3e92d21"",""deployment"":""9f2b543f-0b35-41bc-9cb5-d19bf9898c07"",""replica"":""1901484f-77af-4ab4-83ab-a08df9c439b6""}",2026-05-16T17:11:44.478694672Z
2026-05-16T17:11:44.474532Z 0 [ERROR] [MY-012888] [InnoDB] Cannot resize redo log file ./#innodb_redo/#ib_redo322_tmp to 3 MB (Failed to set size),error,"{""level"":""error""}","{""project"":""0ee5f251-6f6f-4df1-88b1-bb752a8a350b"",""environment"":""e0e44f1f-ec58-480e-94e9-09bad9cd99ba"",""service"":""df16bcd7-7927-4bbf-adf1-191ac3e92d21"",""deployment"":""9f2b543f-0b35-41bc-9cb5-d19bf9898c07"",""replica"":""1901484f-77af-4ab4-83ab-a08df9c439b6""}",2026-05-16T17:11:44.478699005Z
2026-05-16T17:11:44.491903Z 0 [Warning] [MY-012638] [InnoDB] Retry attempts for writing partial data failed.,error,"{""level"":""error""}","{""project"":""0ee5f251-6f6f-4df1-88b1-bb752a8a350b"",""environment"":""e0e44f1f-ec58-480e-94e9-09bad9cd99ba"",""service"":""df16bcd7-7927-4bbf-adf1-191ac3e92d21"",""deployment"":""9f2b543f-0b35-41bc-9cb5-d19bf9898c07"",""replica"":""1901484f-77af-4ab4-83ab-a08df9c439b6""}",2026-05-16T17:11:44.492364787Z
2026-05-16T17:11:44.491921Z 0 [ERROR] [MY-012888] [InnoDB] Cannot resize redo log file ./#innodb_redo/#ib_redo322_tmp to 3 MB (Failed to set size),error,"{""level"":""error""}","{""project"":""0ee5f251-6f6f-4df1-88b1-bb752a8a350b"",""environment"":""e0e44f1f-ec58-480e-94e9-09bad9cd99ba"",""service"":""df16bcd7-7927-4bbf-adf1-191ac3e92d21"",""deployment"":""9f2b543f-0b35-41bc-9cb5-d19bf9898c07"",""replica"":""1901484f-77af-4ab4-83ab-a08df9c439b6""}",2026-05-16T17:11:44.492369010Z
2026-05-16T17:11:44.508349Z 0 [Warning] [MY-012638] [InnoDB] Retry attempts for writing partial data failed.,error,"{""level"":""error""}","{""project"":""0ee5f251-6f6f-4df1-88b1-bb752a8a350b"",""environment"":""e0e44f1f-ec58-480e-94e9-09bad9cd99ba"",""service"":""df16bcd7-7927-4bbf-adf1-191ac3e92d21"",""deployment"":""9f2b543f-0b35-41bc-9cb5-d19bf9898c07"",""replica"":""1901484f-77af-4ab4-83ab-a08df9c439b6""}",2026-05-16T17:11:44.515200212Z
2026-05-16T17:11:44.508367Z 0 [ERROR] [MY-012888] [InnoDB] Cannot resize redo log file ./#innodb_redo/#ib_redo322_tmp to 3 MB (Failed to set size),error,"{""level"":""error""}","{""project"":""0ee5f251-6f6f-4df1-88b1-bb752a8a350b"",""environment"":""e0e44f1f-ec58-480e-94e9-09bad9cd99ba"",""service"":""df16bcd7-7927-4bbf-adf1-191ac3e92d21"",""deployment"":""9f2b543f-0b35-41bc-9cb5-d19bf9898c07"",""replica"":""1901484f-77af-4ab4-83ab-a08df9c439b6""}",2026-05-16T17:11:44.515204751Z
"2026-05-16T17:11:44.523339Z 0 [ERROR] [MY-012144] [InnoDB] posix_fallocate(): Failed to preallocate data for file ./railway/kpi_cache.ibd, desired size 16384 bytes. Operating system error number 28. Check that the disk is not full or a disk quota exceeded. Make sure the file system supports this function. Refer to your operating system documentation for operating system error code information.",error,"{""level"":""error""}","{""project"":""0ee5f251-6f6f-4df1-88b1-bb752a8a350b"",""environment"":""e0e44f1f-ec58-480e-94e9-09bad9cd99ba"",""service"":""df16bcd7-7927-4bbf-adf1-191ac3e92d21"",""deployment"":""9f2b543f-0b35-41bc-9cb5-d19bf9898c07"",""replica"":""1901484f-77af-4ab4-83ab-a08df9c439b6""}",2026-05-16T17:11:44.528011743Z
2026-05-16T17:11:44.523373Z 0 [Warning] [MY-012638] [InnoDB] Retry attempts for writing partial data failed.,error,"{""level"":""error""}","{""project"":""0ee5f251-6f6f-4df1-88b1-bb752a8a350b"",""environment"":""e0e44f1f-ec58-480e-94e9-09bad9cd99ba"",""service"":""df16bcd7-7927-4bbf-adf1-191ac3e92d21"",""deployment"":""9f2b543f-0b35-41bc-9cb5-d19bf9898c07"",""replica"":""1901484f-77af-4ab4-83ab-a08df9c439b6""}",2026-05-16T17:11:44.528016468Z
2026-05-16T17:11:44.523378Z 0 [Warning] [MY-012145] [InnoDB] Error while writing 16384 zeroes to ./railway/kpi_cache.ibd starting at offset 163840,error,"{""level"":""error""}","{""project"":""0ee5f251-6f6f-4df1-88b1-bb752a8a350b"",""environment"":""e0e44f1f-ec58-480e-94e9-09bad9cd99ba"",""service"":""df16bcd7-7927-4bbf-adf1-191ac3e92d21"",""deployment"":""9f2b543f-0b35-41bc-9cb5-d19bf9898c07"",""replica"":""1901484f-77af-4ab4-83ab-a08df9c439b6""}",2026-05-16T17:11:44.528019671Z
2026-05-16T17:11:44.525068Z 0 [Warning] [MY-012638] [InnoDB] Retry attempts for writing partial data failed.,error,"{""level"":""error""}","{""project"":""0ee5f251-6f6f-4df1-88b1-bb752a8a350b"",""environment"":""e0e44f1f-ec58-480e-94e9-09bad9cd99ba"",""service"":""df16bcd7-7927-4bbf-adf1-191ac3e92d21"",""deployment"":""9f2b543f-0b35-41bc-9cb5-d19bf9898c07"",""replica"":""1901484f-77af-4ab4-83ab-a08df9c439b6""}",2026-05-16T17:11:44.528023555Z
2026-05-16T17:11:44.525085Z 0 [ERROR] [MY-012888] [InnoDB] Cannot resize redo log file ./#innodb_redo/#ib_redo322_tmp to 3 MB (Failed to set size),error,"{""level"":""error""}","{""project"":""0ee5f251-6f6f-4df1-88b1-bb752a8a350b"",""environment"":""e0e44f1f-ec58-480e-94e9-09bad9cd99ba"",""service"":""df16bcd7-7927-4bbf-adf1-191ac3e92d21"",""deployment"":""9f2b543f-0b35-41bc-9cb5-d19bf9898c07"",""replica"":""1901484f-77af-4ab4-83ab-a08df9c439b6""}",2026-05-16T17:11:44.528028560Z
2026-05-16T17:11:44.541985Z 0 [Warning] [MY-012638] [InnoDB] Retry attempts for writing partial data failed.,error,"{""level"":""error""}","{""project"":""0ee5f251-6f6f-4df1-88b1-bb752a8a350b"",""environment"":""e0e44f1f-ec58-480e-94e9-09bad9cd99ba"",""service"":""df16bcd7-7927-4bbf-adf1-191ac3e92d21"",""deployment"":""9f2b543f-0b35-41bc-9cb5-d19bf9898c07"",""replica"":""1901484f-77af-4ab4-83ab-a08df9c439b6""}",2026-05-16T17:11:44.544428631Z
2026-05-16T17:11:44.542002Z 0 [ERROR] [MY-012888] [InnoDB] Cannot resize redo log file ./#innodb_redo/#ib_redo322_tmp to 3 MB (Failed to set size),error,"{""level"":""error""}","{""project"":""0ee5f251-6f6f-4df1-88b1-bb752a8a350b"",""environment"":""e0e44f1f-ec58-480e-94e9-09bad9cd99ba"",""service"":""df16bcd7-7927-4bbf-adf1-191ac3e92d21"",""deployment"":""9f2b543f-0b35-41bc-9cb5-d19bf9898c07"",""replica"":""1901484f-77af-4ab4-83ab-a08df9c439b6""}",2026-05-16T17:11:44.544434294Z
2026-05-16T17:11:44.558554Z 0 [Warning] [MY-012638] [InnoDB] Retry attempts for writing partial data failed.,error,"{""level"":""error""}","{""project"":""0ee5f251-6f6f-4df1-88b1-bb752a8a350b"",""environment"":""e0e44f1f-ec58-480e-94e9-09bad9cd99ba"",""service"":""df16bcd7-7927-4bbf-adf1-191ac3e92d21"",""deployment"":""9f2b543f-0b35-41bc-9cb5-d19bf9898c07"",""replica"":""1901484f-77af-4ab4-83ab-a08df9c439b6""}",2026-05-16T17:11:44.562433585Z
2026-05-16T17:11:44.558572Z 0 [ERROR] [MY-012888] [InnoDB] Cannot resize redo log file ./#innodb_redo/#ib_redo322_tmp to 3 MB (Failed to set size),error,"{""level"":""error""}","{""project"":""0ee5f251-6f6f-4df1-88b1-bb752a8a350b"",""environment"":""e0e44f1f-ec58-480e-94e9-09bad9cd99ba"",""service"":""df16bcd7-7927-4bbf-adf1-191ac3e92d21"",""deployment"":""9f2b543f-0b35-41bc-9cb5-d19bf9898c07"",""replica"":""1901484f-77af-4ab4-83ab-a08df9c439b6""}",2026-05-16T17:11:44.562438000Z
"2026-05-16T17:11:44.573798Z 0 [ERROR] [MY-012144] [InnoDB] posix_fallocate(): Failed to preallocate data for file ./railway/kpi_cache.ibd, desired size 16384 bytes. Operating system error number 28. Check that the disk is not full or a disk quota exceeded. Make sure the file system supports this function. Refer to your operating system documentation for operating system error code information.",error,"{""level"":""error""}","{""project"":""0ee5f251-6f6f-4df1-88b1-bb752a8a350b"",""environment"":""e0e44f1f-ec58-480e-94e9-09bad9cd99ba"",""service"":""df16bcd7-7927-4bbf-adf1-191ac3e92d21"",""deployment"":""9f2b543f-0b35-41bc-9cb5-d19bf9898c07"",""replica"":""1901484f-77af-4ab4-83ab-a08df9c439b6""}",2026-05-16T17:11:44.584275958Z
2026-05-16T17:11:44.573833Z 0 [Warning] [MY-012638] [InnoDB] Retry attempts for writing partial data failed.,error,"{""level"":""error""}","{""project"":""0ee5f251-6f6f-4df1-88b1-bb752a8a350b"",""environment"":""e0e44f1f-ec58-480e-94e9-09bad9cd99ba"",""service"":""df16bcd7-7927-4bbf-adf1-191ac3e92d21"",""deployment"":""9f2b543f-0b35-41bc-9cb5-d19bf9898c07"",""replica"":""1901484f-77af-4ab4-83ab-a08df9c439b6""}",2026-05-16T17:11:44.584279110Z
2026-05-16T17:11:44.573840Z 0 [Warning] [MY-012145] [InnoDB] Error while writing 16384 zeroes to ./railway/kpi_cache.ibd starting at offset 163840,error,"{""level"":""error""}","{""project"":""0ee5f251-6f6f-4df1-88b1-bb752a8a350b"",""environment"":""e0e44f1f-ec58-480e-94e9-09bad9cd99ba"",""service"":""df16bcd7-7927-4bbf-adf1-191ac3e92d21"",""deployment"":""9f2b543f-0b35-41bc-9cb5-d19bf9898c07"",""replica"":""1901484f-77af-4ab4-83ab-a08df9c439b6""}",2026-05-16T17:11:44.584282152Z
2026-05-16T17:11:44.575865Z 0 [Warning] [MY-012638] [InnoDB] Retry attempts for writing partial data failed.,error,"{""level"":""error""}","{""project"":""0ee5f251-6f6f-4df1-88b1-bb752a8a350b"",""environment"":""e0e44f1f-ec58-480e-94e9-09bad9cd99ba"",""service"":""df16bcd7-7927-4bbf-adf1-191ac3e92d21"",""deployment"":""9f2b543f-0b35-41bc-9cb5-d19bf9898c07"",""replica"":""1901484f-77af-4ab4-83ab-a08df9c439b6""}",2026-05-16T17:11:44.584285718Z
2026-05-16T17:11:44.575883Z 0 [ERROR] [MY-012888] [InnoDB] Cannot resize redo log file ./#innodb_redo/#ib_redo322_tmp to 3 MB (Failed to set size),error,"{""level"":""error""}","{""project"":""0ee5f251-6f6f-4df1-88b1-bb752a8a350b"",""environment"":""e0e44f1f-ec58-480e-94e9-09bad9cd99ba"",""service"":""df16bcd7-7927-4bbf-adf1-191ac3e92d21"",""deployment"":""9f2b543f-0b35-41bc-9cb5-d19bf9898c07"",""replica"":""1901484f-77af-4ab4-83ab-a08df9c439b6""}",2026-05-16T17:11:44.584289778Z
2026-05-16T17:11:44.592519Z 0 [Warning] [MY-012638] [InnoDB] Retry attempts for writing partial data failed.,error,"{""level"":""error""}","{""project"":""0ee5f251-6f6f-4df1-88b1-bb752a8a350b"",""environment"":""e0e44f1f-ec58-480e-94e9-09bad9cd99ba"",""service"":""df16bcd7-7927-4bbf-adf1-191ac3e92d21"",""deployment"":""9f2b543f-0b35-41bc-9cb5-d19bf9898c07"",""replica"":""1901484f-77af-4ab4-83ab-a08df9c439b6""}",2026-05-16T17:11:44.595906298Z
2026-05-16T17:11:44.592537Z 0 [ERROR] [MY-012888] [InnoDB] Cannot resize redo log file ./#innodb_redo/#ib_redo322_tmp to 3 MB (Failed to set size),error,"{""level"":""error""}","{""project"":""0ee5f251-6f6f-4df1-88b1-bb752a8a350b"",""environment"":""e0e44f1f-ec58-480e-94e9-09bad9cd99ba"",""service"":""df16bcd7-7927-4bbf-adf1-191ac3e92d21"",""deployment"":""9f2b543f-0b35-41bc-9cb5-d19bf9898c07"",""replica"":""1901484f-77af-4ab4-83ab-a08df9c439b6""}",2026-05-16T17:11:44.595913736Z
2026-05-16T17:11:44.610533Z 0 [Warning] [MY-012638] [InnoDB] Retry attempts for writing partial data failed.,error,"{""level"":""error""}","{""project"":""0ee5f251-6f6f-4df1-88b1-bb752a8a350b"",""environment"":""e0e44f1f-ec58-480e-94e9-09bad9cd99ba"",""service"":""df16bcd7-7927-4bbf-adf1-191ac3e92d21"",""deployment"":""9f2b543f-0b35-41bc-9cb5-d19bf9898c07"",""replica"":""1901484f-77af-4ab4-83ab-a08df9c439b6""}",2026-05-16T17:11:44.617985714Z
2026-05-16T17:11:44.610549Z 0 [ERROR] [MY-012888] [InnoDB] Cannot resize redo log file ./#innodb_redo/#ib_redo322_tmp to 3 MB (Failed to set size),error,"{""level"":""error""}","{""project"":""0ee5f251-6f6f-4df1-88b1-bb752a8a350b"",""environment"":""e0e44f1f-ec58-480e-94e9-09bad9cd99ba"",""service"":""df16bcd7-7927-4bbf-adf1-191ac3e92d21"",""deployment"":""9f2b543f-0b35-41bc-9cb5-d19bf9898c07"",""replica"":""1901484f-77af-4ab4-83ab-a08df9c439b6""}",2026-05-16T17:11:44.617993969Z
"2026-05-16T17:11:44.624027Z 0 [ERROR] [MY-012144] [InnoDB] posix_fallocate(): Failed to preallocate data for file ./railway/kpi_cache.ibd, desired size 16384 bytes. Operating system error number 28. Check that the disk is not full or a disk quota exceeded. Make sure the file system supports this function. Refer to your operating system documentation for operating system error code information.",error,"{""level"":""error""}","{""project"":""0ee5f251-6f6f-4df1-88b1-bb752a8a350b"",""environment"":""e0e44f1f-ec58-480e-94e9-09bad9cd99ba"",""service"":""df16bcd7-7927-4bbf-adf1-191ac3e92d21"",""deployment"":""9f2b543f-0b35-41bc-9cb5-d19bf9898c07"",""replica"":""1901484f-77af-4ab4-83ab-a08df9c439b6""}",2026-05-16T17:11:44.624757094Z
2026-05-16T17:11:44.624058Z 0 [Warning] [MY-012638] [InnoDB] Retry attempts for writing partial data failed.,error,"{""level"":""error""}","{""project"":""0ee5f251-6f6f-4df1-88b1-bb752a8a350b"",""environment"":""e0e44f1f-ec58-480e-94e9-09bad9cd99ba"",""service"":""df16bcd7-7927-4bbf-adf1-191ac3e92d21"",""deployment"":""9f2b543f-0b35-41bc-9cb5-d19bf9898c07"",""replica"":""1901484f-77af-4ab4-83ab-a08df9c439b6""}",2026-05-16T17:11:44.624760356Z
2026-05-16T17:11:44.624064Z 0 [Warning] [MY-012145] [InnoDB] Error while writing 16384 zeroes to ./railway/kpi_cache.ibd starting at offset 163840,error,"{""level"":""error""}","{""project"":""0ee5f251-6f6f-4df1-88b1-bb752a8a350b"",""environment"":""e0e44f1f-ec58-480e-94e9-09bad9cd99ba"",""service"":""df16bcd7-7927-4bbf-adf1-191ac3e92d21"",""deployment"":""9f2b543f-0b35-41bc-9cb5-d19bf9898c07"",""replica"":""1901484f-77af-4ab4-83ab-a08df9c439b6""}",2026-05-16T17:11:44.624764298Z
2026-05-16T17:11:44.628869Z 0 [Warning] [MY-012638] [InnoDB] Retry attempts for writing partial data failed.,error,"{""level"":""error""}","{""project"":""0ee5f251-6f6f-4df1-88b1-bb752a8a350b"",""environment"":""e0e44f1f-ec58-480e-94e9-09bad9cd99ba"",""service"":""df16bcd7-7927-4bbf-adf1-191ac3e92d21"",""deployment"":""9f2b543f-0b35-41bc-9cb5-d19bf9898c07"",""replica"":""1901484f-77af-4ab4-83ab-a08df9c439b6""}",2026-05-16T17:11:44.630265172Z
2026-05-16T17:11:44.628889Z 0 [ERROR] [MY-012888] [InnoDB] Cannot resize redo log file ./#innodb_redo/#ib_redo322_tmp to 3 MB (Failed to set size),error,"{""level"":""error""}","{""project"":""0ee5f251-6f6f-4df1-88b1-bb752a8a350b"",""environment"":""e0e44f1f-ec58-480e-94e9-09bad9cd99ba"",""service"":""df16bcd7-7927-4bbf-adf1-191ac3e92d21"",""deployment"":""9f2b543f-0b35-41bc-9cb5-d19bf9898c07"",""replica"":""1901484f-77af-4ab4-83ab-a08df9c439b6""}",2026-05-16T17:11:44.630271166Z
2026-05-16T17:11:44.646078Z 0 [Warning] [MY-012638] [InnoDB] Retry attempts for writing partial data failed.,error,"{""level"":""error""}","{""project"":""0ee5f251-6f6f-4df1-88b1-bb752a8a350b"",""environment"":""e0e44f1f-ec58-480e-94e9-09bad9cd99ba"",""service"":""df16bcd7-7927-4bbf-adf1-191ac3e92d21"",""deployment"":""9f2b543f-0b35-41bc-9cb5-d19bf9898c07"",""replica"":""1901484f-77af-4ab4-83ab-a08df9c439b6""}",2026-05-16T17:11:44.653269950Z
2026-05-16T17:11:44.646096Z 0 [ERROR] [MY-012888] [InnoDB] Cannot resize redo log file ./#innodb_redo/#ib_redo322_tmp to 3 MB (Failed to set size),error,"{""level"":""error""}","{""project"":""0ee5f251-6f6f-4df1-88b1-bb752a8a350b"",""environment"":""e0e44f1f-ec58-480e-94e9-09bad9cd99ba"",""service"":""df16bcd7-7927-4bbf-adf1-191ac3e92d21"",""deployment"":""9f2b543f-0b35-41bc-9cb5-d19bf9898c07"",""replica"":""1901484f-77af-4ab4-83ab-a08df9c439b6""}",2026-05-16T17:11:44.653276923Z
2026-05-16T17:11:44.663617Z 0 [Warning] [MY-012638] [InnoDB] Retry attempts for writing partial data failed.,error,"{""level"":""error""}","{""project"":""0ee5f251-6f6f-4df1-88b1-bb752a8a350b"",""environment"":""e0e44f1f-ec58-480e-94e9-09bad9cd99ba"",""service"":""df16bcd7-7927-4bbf-adf1-191ac3e92d21"",""deployment"":""9f2b543f-0b35-41bc-9cb5-d19bf9898c07"",""replica"":""1901484f-77af-4ab4-83ab-a08df9c439b6""}",2026-05-16T17:11:44.664453814Z
2026-05-16T17:11:44.663637Z 0 [ERROR] [MY-012888] [InnoDB] Cannot resize redo log file ./#innodb_redo/#ib_redo322_tmp to 3 MB (Failed to set size),error,"{""level"":""error""}","{""project"":""0ee5f251-6f6f-4df1-88b1-bb752a8a350b"",""environment"":""e0e44f1f-ec58-480e-94e9-09bad9cd99ba"",""service"":""df16bcd7-7927-4bbf-adf1-191ac3e92d21"",""deployment"":""9f2b543f-0b35-41bc-9cb5-d19bf9898c07"",""replica"":""1901484f-77af-4ab4-83ab-a08df9c439b6""}",2026-05-16T17:11:44.664458564Z
"2026-05-16T17:11:44.674240Z 0 [ERROR] [MY-012144] [InnoDB] posix_fallocate(): Failed to preallocate data for file ./railway/kpi_cache.ibd, desired size 16384 bytes. Operating system error number 28. Check that the disk is not full or a disk quota exceeded. Make sure the file system supports this function. Refer to your operating system documentation for operating system error code information.",error,"{""level"":""error""}","{""project"":""0ee5f251-6f6f-4df1-88b1-bb752a8a350b"",""environment"":""e0e44f1f-ec58-480e-94e9-09bad9cd99ba"",""service"":""df16bcd7-7927-4bbf-adf1-191ac3e92d21"",""deployment"":""9f2b543f-0b35-41bc-9cb5-d19bf9898c07"",""replica"":""1901484f-77af-4ab4-83ab-a08df9c439b6""}",2026-05-16T17:11:44.676840002Z
2026-05-16T17:11:44.674271Z 0 [Warning] [MY-012638] [InnoDB] Retry attempts for writing partial data failed.,error,"{""level"":""error""}","{""project"":""0ee5f251-6f6f-4df1-88b1-bb752a8a350b"",""environment"":""e0e44f1f-ec58-480e-94e9-09bad9cd99ba"",""service"":""df16bcd7-7927-4bbf-adf1-191ac3e92d21"",""deployment"":""9f2b543f-0b35-41bc-9cb5-d19bf9898c07"",""replica"":""1901484f-77af-4ab4-83ab-a08df9c439b6""}",2026-05-16T17:11:44.676844542Z
2026-05-16T17:11:44.674276Z 0 [Warning] [MY-012145] [InnoDB] Error while writing 16384 zeroes to ./railway/kpi_cache.ibd starting at offset 163840,error,"{""level"":""error""}","{""project"":""0ee5f251-6f6f-4df1-88b1-bb752a8a350b"",""environment"":""e0e44f1f-ec58-480e-94e9-09bad9cd99ba"",""service"":""df16bcd7-7927-4bbf-adf1-191ac3e92d21"",""deployment"":""9f2b543f-0b35-41bc-9cb5-d19bf9898c07"",""replica"":""1901484f-77af-4ab4-83ab-a08df9c439b6""}",2026-05-16T17:11:44.676847532Z
2026-05-16T17:11:44.681185Z 0 [Warning] [MY-012638] [InnoDB] Retry attempts for writing partial data failed.,error,"{""level"":""error""}","{""project"":""0ee5f251-6f6f-4df1-88b1-bb752a8a350b"",""environment"":""e0e44f1f-ec58-480e-94e9-09bad9cd99ba"",""service"":""df16bcd7-7927-4bbf-adf1-191ac3e92d21"",""deployment"":""9f2b543f-0b35-41bc-9cb5-d19bf9898c07"",""replica"":""1901484f-77af-4ab4-83ab-a08df9c439b6""}",2026-05-16T17:11:44.682774211Z
2026-05-16T17:11:44.681200Z 0 [ERROR] [MY-012888] [InnoDB] Cannot resize redo log file ./#innodb_redo/#ib_redo322_tmp to 3 MB (Failed to set size),error,"{""level"":""error""}","{""project"":""0ee5f251-6f6f-4df1-88b1-bb752a8a350b"",""environment"":""e0e44f1f-ec58-480e-94e9-09bad9cd99ba"",""service"":""df16bcd7-7927-4bbf-adf1-191ac3e92d21"",""deployment"":""9f2b543f-0b35-41bc-9cb5-d19bf9898c07"",""replica"":""1901484f-77af-4ab4-83ab-a08df9c439b6""}",2026-05-16T17:11:44.682778990Z
2026-05-16T17:11:44.698179Z 0 [Warning] [MY-012638] [InnoDB] Retry attempts for writing partial data failed.,error,"{""level"":""error""}","{""project"":""0ee5f251-6f6f-4df1-88b1-bb752a8a350b"",""environment"":""e0e44f1f-ec58-480e-94e9-09bad9cd99ba"",""service"":""df16bcd7-7927-4bbf-adf1-191ac3e92d21"",""deployment"":""9f2b543f-0b35-41bc-9cb5-d19bf9898c07"",""replica"":""1901484f-77af-4ab4-83ab-a08df9c439b6""}",2026-05-16T17:11:44.705996264Z
2026-05-16T17:11:44.698195Z 0 [ERROR] [MY-012888] [InnoDB] Cannot resize redo log file ./#innodb_redo/#ib_redo322_tmp to 3 MB (Failed to set size),error,"{""level"":""error""}","{""project"":""0ee5f251-6f6f-4df1-88b1-bb752a8a350b"",""environment"":""e0e44f1f-ec58-480e-94e9-09bad9cd99ba"",""service"":""df16bcd7-7927-4bbf-adf1-191ac3e92d21"",""deployment"":""9f2b543f-0b35-41bc-9cb5-d19bf9898c07"",""replica"":""1901484f-77af-4ab4-83ab-a08df9c439b6""}",2026-05-16T17:11:44.706001138Z
2026-05-16T17:11:44.714719Z 0 [Warning] [MY-012638] [InnoDB] Retry attempts for writing partial data failed.,error,"{""level"":""error""}","{""project"":""0ee5f251-6f6f-4df1-88b1-bb752a8a350b"",""environment"":""e0e44f1f-ec58-480e-94e9-09bad9cd99ba"",""service"":""df16bcd7-7927-4bbf-adf1-191ac3e92d21"",""deployment"":""9f2b543f-0b35-41bc-9cb5-d19bf9898c07"",""replica"":""1901484f-77af-4ab4-83ab-a08df9c439b6""}",2026-05-16T17:11:44.715740155Z
2026-05-16T17:11:44.714751Z 0 [ERROR] [MY-012888] [InnoDB] Cannot resize redo log file ./#innodb_redo/#ib_redo322_tmp to 3 MB (Failed to set size),error,"{""level"":""error""}","{""project"":""0ee5f251-6f6f-4df1-88b1-bb752a8a350b"",""environment"":""e0e44f1f-ec58-480e-94e9-09bad9cd99ba"",""service"":""df16bcd7-7927-4bbf-adf1-191ac3e92d21"",""deployment"":""9f2b543f-0b35-41bc-9cb5-d19bf9898c07"",""replica"":""1901484f-77af-4ab4-83ab-a08df9c439b6""}",2026-05-16T17:11:44.715744806Z
"2026-05-16T17:11:44.724435Z 0 [ERROR] [MY-012144] [InnoDB] posix_fallocate(): Failed to preallocate data for file ./railway/kpi_cache.ibd, desired size 16384 bytes. Operating system error number 28. Check that the disk is not full or a disk quota exceeded. Make sure the file system supports this function. Refer to your operating system documentation for operating system error code information.",error,"{""level"":""error""}","{""project"":""0ee5f251-6f6f-4df1-88b1-bb752a8a350b"",""environment"":""e0e44f1f-ec58-480e-94e9-09bad9cd99ba"",""service"":""df16bcd7-7927-4bbf-adf1-191ac3e92d21"",""deployment"":""9f2b543f-0b35-41bc-9cb5-d19bf9898c07"",""replica"":""1901484f-77af-4ab4-83ab-a08df9c439b6""}",2026-05-16T17:11:44.729587359Z
2026-05-16T17:11:44.724465Z 0 [Warning] [MY-012638] [InnoDB] Retry attempts for writing partial data failed.,error,"{""level"":""error""}","{""project"":""0ee5f251-6f6f-4df1-88b1-bb752a8a350b"",""environment"":""e0e44f1f-ec58-480e-94e9-09bad9cd99ba"",""service"":""df16bcd7-7927-4bbf-adf1-191ac3e92d21"",""deployment"":""9f2b543f-0b35-41bc-9cb5-d19bf9898c07"",""replica"":""1901484f-77af-4ab4-83ab-a08df9c439b6""}",2026-05-16T17:11:44.729591900Z
2026-05-16T17:11:44.724470Z 0 [Warning] [MY-012145] [InnoDB] Error while writing 16384 zeroes to ./railway/kpi_cache.ibd starting at offset 163840,error,"{""level"":""error""}","{""project"":""0ee5f251-6f6f-4df1-88b1-bb752a8a350b"",""environment"":""e0e44f1f-ec58-480e-94e9-09bad9cd99ba"",""service"":""df16bcd7-7927-4bbf-adf1-191ac3e92d21"",""deployment"":""9f2b543f-0b35-41bc-9cb5-d19bf9898c07"",""replica"":""1901484f-77af-4ab4-83ab-a08df9c439b6""}",2026-05-16T17:11:44.729595234Z
2026-05-16T17:11:44.732100Z 0 [Warning] [MY-012638] [InnoDB] Retry attempts for writing partial data failed.,error,"{""level"":""error""}","{""project"":""0ee5f251-6f6f-4df1-88b1-bb752a8a350b"",""environment"":""e0e44f1f-ec58-480e-94e9-09bad9cd99ba"",""service"":""df16bcd7-7927-4bbf-adf1-191ac3e92d21"",""deployment"":""9f2b543f-0b35-41bc-9cb5-d19bf9898c07"",""replica"":""1901484f-77af-4ab4-83ab-a08df9c439b6""}",2026-05-16T17:11:44.735492045Z
2026-05-16T17:11:44.732116Z 0 [ERROR] [MY-012888] [InnoDB] Cannot resize redo log file ./#innodb_redo/#ib_redo322_tmp to 3 MB (Failed to set size),error,"{""level"":""error""}","{""project"":""0ee5f251-6f6f-4df1-88b1-bb752a8a350b"",""environment"":""e0e44f1f-ec58-480e-94e9-09bad9cd99ba"",""service"":""df16bcd7-7927-4bbf-adf1-191ac3e92d21"",""deployment"":""9f2b543f-0b35-41bc-9cb5-d19bf9898c07"",""replica"":""1901484f-77af-4ab4-83ab-a08df9c439b6""}",2026-05-16T17:11:44.735498094Z
2026-05-16T17:11:44.748832Z 0 [Warning] [MY-012638] [InnoDB] Retry attempts for writing partial data failed.,error,"{""level"":""error""}","{""project"":""0ee5f251-6f6f-4df1-88b1-bb752a8a350b"",""environment"":""e0e44f1f-ec58-480e-94e9-09bad9cd99ba"",""service"":""df16bcd7-7927-4bbf-adf1-191ac3e92d21"",""deployment"":""9f2b543f-0b35-41bc-9cb5-d19bf9898c07"",""replica"":""1901484f-77af-4ab4-83ab-a08df9c439b6""}",2026-05-16T17:11:44.758066421Z
2026-05-16T17:11:44.748848Z 0 [ERROR] [MY-012888] [InnoDB] Cannot resize redo log file ./#innodb_redo/#ib_redo322_tmp to 3 MB (Failed to set size),error,"{""level"":""error""}","{""project"":""0ee5f251-6f6f-4df1-88b1-bb752a8a350b"",""environment"":""e0e44f1f-ec58-480e-94e9-09bad9cd99ba"",""service"":""df16bcd7-7927-4bbf-adf1-191ac3e92d21"",""deployment"":""9f2b543f-0b35-41bc-9cb5-d19bf9898c07"",""replica"":""1901484f-77af-4ab4-83ab-a08df9c439b6""}",2026-05-16T17:11:44.758077325Z
2026-05-16T17:11:44.765397Z 0 [Warning] [MY-012638] [InnoDB] Retry attempts for writing partial data failed.,error,"{""level"":""error""}","{""project"":""0ee5f251-6f6f-4df1-88b1-bb752a8a350b"",""environment"":""e0e44f1f-ec58-480e-94e9-09bad9cd99ba"",""service"":""df16bcd7-7927-4bbf-adf1-191ac3e92d21"",""deployment"":""9f2b543f-0b35-41bc-9cb5-d19bf9898c07"",""replica"":""1901484f-77af-4ab4-83ab-a08df9c439b6""}",2026-05-16T17:11:44.766924137Z
2026-05-16T17:11:44.765415Z 0 [ERROR] [MY-012888] [InnoDB] Cannot resize redo log file ./#innodb_redo/#ib_redo322_tmp to 3 MB (Failed to set size),error,"{""level"":""error""}","{""project"":""0ee5f251-6f6f-4df1-88b1-bb752a8a350b"",""environment"":""e0e44f1f-ec58-480e-94e9-09bad9cd99ba"",""service"":""df16bcd7-7927-4bbf-adf1-191ac3e92d21"",""deployment"":""9f2b543f-0b35-41bc-9cb5-d19bf9898c07"",""replica"":""1901484f-77af-4ab4-83ab-a08df9c439b6""}",2026-05-16T17:11:44.766929540Z
"2026-05-16T17:11:44.774634Z 0 [ERROR] [MY-012144] [InnoDB] posix_fallocate(): Failed to preallocate data for file ./railway/kpi_cache.ibd, desired size 16384 bytes. Operating system error number 28. Check that the disk is not full or a disk quota exceeded. Make sure the file system supports this function. Refer to your operating system documentation for operating system error code information.",error,"{""level"":""error""}","{""project"":""0ee5f251-6f6f-4df1-88b1-bb752a8a350b"",""environment"":""e0e44f1f-ec58-480e-94e9-09bad9cd99ba"",""service"":""df16bcd7-7927-4bbf-adf1-191ac3e92d21"",""deployment"":""9f2b543f-0b35-41bc-9cb5-d19bf9898c07"",""replica"":""1901484f-77af-4ab4-83ab-a08df9c439b6""}",2026-05-16T17:11:44.779364740Z
2026-05-16T17:11:44.774665Z 0 [Warning] [MY-012638] [InnoDB] Retry attempts for writing partial data failed.,error,"{""level"":""error""}","{""project"":""0ee5f251-6f6f-4df1-88b1-bb752a8a350b"",""environment"":""e0e44f1f-ec58-480e-94e9-09bad9cd99ba"",""service"":""df16bcd7-7927-4bbf-adf1-191ac3e92d21"",""deployment"":""9f2b543f-0b35-41bc-9cb5-d19bf9898c07"",""replica"":""1901484f-77af-4ab4-83ab-a08df9c439b6""}",2026-05-16T17:11:44.779376989Z
2026-05-16T17:11:44.774670Z 0 [Warning] [MY-012145] [InnoDB] Error while writing 16384 zeroes to ./railway/kpi_cache.ibd starting at offset 163840,error,"{""level"":""error""}","{""project"":""0ee5f251-6f6f-4df1-88b1-bb752a8a350b"",""environment"":""e0e44f1f-ec58-480e-94e9-09bad9cd99ba"",""service"":""df16bcd7-7927-4bbf-adf1-191ac3e92d21"",""deployment"":""9f2b543f-0b35-41bc-9cb5-d19bf9898c07"",""replica"":""1901484f-77af-4ab4-83ab-a08df9c439b6""}",2026-05-16T17:11:44.779384674Z
2026-05-16T17:11:44.781833Z 0 [Warning] [MY-012638] [InnoDB] Retry attempts for writing partial data failed.,error,"{""level"":""error""}","{""project"":""0ee5f251-6f6f-4df1-88b1-bb752a8a350b"",""environment"":""e0e44f1f-ec58-480e-94e9-09bad9cd99ba"",""service"":""df16bcd7-7927-4bbf-adf1-191ac3e92d21"",""deployment"":""9f2b543f-0b35-41bc-9cb5-d19bf9898c07"",""replica"":""1901484f-77af-4ab4-83ab-a08df9c439b6""}",2026-05-16T17:11:44.786356012Z
2026-05-16T17:11:44.781851Z 0 [ERROR] [MY-012888] [InnoDB] Cannot resize redo log file ./#innodb_redo/#ib_redo322_tmp to 3 MB (Failed to set size),error,"{""level"":""error""}","{""project"":""0ee5f251-6f6f-4df1-88b1-bb752a8a350b"",""environment"":""e0e44f1f-ec58-480e-94e9-09bad9cd99ba"",""service"":""df16bcd7-7927-4bbf-adf1-191ac3e92d21"",""deployment"":""9f2b543f-0b35-41bc-9cb5-d19bf9898c07"",""replica"":""1901484f-77af-4ab4-83ab-a08df9c439b6""}",2026-05-16T17:11:44.786360398Z
2026-05-16T17:11:44.798456Z 0 [Warning] [MY-012638] [InnoDB] Retry attempts for writing partial data failed.,error,"{""level"":""error""}","{""project"":""0ee5f251-6f6f-4df1-88b1-bb752a8a350b"",""environment"":""e0e44f1f-ec58-480e-94e9-09bad9cd99ba"",""service"":""df16bcd7-7927-4bbf-adf1-191ac3e92d21"",""deployment"":""9f2b543f-0b35-41bc-9cb5-d19bf9898c07"",""replica"":""1901484f-77af-4ab4-83ab-a08df9c439b6""}",2026-05-16T17:11:44.809040118Z
2026-05-16T17:11:44.798475Z 0 [ERROR] [MY-012888] [InnoDB] Cannot resize redo log file ./#innodb_redo/#ib_redo322_tmp to 3 MB (Failed to set size),error,"{""level"":""error""}","{""project"":""0ee5f251-6f6f-4df1-88b1-bb752a8a350b"",""environment"":""e0e44f1f-ec58-480e-94e9-09bad9cd99ba"",""service"":""df16bcd7-7927-4bbf-adf1-191ac3e92d21"",""deployment"":""9f2b543f-0b35-41bc-9cb5-d19bf9898c07"",""replica"":""1901484f-77af-4ab4-83ab-a08df9c439b6""}",2026-05-16T17:11:44.809044875Z
2026-05-16T17:11:44.815353Z 0 [Warning] [MY-012638] [InnoDB] Retry attempts for writing partial data failed.,error,"{""level"":""error""}","{""project"":""0ee5f251-6f6f-4df1-88b1-bb752a8a350b"",""environment"":""e0e44f1f-ec58-480e-94e9-09bad9cd99ba"",""service"":""df16bcd7-7927-4bbf-adf1-191ac3e92d21"",""deployment"":""9f2b543f-0b35-41bc-9cb5-d19bf9898c07"",""replica"":""1901484f-77af-4ab4-83ab-a08df9c439b6""}",2026-05-16T17:11:44.820860654Z
2026-05-16T17:11:44.815370Z 0 [ERROR] [MY-012888] [InnoDB] Cannot resize redo log file ./#innodb_redo/#ib_redo322_tmp to 3 MB (Failed to set size),error,"{""level"":""error""}","{""project"":""0ee5f251-6f6f-4df1-88b1-bb752a8a350b"",""environment"":""e0e44f1f-ec58-480e-94e9-09bad9cd99ba"",""service"":""df16bcd7-7927-4bbf-adf1-191ac3e92d21"",""deployment"":""9f2b543f-0b35-41bc-9cb5-d19bf9898c07"",""replica"":""1901484f-77af-4ab4-83ab-a08df9c439b6""}",2026-05-16T17:11:44.820865947Z
"2026-05-16T17:11:44.824793Z 0 [ERROR] [MY-012144] [InnoDB] posix_fallocate(): Failed to preallocate data for file ./railway/kpi_cache.ibd, desired size 16384 bytes. Operating system error number 28. Check that the disk is not full or a disk quota exceeded. Make sure the file system supports this function. Refer to your operating system documentation for operating system error code information.",error,"{""level"":""error""}","{""project"":""0ee5f251-6f6f-4df1-88b1-bb752a8a350b"",""environment"":""e0e44f1f-ec58-480e-94e9-09bad9cd99ba"",""service"":""df16bcd7-7927-4bbf-adf1-191ac3e92d21"",""deployment"":""9f2b543f-0b35-41bc-9cb5-d19bf9898c07"",""replica"":""1901484f-77af-4ab4-83ab-a08df9c439b6""}",2026-05-16T17:11:44.828776577Z
2026-05-16T17:11:44.824826Z 0 [Warning] [MY-012638] [InnoDB] Retry attempts for writing partial data failed.,error,"{""level"":""error""}","{""project"":""0ee5f251-6f6f-4df1-88b1-bb752a8a350b"",""environment"":""e0e44f1f-ec58-480e-94e9-09bad9cd99ba"",""service"":""df16bcd7-7927-4bbf-adf1-191ac3e92d21"",""deployment"":""9f2b543f-0b35-41bc-9cb5-d19bf9898c07"",""replica"":""1901484f-77af-4ab4-83ab-a08df9c439b6""}",2026-05-16T17:11:44.828782489Z
2026-05-16T17:11:44.824831Z 0 [Warning] [MY-012145] [InnoDB] Error while writing 16384 zeroes to ./railway/kpi_cache.ibd starting at offset 163840,error,"{""level"":""error""}","{""project"":""0ee5f251-6f6f-4df1-88b1-bb752a8a350b"",""environment"":""e0e44f1f-ec58-480e-94e9-09bad9cd99ba"",""service"":""df16bcd7-7927-4bbf-adf1-191ac3e92d21"",""deployment"":""9f2b543f-0b35-41bc-9cb5-d19bf9898c07"",""replica"":""1901484f-77af-4ab4-83ab-a08df9c439b6""}",2026-05-16T17:11:44.828785626Z
2026-05-16T17:11:44.832071Z 0 [Warning] [MY-012638] [InnoDB] Retry attempts for writing partial data failed.,error,"{""level"":""error""}","{""project"":""0ee5f251-6f6f-4df1-88b1-bb752a8a350b"",""environment"":""e0e44f1f-ec58-480e-94e9-09bad9cd99ba"",""service"":""df16bcd7-7927-4bbf-adf1-191ac3e92d21"",""deployment"":""9f2b543f-0b35-41bc-9cb5-d19bf9898c07"",""replica"":""1901484f-77af-4ab4-83ab-a08df9c439b6""}",2026-05-16T17:11:44.834681623Z
2026-05-16T17:11:44.832088Z 0 [ERROR] [MY-012888] [InnoDB] Cannot resize redo log file ./#innodb_redo/#ib_redo322_tmp to 3 MB (Failed to set size),error,"{""level"":""error""}","{""project"":""0ee5f251-6f6f-4df1-88b1-bb752a8a350b"",""environment"":""e0e44f1f-ec58-480e-94e9-09bad9cd99ba"",""service"":""df16bcd7-7927-4bbf-adf1-191ac3e92d21"",""deployment"":""9f2b543f-0b35-41bc-9cb5-d19bf9898c07"",""replica"":""1901484f-77af-4ab4-83ab-a08df9c439b6""}",2026-05-16T17:11:44.834687401Z
2026-05-16T17:11:44.849353Z 0 [Warning] [MY-012638] [InnoDB] Retry attempts for writing partial data failed.,error,"{""level"":""error""}","{""project"":""0ee5f251-6f6f-4df1-88b1-bb752a8a350b"",""environment"":""e0e44f1f-ec58-480e-94e9-09bad9cd99ba"",""service"":""df16bcd7-7927-4bbf-adf1-191ac3e92d21"",""deployment"":""9f2b543f-0b35-41bc-9cb5-d19bf9898c07"",""replica"":""1901484f-77af-4ab4-83ab-a08df9c439b6""}",2026-05-16T17:11:44.857675140Z
2026-05-16T17:11:44.849370Z 0 [ERROR] [MY-012888] [InnoDB] Cannot resize redo log file ./#innodb_redo/#ib_redo322_tmp to 3 MB (Failed to set size),error,"{""level"":""error""}","{""project"":""0ee5f251-6f6f-4df1-88b1-bb752a8a350b"",""environment"":""e0e44f1f-ec58-480e-94e9-09bad9cd99ba"",""service"":""df16bcd7-7927-4bbf-adf1-191ac3e92d21"",""deployment"":""9f2b543f-0b35-41bc-9cb5-d19bf9898c07"",""replica"":""1901484f-77af-4ab4-83ab-a08df9c439b6""}",2026-05-16T17:11:44.857685020Z
2026-05-16T17:11:44.866571Z 0 [Warning] [MY-012638] [InnoDB] Retry attempts for writing partial data failed.,error,"{""level"":""error""}","{""project"":""0ee5f251-6f6f-4df1-88b1-bb752a8a350b"",""environment"":""e0e44f1f-ec58-480e-94e9-09bad9cd99ba"",""service"":""df16bcd7-7927-4bbf-adf1-191ac3e92d21"",""deployment"":""9f2b543f-0b35-41bc-9cb5-d19bf9898c07"",""replica"":""1901484f-77af-4ab4-83ab-a08df9c439b6""}",2026-05-16T17:11:44.872399465Z
2026-05-16T17:11:44.866588Z 0 [ERROR] [MY-012888] [InnoDB] Cannot resize redo log file ./#innodb_redo/#ib_redo322_tmp to 3 MB (Failed to set size),error,"{""level"":""error""}","{""project"":""0ee5f251-6f6f-4df1-88b1-bb752a8a350b"",""environment"":""e0e44f1f-ec58-480e-94e9-09bad9cd99ba"",""service"":""df16bcd7-7927-4bbf-adf1-191ac3e92d21"",""deployment"":""9f2b543f-0b35-41bc-9cb5-d19bf9898c07"",""replica"":""1901484f-77af-4ab4-83ab-a08df9c439b6""}",2026-05-16T17:11:44.872406065Z
"2026-05-16T17:11:44.875007Z 0 [ERROR] [MY-012144] [InnoDB] posix_fallocate(): Failed to preallocate data for file ./railway/kpi_cache.ibd, desired size 16384 bytes. Operating system error number 28. Check that the disk is not full or a disk quota exceeded. Make sure the file system supports this function. Refer to your operating system documentation for operating system error code information.",error,"{""level"":""error""}","{""project"":""0ee5f251-6f6f-4df1-88b1-bb752a8a350b"",""environment"":""e0e44f1f-ec58-480e-94e9-09bad9cd99ba"",""service"":""df16bcd7-7927-4bbf-adf1-191ac3e92d21"",""deployment"":""9f2b543f-0b35-41bc-9cb5-d19bf9898c07"",""replica"":""1901484f-77af-4ab4-83ab-a08df9c439b6""}",2026-05-16T17:11:44.876020262Z
2026-05-16T17:11:44.875041Z 0 [Warning] [MY-012638] [InnoDB] Retry attempts for writing partial data failed.,error,"{""level"":""error""}","{""project"":""0ee5f251-6f6f-4df1-88b1-bb752a8a350b"",""environment"":""e0e44f1f-ec58-480e-94e9-09bad9cd99ba"",""service"":""df16bcd7-7927-4bbf-adf1-191ac3e92d21"",""deployment"":""9f2b543f-0b35-41bc-9cb5-d19bf9898c07"",""replica"":""1901484f-77af-4ab4-83ab-a08df9c439b6""}",2026-05-16T17:11:44.876028095Z
2026-05-16T17:11:44.875047Z 0 [Warning] [MY-012145] [InnoDB] Error while writing 16384 zeroes to ./railway/kpi_cache.ibd starting at offset 163840,error,"{""level"":""error""}","{""project"":""0ee5f251-6f6f-4df1-88b1-bb752a8a350b"",""environment"":""e0e44f1f-ec58-480e-94e9-09bad9cd99ba"",""service"":""df16bcd7-7927-4bbf-adf1-191ac3e92d21"",""deployment"":""9f2b543f-0b35-41bc-9cb5-d19bf9898c07"",""replica"":""1901484f-77af-4ab4-83ab-a08df9c439b6""}",2026-05-16T17:11:44.876035525Z
2026-05-16T17:11:44.883646Z 0 [Warning] [MY-012638] [InnoDB] Retry attempts for writing partial data failed.,error,"{""level"":""error""}","{""project"":""0ee5f251-6f6f-4df1-88b1-bb752a8a350b"",""environment"":""e0e44f1f-ec58-480e-94e9-09bad9cd99ba"",""service"":""df16bcd7-7927-4bbf-adf1-191ac3e92d21"",""deployment"":""9f2b543f-0b35-41bc-9cb5-d19bf9898c07"",""replica"":""1901484f-77af-4ab4-83ab-a08df9c439b6""}",2026-05-16T17:11:44.887256340Z
2026-05-16T17:11:44.883676Z 0 [ERROR] [MY-012888] [InnoDB] Cannot resize redo log file ./#innodb_redo/#ib_redo322_tmp to 3 MB (Failed to set size),error,"{""level"":""error""}","{""project"":""0ee5f251-6f6f-4df1-88b1-bb752a8a350b"",""environment"":""e0e44f1f-ec58-480e-94e9-09bad9cd99ba"",""service"":""df16bcd7-7927-4bbf-adf1-191ac3e92d21"",""deployment"":""9f2b543f-0b35-41bc-9cb5-d19bf9898c07"",""replica"":""1901484f-77af-4ab4-83ab-a08df9c439b6""}",2026-05-16T17:11:44.887261825Z
2026-05-16T17:11:44.900765Z 0 [Warning] [MY-012638] [InnoDB] Retry attempts for writing partial data failed.,error,"{""level"":""error""}","{""project"":""0ee5f251-6f6f-4df1-88b1-bb752a8a350b"",""environment"":""e0e44f1f-ec58-480e-94e9-09bad9cd99ba"",""service"":""df16bcd7-7927-4bbf-adf1-191ac3e92d21"",""deployment"":""9f2b543f-0b35-41bc-9cb5-d19bf9898c07"",""replica"":""1901484f-77af-4ab4-83ab-a08df9c439b6""}",2026-05-16T17:11:44.907809643Z
2026-05-16T17:11:44.900783Z 0 [ERROR] [MY-012888] [InnoDB] Cannot resize redo log file ./#innodb_redo/#ib_redo322_tmp to 3 MB (Failed to set size),error,"{""level"":""error""}","{""project"":""0ee5f251-6f6f-4df1-88b1-bb752a8a350b"",""environment"":""e0e44f1f-ec58-480e-94e9-09bad9cd99ba"",""service"":""df16bcd7-7927-4bbf-adf1-191ac3e92d21"",""deployment"":""9f2b543f-0b35-41bc-9cb5-d19bf9898c07"",""replica"":""1901484f-77af-4ab4-83ab-a08df9c439b6""}",2026-05-16T17:11:44.907815836Z
2026-05-16T17:11:44.917670Z 0 [Warning] [MY-012638] [InnoDB] Retry attempts for writing partial data failed.,error,"{""level"":""error""}","{""project"":""0ee5f251-6f6f-4df1-88b1-bb752a8a350b"",""environment"":""e0e44f1f-ec58-480e-94e9-09bad9cd99ba"",""service"":""df16bcd7-7927-4bbf-adf1-191ac3e92d21"",""deployment"":""9f2b543f-0b35-41bc-9cb5-d19bf9898c07"",""replica"":""1901484f-77af-4ab4-83ab-a08df9c439b6""}",2026-05-16T17:11:44.922620921Z
2026-05-16T17:11:44.917687Z 0 [ERROR] [MY-012888] [InnoDB] Cannot resize redo log file ./#innodb_redo/#ib_redo322_tmp to 3 MB (Failed to set size),error,"{""level"":""error""}","{""project"":""0ee5f251-6f6f-4df1-88b1-bb752a8a350b"",""environment"":""e0e44f1f-ec58-480e-94e9-09bad9cd99ba"",""service"":""df16bcd7-7927-4bbf-adf1-191ac3e92d21"",""deployment"":""9f2b543f-0b35-41bc-9cb5-d19bf9898c07"",""replica"":""1901484f-77af-4ab4-83ab-a08df9c439b6""}",2026-05-16T17:11:44.922626656Z
"2026-05-16T17:11:44.925197Z 0 [ERROR] [MY-012144] [InnoDB] posix_fallocate(): Failed to preallocate data for file ./railway/kpi_cache.ibd, desired size 16384 bytes. Operating system error number 28. Check that the disk is not full or a disk quota exceeded. Make sure the file system supports this function. Refer to your operating system documentation for operating system error code information.",error,"{""level"":""error""}","{""project"":""0ee5f251-6f6f-4df1-88b1-bb752a8a350b"",""environment"":""e0e44f1f-ec58-480e-94e9-09bad9cd99ba"",""service"":""df16bcd7-7927-4bbf-adf1-191ac3e92d21"",""deployment"":""9f2b543f-0b35-41bc-9cb5-d19bf9898c07"",""replica"":""1901484f-77af-4ab4-83ab-a08df9c439b6""}",2026-05-16T17:11:44.926369362Z
2026-05-16T17:11:44.925229Z 0 [Warning] [MY-012638] [InnoDB] Retry attempts for writing partial data failed.,error,"{""level"":""error""}","{""project"":""0ee5f251-6f6f-4df1-88b1-bb752a8a350b"",""environment"":""e0e44f1f-ec58-480e-94e9-09bad9cd99ba"",""service"":""df16bcd7-7927-4bbf-adf1-191ac3e92d21"",""deployment"":""9f2b543f-0b35-41bc-9cb5-d19bf9898c07"",""replica"":""1901484f-77af-4ab4-83ab-a08df9c439b6""}",2026-05-16T17:11:44.926374167Z
2026-05-16T17:11:44.925234Z 0 [Warning] [MY-012145] [InnoDB] Error while writing 16384 zeroes to ./railway/kpi_cache.ibd starting at offset 163840,error,"{""level"":""error""}","{""project"":""0ee5f251-6f6f-4df1-88b1-bb752a8a350b"",""environment"":""e0e44f1f-ec58-480e-94e9-09bad9cd99ba"",""service"":""df16bcd7-7927-4bbf-adf1-191ac3e92d21"",""deployment"":""9f2b543f-0b35-41bc-9cb5-d19bf9898c07"",""replica"":""1901484f-77af-4ab4-83ab-a08df9c439b6""}",2026-05-16T17:11:44.926377073Z
2026-05-16T17:11:44.935028Z 0 [Warning] [MY-012638] [InnoDB] Retry attempts for writing partial data failed.,error,"{""level"":""error""}","{""project"":""0ee5f251-6f6f-4df1-88b1-bb752a8a350b"",""environment"":""e0e44f1f-ec58-480e-94e9-09bad9cd99ba"",""service"":""df16bcd7-7927-4bbf-adf1-191ac3e92d21"",""deployment"":""9f2b543f-0b35-41bc-9cb5-d19bf9898c07"",""replica"":""1901484f-77af-4ab4-83ab-a08df9c439b6""}",2026-05-16T17:11:45.287701320Z
2026-05-16T17:11:44.935044Z 0 [ERROR] [MY-012888] [InnoDB] Cannot resize redo log file ./#innodb_redo/#ib_redo322_tmp to 3 MB (Failed to set size),error,"{""level"":""error""}","{""project"":""0ee5f251-6f6f-4df1-88b1-bb752a8a350b"",""environment"":""e0e44f1f-ec58-480e-94e9-09bad9cd99ba"",""service"":""df16bcd7-7927-4bbf-adf1-191ac3e92d21"",""deployment"":""9f2b543f-0b35-41bc-9cb5-d19bf9898c07"",""replica"":""1901484f-77af-4ab4-83ab-a08df9c439b6""}",2026-05-16T17:11:45.287704483Z
2026-05-16T17:11:44.952083Z 0 [Warning] [MY-012638] [InnoDB] Retry attempts for writing partial data failed.,error,"{""level"":""error""}","{""project"":""0ee5f251-6f6f-4df1-88b1-bb752a8a350b"",""environment"":""e0e44f1f-ec58-480e-94e9-09bad9cd99ba"",""service"":""df16bcd7-7927-4bbf-adf1-191ac3e92d21"",""deployment"":""9f2b543f-0b35-41bc-9cb5-d19bf9898c07"",""replica"":""1901484f-77af-4ab4-83ab-a08df9c439b6""}",2026-05-16T17:11:45.287707721Z
2026-05-16T17:11:44.952101Z 0 [ERROR] [MY-012888] [InnoDB] Cannot resize redo log file ./#innodb_redo/#ib_redo322_tmp to 3 MB (Failed to set size),error,"{""level"":""error""}","{""project"":""0ee5f251-6f6f-4df1-88b1-bb752a8a350b"",""environment"":""e0e44f1f-ec58-480e-94e9-09bad9cd99ba"",""service"":""df16bcd7-7927-4bbf-adf1-191ac3e92d21"",""deployment"":""9f2b543f-0b35-41bc-9cb5-d19bf9898c07"",""replica"":""1901484f-77af-4ab4-83ab-a08df9c439b6""}",2026-05-16T17:11:45.287711442Z
2026-05-16T17:11:44.968508Z 0 [Warning] [MY-012638] [InnoDB] Retry attempts for writing partial data failed.,error,"{""level"":""error""}","{""project"":""0ee5f251-6f6f-4df1-88b1-bb752a8a350b"",""environment"":""e0e44f1f-ec58-480e-94e9-09bad9cd99ba"",""service"":""df16bcd7-7927-4bbf-adf1-191ac3e92d21"",""deployment"":""9f2b543f-0b35-41bc-9cb5-d19bf9898c07"",""replica"":""1901484f-77af-4ab4-83ab-a08df9c439b6""}",2026-05-16T17:11:45.287715630Z
2026-05-16T17:11:44.968525Z 0 [ERROR] [MY-012888] [InnoDB] Cannot resize redo log file ./#innodb_redo/#ib_redo322_tmp to 3 MB (Failed to set size),error,"{""level"":""error""}","{""project"":""0ee5f251-6f6f-4df1-88b1-bb752a8a350b"",""environment"":""e0e44f1f-ec58-480e-94e9-09bad9cd99ba"",""service"":""df16bcd7-7927-4bbf-adf1-191ac3e92d21"",""deployment"":""9f2b543f-0b35-41bc-9cb5-d19bf9898c07"",""replica"":""1901484f-77af-4ab4-83ab-a08df9c439b6""}",2026-05-16T17:11:45.287719551Z
"2026-05-16T17:11:44.975402Z 0 [ERROR] [MY-012144] [InnoDB] posix_fallocate(): Failed to preallocate data for file ./railway/kpi_cache.ibd, desired size 16384 bytes. Operating system error number 28. Check that the disk is not full or a disk quota exceeded. Make sure the file system supports this function. Refer to your operating system documentation for operating system error code information.",error,"{""level"":""error""}","{""project"":""0ee5f251-6f6f-4df1-88b1-bb752a8a350b"",""environment"":""e0e44f1f-ec58-480e-94e9-09bad9cd99ba"",""service"":""df16bcd7-7927-4bbf-adf1-191ac3e92d21"",""deployment"":""9f2b543f-0b35-41bc-9cb5-d19bf9898c07"",""replica"":""1901484f-77af-4ab4-83ab-a08df9c439b6""}",2026-05-16T17:11:45.287724176Z
2026-05-16T17:11:44.975435Z 0 [Warning] [MY-012638] [InnoDB] Retry attempts for writing partial data failed.,error,"{""level"":""error""}","{""project"":""0ee5f251-6f6f-4df1-88b1-bb752a8a350b"",""environment"":""e0e44f1f-ec58-480e-94e9-09bad9cd99ba"",""service"":""df16bcd7-7927-4bbf-adf1-191ac3e92d21"",""deployment"":""9f2b543f-0b35-41bc-9cb5-d19bf9898c07"",""replica"":""1901484f-77af-4ab4-83ab-a08df9c439b6""}",2026-05-16T17:11:45.287729183Z
2026-05-16T17:11:44.975440Z 0 [Warning] [MY-012145] [InnoDB] Error while writing 16384 zeroes to ./railway/kpi_cache.ibd starting at offset 163840,error,"{""level"":""error""}","{""project"":""0ee5f251-6f6f-4df1-88b1-bb752a8a350b"",""environment"":""e0e44f1f-ec58-480e-94e9-09bad9cd99ba"",""service"":""df16bcd7-7927-4bbf-adf1-191ac3e92d21"",""deployment"":""9f2b543f-0b35-41bc-9cb5-d19bf9898c07"",""replica"":""1901484f-77af-4ab4-83ab-a08df9c439b6""}",2026-05-16T17:11:45.287732882Z
2026-05-16T17:11:44.984897Z 0 [Warning] [MY-012638] [InnoDB] Retry attempts for writing partial data failed.,error,"{""level"":""error""}","{""project"":""0ee5f251-6f6f-4df1-88b1-bb752a8a350b"",""environment"":""e0e44f1f-ec58-480e-94e9-09bad9cd99ba"",""service"":""df16bcd7-7927-4bbf-adf1-191ac3e92d21"",""deployment"":""9f2b543f-0b35-41bc-9cb5-d19bf9898c07"",""replica"":""1901484f-77af-4ab4-83ab-a08df9c439b6""}",2026-05-16T17:11:45.287736393Z
2026-05-16T17:11:44.984914Z 0 [ERROR] [MY-012888] [InnoDB] Cannot resize redo log file ./#innodb_redo/#ib_redo322_tmp to 3 MB (Failed to set size),error,"{""level"":""error""}","{""project"":""0ee5f251-6f6f-4df1-88b1-bb752a8a350b"",""environment"":""e0e44f1f-ec58-480e-94e9-09bad9cd99ba"",""service"":""df16bcd7-7927-4bbf-adf1-191ac3e92d21"",""deployment"":""9f2b543f-0b35-41bc-9cb5-d19bf9898c07"",""replica"":""1901484f-77af-4ab4-83ab-a08df9c439b6""}",2026-05-16T17:11:45.287740522Z
2026-05-16T17:11:45.001467Z 0 [Warning] [MY-012638] [InnoDB] Retry attempts for writing partial data failed.,error,"{""level"":""error""}","{""project"":""0ee5f251-6f6f-4df1-88b1-bb752a8a350b"",""environment"":""e0e44f1f-ec58-480e-94e9-09bad9cd99ba"",""service"":""df16bcd7-7927-4bbf-adf1-191ac3e92d21"",""deployment"":""9f2b543f-0b35-41bc-9cb5-d19bf9898c07"",""replica"":""1901484f-77af-4ab4-83ab-a08df9c439b6""}",2026-05-16T17:11:45.288723913Z
2026-05-16T17:11:45.001490Z 0 [ERROR] [MY-012888] [InnoDB] Cannot resize redo log file ./#innodb_redo/#ib_redo322_tmp to 3 MB (Failed to set size),error,"{""level"":""error""}","{""project"":""0ee5f251-6f6f-4df1-88b1-bb752a8a350b"",""environment"":""e0e44f1f-ec58-480e-94e9-09bad9cd99ba"",""service"":""df16bcd7-7927-4bbf-adf1-191ac3e92d21"",""deployment"":""9f2b543f-0b35-41bc-9cb5-d19bf9898c07"",""replica"":""1901484f-77af-4ab4-83ab-a08df9c439b6""}",2026-05-16T17:11:45.288728999Z
2026-05-16T17:11:45.018038Z 0 [Warning] [MY-012638] [InnoDB] Retry attempts for writing partial data failed.,error,"{""level"":""error""}","{""project"":""0ee5f251-6f6f-4df1-88b1-bb752a8a350b"",""environment"":""e0e44f1f-ec58-480e-94e9-09bad9cd99ba"",""service"":""df16bcd7-7927-4bbf-adf1-191ac3e92d21"",""deployment"":""9f2b543f-0b35-41bc-9cb5-d19bf9898c07"",""replica"":""1901484f-77af-4ab4-83ab-a08df9c439b6""}",2026-05-16T17:11:45.288732392Z
2026-05-16T17:11:45.018058Z 0 [ERROR] [MY-012888] [InnoDB] Cannot resize redo log file ./#innodb_redo/#ib_redo322_tmp to 3 MB (Failed to set size),error,"{""level"":""error""}","{""project"":""0ee5f251-6f6f-4df1-88b1-bb752a8a350b"",""environment"":""e0e44f1f-ec58-480e-94e9-09bad9cd99ba"",""service"":""df16bcd7-7927-4bbf-adf1-191ac3e92d21"",""deployment"":""9f2b543f-0b35-41bc-9cb5-d19bf9898c07"",""replica"":""1901484f-77af-4ab4-83ab-a08df9c439b6""}",2026-05-16T17:11:45.288735353Z
"2026-05-16T17:11:45.025602Z 0 [ERROR] [MY-012144] [InnoDB] posix_fallocate(): Failed to preallocate data for file ./railway/kpi_cache.ibd, desired size 16384 bytes. Operating system error number 28. Check that the disk is not full or a disk quota exceeded. Make sure the file system supports this function. Refer to your operating system documentation for operating system error code information.",error,"{""level"":""error""}","{""project"":""0ee5f251-6f6f-4df1-88b1-bb752a8a350b"",""environment"":""e0e44f1f-ec58-480e-94e9-09bad9cd99ba"",""service"":""df16bcd7-7927-4bbf-adf1-191ac3e92d21"",""deployment"":""9f2b543f-0b35-41bc-9cb5-d19bf9898c07"",""replica"":""1901484f-77af-4ab4-83ab-a08df9c439b6""}",2026-05-16T17:11:45.288738982Z
2026-05-16T17:11:45.025641Z 0 [Warning] [MY-012638] [InnoDB] Retry attempts for writing partial data failed.,error,"{""level"":""error""}","{""project"":""0ee5f251-6f6f-4df1-88b1-bb752a8a350b"",""environment"":""e0e44f1f-ec58-480e-94e9-09bad9cd99ba"",""service"":""df16bcd7-7927-4bbf-adf1-191ac3e92d21"",""deployment"":""9f2b543f-0b35-41bc-9cb5-d19bf9898c07"",""replica"":""1901484f-77af-4ab4-83ab-a08df9c439b6""}",2026-05-16T17:11:45.288741905Z
2026-05-16T17:11:45.025649Z 0 [Warning] [MY-012145] [InnoDB] Error while writing 16384 zeroes to ./railway/kpi_cache.ibd starting at offset 163840,error,"{""level"":""error""}","{""project"":""0ee5f251-6f6f-4df1-88b1-bb752a8a350b"",""environment"":""e0e44f1f-ec58-480e-94e9-09bad9cd99ba"",""service"":""df16bcd7-7927-4bbf-adf1-191ac3e92d21"",""deployment"":""9f2b543f-0b35-41bc-9cb5-d19bf9898c07"",""replica"":""1901484f-77af-4ab4-83ab-a08df9c439b6""}",2026-05-16T17:11:45.288744970Z
2026-05-16T17:11:45.034523Z 0 [Warning] [MY-012638] [InnoDB] Retry attempts for writing partial data failed.,error,"{""level"":""error""}","{""project"":""0ee5f251-6f6f-4df1-88b1-bb752a8a350b"",""environment"":""e0e44f1f-ec58-480e-94e9-09bad9cd99ba"",""service"":""df16bcd7-7927-4bbf-adf1-191ac3e92d21"",""deployment"":""9f2b543f-0b35-41bc-9cb5-d19bf9898c07"",""replica"":""1901484f-77af-4ab4-83ab-a08df9c439b6""}",2026-05-16T17:11:45.288747916Z
2026-05-16T17:11:45.034540Z 0 [ERROR] [MY-012888] [InnoDB] Cannot resize redo log file ./#innodb_redo/#ib_redo322_tmp to 3 MB (Failed to set size),error,"{""level"":""error""}","{""project"":""0ee5f251-6f6f-4df1-88b1-bb752a8a350b"",""environment"":""e0e44f1f-ec58-480e-94e9-09bad9cd99ba"",""service"":""df16bcd7-7927-4bbf-adf1-191ac3e92d21"",""deployment"":""9f2b543f-0b35-41bc-9cb5-d19bf9898c07"",""replica"":""1901484f-77af-4ab4-83ab-a08df9c439b6""}",2026-05-16T17:11:45.288751936Z
2026-05-16T17:11:45.051133Z 0 [Warning] [MY-012638] [InnoDB] Retry attempts for writing partial data failed.,error,"{""level"":""error""}","{""project"":""0ee5f251-6f6f-4df1-88b1-bb752a8a350b"",""environment"":""e0e44f1f-ec58-480e-94e9-09bad9cd99ba"",""service"":""df16bcd7-7927-4bbf-adf1-191ac3e92d21"",""deployment"":""9f2b543f-0b35-41bc-9cb5-d19bf9898c07"",""replica"":""1901484f-77af-4ab4-83ab-a08df9c439b6""}",2026-05-16T17:11:45.288758352Z
2026-05-16T17:11:45.051150Z 0 [ERROR] [MY-012888] [InnoDB] Cannot resize redo log file ./#innodb_redo/#ib_redo322_tmp to 3 MB (Failed to set size),error,"{""level"":""error""}","{""project"":""0ee5f251-6f6f-4df1-88b1-bb752a8a350b"",""environment"":""e0e44f1f-ec58-480e-94e9-09bad9cd99ba"",""service"":""df16bcd7-7927-4bbf-adf1-191ac3e92d21"",""deployment"":""9f2b543f-0b35-41bc-9cb5-d19bf9898c07"",""replica"":""1901484f-77af-4ab4-83ab-a08df9c439b6""}",2026-05-16T17:11:45.288762751Z
2026-05-16T17:11:45.068691Z 0 [Warning] [MY-012638] [InnoDB] Retry attempts for writing partial data failed.,error,"{""level"":""error""}","{""project"":""0ee5f251-6f6f-4df1-88b1-bb752a8a350b"",""environment"":""e0e44f1f-ec58-480e-94e9-09bad9cd99ba"",""service"":""df16bcd7-7927-4bbf-adf1-191ac3e92d21"",""deployment"":""9f2b543f-0b35-41bc-9cb5-d19bf9898c07"",""replica"":""1901484f-77af-4ab4-83ab-a08df9c439b6""}",2026-05-16T17:11:45.289967658Z
2026-05-16T17:11:45.068711Z 0 [ERROR] [MY-012888] [InnoDB] Cannot resize redo log file ./#innodb_redo/#ib_redo322_tmp to 3 MB (Failed to set size),error,"{""level"":""error""}","{""project"":""0ee5f251-6f6f-4df1-88b1-bb752a8a350b"",""environment"":""e0e44f1f-ec58-480e-94e9-09bad9cd99ba"",""service"":""df16bcd7-7927-4bbf-adf1-191ac3e92d21"",""deployment"":""9f2b543f-0b35-41bc-9cb5-d19bf9898c07"",""replica"":""1901484f-77af-4ab4-83ab-a08df9c439b6""}",2026-05-16T17:11:45.289975050Z
"2026-05-16T17:11:45.075845Z 0 [ERROR] [MY-012144] [InnoDB] posix_fallocate(): Failed to preallocate data for file ./railway/kpi_cache.ibd, desired size 16384 bytes. Operating system error number 28. Check that the disk is not full or a disk quota exceeded. Make sure the file system supports this function. Refer to your operating system documentation for operating system error code information.",error,"{""level"":""error""}","{""project"":""0ee5f251-6f6f-4df1-88b1-bb752a8a350b"",""environment"":""e0e44f1f-ec58-480e-94e9-09bad9cd99ba"",""service"":""df16bcd7-7927-4bbf-adf1-191ac3e92d21"",""deployment"":""9f2b543f-0b35-41bc-9cb5-d19bf9898c07"",""replica"":""1901484f-77af-4ab4-83ab-a08df9c439b6""}",2026-05-16T17:11:45.289979748Z
2026-05-16T17:11:45.075881Z 0 [Warning] [MY-012638] [InnoDB] Retry attempts for writing partial data failed.,error,"{""level"":""error""}","{""project"":""0ee5f251-6f6f-4df1-88b1-bb752a8a350b"",""environment"":""e0e44f1f-ec58-480e-94e9-09bad9cd99ba"",""service"":""df16bcd7-7927-4bbf-adf1-191ac3e92d21"",""deployment"":""9f2b543f-0b35-41bc-9cb5-d19bf9898c07"",""replica"":""1901484f-77af-4ab4-83ab-a08df9c439b6""}",2026-05-16T17:11:45.289986004Z
2026-05-16T17:11:45.075892Z 0 [Warning] [MY-012145] [InnoDB] Error while writing 16384 zeroes to ./railway/kpi_cache.ibd starting at offset 163840,error,"{""level"":""error""}","{""project"":""0ee5f251-6f6f-4df1-88b1-bb752a8a350b"",""environment"":""e0e44f1f-ec58-480e-94e9-09bad9cd99ba"",""service"":""df16bcd7-7927-4bbf-adf1-191ac3e92d21"",""deployment"":""9f2b543f-0b35-41bc-9cb5-d19bf9898c07"",""replica"":""1901484f-77af-4ab4-83ab-a08df9c439b6""}",2026-05-16T17:11:45.289991226Z
2026-05-16T17:11:45.086102Z 0 [Warning] [MY-012638] [InnoDB] Retry attempts for writing partial data failed.,error,"{""level"":""error""}","{""project"":""0ee5f251-6f6f-4df1-88b1-bb752a8a350b"",""environment"":""e0e44f1f-ec58-480e-94e9-09bad9cd99ba"",""service"":""df16bcd7-7927-4bbf-adf1-191ac3e92d21"",""deployment"":""9f2b543f-0b35-41bc-9cb5-d19bf9898c07"",""replica"":""1901484f-77af-4ab4-83ab-a08df9c439b6""}",2026-05-16T17:11:45.289995625Z
2026-05-16T17:11:45.086119Z 0 [ERROR] [MY-012888] [InnoDB] Cannot resize redo log file ./#innodb_redo/#ib_redo322_tmp to 3 MB (Failed to set size),error,"{""level"":""error""}","{""project"":""0ee5f251-6f6f-4df1-88b1-bb752a8a350b"",""environment"":""e0e44f1f-ec58-480e-94e9-09bad9cd99ba"",""service"":""df16bcd7-7927-4bbf-adf1-191ac3e92d21"",""deployment"":""9f2b543f-0b35-41bc-9cb5-d19bf9898c07"",""replica"":""1901484f-77af-4ab4-83ab-a08df9c439b6""}",2026-05-16T17:11:45.290000862Z
2026-05-16T17:11:45.103787Z 0 [Warning] [MY-012638] [InnoDB] Retry attempts for writing partial data failed.,error,"{""level"":""error""}","{""project"":""0ee5f251-6f6f-4df1-88b1-bb752a8a350b"",""environment"":""e0e44f1f-ec58-480e-94e9-09bad9cd99ba"",""service"":""df16bcd7-7927-4bbf-adf1-191ac3e92d21"",""deployment"":""9f2b543f-0b35-41bc-9cb5-d19bf9898c07"",""replica"":""1901484f-77af-4ab4-83ab-a08df9c439b6""}",2026-05-16T17:11:45.290005448Z
2026-05-16T17:11:45.103802Z 0 [ERROR] [MY-012888] [InnoDB] Cannot resize redo log file ./#innodb_redo/#ib_redo322_tmp to 3 MB (Failed to set size),error,"{""level"":""error""}","{""project"":""0ee5f251-6f6f-4df1-88b1-bb752a8a350b"",""environment"":""e0e44f1f-ec58-480e-94e9-09bad9cd99ba"",""service"":""df16bcd7-7927-4bbf-adf1-191ac3e92d21"",""deployment"":""9f2b543f-0b35-41bc-9cb5-d19bf9898c07"",""replica"":""1901484f-77af-4ab4-83ab-a08df9c439b6""}",2026-05-16T17:11:45.290010486Z
2026-05-16T17:11:45.121471Z 0 [Warning] [MY-012638] [InnoDB] Retry attempts for writing partial data failed.,error,"{""level"":""error""}","{""project"":""0ee5f251-6f6f-4df1-88b1-bb752a8a350b"",""environment"":""e0e44f1f-ec58-480e-94e9-09bad9cd99ba"",""service"":""df16bcd7-7927-4bbf-adf1-191ac3e92d21"",""deployment"":""9f2b543f-0b35-41bc-9cb5-d19bf9898c07"",""replica"":""1901484f-77af-4ab4-83ab-a08df9c439b6""}",2026-05-16T17:11:45.290015469Z
2026-05-16T17:11:45.121491Z 0 [ERROR] [MY-012888] [InnoDB] Cannot resize redo log file ./#innodb_redo/#ib_redo322_tmp to 3 MB (Failed to set size),error,"{""level"":""error""}","{""project"":""0ee5f251-6f6f-4df1-88b1-bb752a8a350b"",""environment"":""e0e44f1f-ec58-480e-94e9-09bad9cd99ba"",""service"":""df16bcd7-7927-4bbf-adf1-191ac3e92d21"",""deployment"":""9f2b543f-0b35-41bc-9cb5-d19bf9898c07"",""replica"":""1901484f-77af-4ab4-83ab-a08df9c439b6""}",2026-05-16T17:11:45.290020028Z
"2026-05-16T17:11:45.126037Z 0 [ERROR] [MY-012144] [InnoDB] posix_fallocate(): Failed to preallocate data for file ./railway/kpi_cache.ibd, desired size 16384 bytes. Operating system error number 28. Check that the disk is not full or a disk quota exceeded. Make sure the file system supports this function. Refer to your operating system documentation for operating system error code information.",error,"{""level"":""error""}","{""project"":""0ee5f251-6f6f-4df1-88b1-bb752a8a350b"",""environment"":""e0e44f1f-ec58-480e-94e9-09bad9cd99ba"",""service"":""df16bcd7-7927-4bbf-adf1-191ac3e92d21"",""deployment"":""9f2b543f-0b35-41bc-9cb5-d19bf9898c07"",""replica"":""1901484f-77af-4ab4-83ab-a08df9c439b6""}",2026-05-16T17:11:45.291375838Z
2026-05-16T17:11:45.126078Z 0 [Warning] [MY-012638] [InnoDB] Retry attempts for writing partial data failed.,error,"{""level"":""error""}","{""project"":""0ee5f251-6f6f-4df1-88b1-bb752a8a350b"",""environment"":""e0e44f1f-ec58-480e-94e9-09bad9cd99ba"",""service"":""df16bcd7-7927-4bbf-adf1-191ac3e92d21"",""deployment"":""9f2b543f-0b35-41bc-9cb5-d19bf9898c07"",""replica"":""1901484f-77af-4ab4-83ab-a08df9c439b6""}",2026-05-16T17:11:45.291380708Z
2026-05-16T17:11:45.126085Z 0 [Warning] [MY-012145] [InnoDB] Error while writing 16384 zeroes to ./railway/kpi_cache.ibd starting at offset 163840,error,"{""level"":""error""}","{""project"":""0ee5f251-6f6f-4df1-88b1-bb752a8a350b"",""environment"":""e0e44f1f-ec58-480e-94e9-09bad9cd99ba"",""service"":""df16bcd7-7927-4bbf-adf1-191ac3e92d21"",""deployment"":""9f2b543f-0b35-41bc-9cb5-d19bf9898c07"",""replica"":""1901484f-77af-4ab4-83ab-a08df9c439b6""}",2026-05-16T17:11:45.291384508Z
2026-05-16T17:11:45.138956Z 0 [Warning] [MY-012638] [InnoDB] Retry attempts for writing partial data failed.,error,"{""level"":""error""}","{""project"":""0ee5f251-6f6f-4df1-88b1-bb752a8a350b"",""environment"":""e0e44f1f-ec58-480e-94e9-09bad9cd99ba"",""service"":""df16bcd7-7927-4bbf-adf1-191ac3e92d21"",""deployment"":""9f2b543f-0b35-41bc-9cb5-d19bf9898c07"",""replica"":""1901484f-77af-4ab4-83ab-a08df9c439b6""}",2026-05-16T17:11:45.291387860Z
2026-05-16T17:11:45.138972Z 0 [ERROR] [MY-012888] [InnoDB] Cannot resize redo log file ./#innodb_redo/#ib_redo322_tmp to 3 MB (Failed to set size),error,"{""level"":""error""}","{""project"":""0ee5f251-6f6f-4df1-88b1-bb752a8a350b"",""environment"":""e0e44f1f-ec58-480e-94e9-09bad9cd99ba"",""service"":""df16bcd7-7927-4bbf-adf1-191ac3e92d21"",""deployment"":""9f2b543f-0b35-41bc-9cb5-d19bf9898c07"",""replica"":""1901484f-77af-4ab4-83ab-a08df9c439b6""}",2026-05-16T17:11:45.291391482Z
2026-05-16T17:11:45.155984Z 0 [Warning] [MY-012638] [InnoDB] Retry attempts for writing partial data failed.,error,"{""level"":""error""}","{""project"":""0ee5f251-6f6f-4df1-88b1-bb752a8a350b"",""environment"":""e0e44f1f-ec58-480e-94e9-09bad9cd99ba"",""service"":""df16bcd7-7927-4bbf-adf1-191ac3e92d21"",""deployment"":""9f2b543f-0b35-41bc-9cb5-d19bf9898c07"",""replica"":""1901484f-77af-4ab4-83ab-a08df9c439b6""}",2026-05-16T17:11:45.291396628Z
2026-05-16T17:11:45.156000Z 0 [ERROR] [MY-012888] [InnoDB] Cannot resize redo log file ./#innodb_redo/#ib_redo322_tmp to 3 MB (Failed to set size),error,"{""level"":""error""}","{""project"":""0ee5f251-6f6f-4df1-88b1-bb752a8a350b"",""environment"":""e0e44f1f-ec58-480e-94e9-09bad9cd99ba"",""service"":""df16bcd7-7927-4bbf-adf1-191ac3e92d21"",""deployment"":""9f2b543f-0b35-41bc-9cb5-d19bf9898c07"",""replica"":""1901484f-77af-4ab4-83ab-a08df9c439b6""}",2026-05-16T17:11:45.291400119Z
2026-05-16T17:11:45.172943Z 0 [Warning] [MY-012638] [InnoDB] Retry attempts for writing partial data failed.,error,"{""level"":""error""}","{""project"":""0ee5f251-6f6f-4df1-88b1-bb752a8a350b"",""environment"":""e0e44f1f-ec58-480e-94e9-09bad9cd99ba"",""service"":""df16bcd7-7927-4bbf-adf1-191ac3e92d21"",""deployment"":""9f2b543f-0b35-41bc-9cb5-d19bf9898c07"",""replica"":""1901484f-77af-4ab4-83ab-a08df9c439b6""}",2026-05-16T17:11:45.291403701Z
2026-05-16T17:11:45.172960Z 0 [ERROR] [MY-012888] [InnoDB] Cannot resize redo log file ./#innodb_redo/#ib_redo322_tmp to 3 MB (Failed to set size),error,"{""level"":""error""}","{""project"":""0ee5f251-6f6f-4df1-88b1-bb752a8a350b"",""environment"":""e0e44f1f-ec58-480e-94e9-09bad9cd99ba"",""service"":""df16bcd7-7927-4bbf-adf1-191ac3e92d21"",""deployment"":""9f2b543f-0b35-41bc-9cb5-d19bf9898c07"",""replica"":""1901484f-77af-4ab4-83ab-a08df9c439b6""}",2026-05-16T17:11:45.291407260Z
"2026-05-16T17:11:45.176234Z 0 [ERROR] [MY-012144] [InnoDB] posix_fallocate(): Failed to preallocate data for file ./railway/kpi_cache.ibd, desired size 16384 bytes. Operating system error number 28. Check that the disk is not full or a disk quota exceeded. Make sure the file system supports this function. Refer to your operating system documentation for operating system error code information.",error,"{""level"":""error""}","{""project"":""0ee5f251-6f6f-4df1-88b1-bb752a8a350b"",""environment"":""e0e44f1f-ec58-480e-94e9-09bad9cd99ba"",""service"":""df16bcd7-7927-4bbf-adf1-191ac3e92d21"",""deployment"":""9f2b543f-0b35-41bc-9cb5-d19bf9898c07"",""replica"":""1901484f-77af-4ab4-83ab-a08df9c439b6""}",2026-05-16T17:11:45.291410840Z
2026-05-16T17:11:45.176268Z 0 [Warning] [MY-012638] [InnoDB] Retry attempts for writing partial data failed.,error,"{""level"":""error""}","{""project"":""0ee5f251-6f6f-4df1-88b1-bb752a8a350b"",""environment"":""e0e44f1f-ec58-480e-94e9-09bad9cd99ba"",""service"":""df16bcd7-7927-4bbf-adf1-191ac3e92d21"",""deployment"":""9f2b543f-0b35-41bc-9cb5-d19bf9898c07"",""replica"":""1901484f-77af-4ab4-83ab-a08df9c439b6""}",2026-05-16T17:11:45.292666157Z
2026-05-16T17:11:45.176273Z 0 [Warning] [MY-012145] [InnoDB] Error while writing 16384 zeroes to ./railway/kpi_cache.ibd starting at offset 163840,error,"{""level"":""error""}","{""project"":""0ee5f251-6f6f-4df1-88b1-bb752a8a350b"",""environment"":""e0e44f1f-ec58-480e-94e9-09bad9cd99ba"",""service"":""df16bcd7-7927-4bbf-adf1-191ac3e92d21"",""deployment"":""9f2b543f-0b35-41bc-9cb5-d19bf9898c07"",""replica"":""1901484f-77af-4ab4-83ab-a08df9c439b6""}",2026-05-16T17:11:45.292677330Z
2026-05-16T17:11:45.190023Z 0 [Warning] [MY-012638] [InnoDB] Retry attempts for writing partial data failed.,error,"{""level"":""error""}","{""project"":""0ee5f251-6f6f-4df1-88b1-bb752a8a350b"",""environment"":""e0e44f1f-ec58-480e-94e9-09bad9cd99ba"",""service"":""df16bcd7-7927-4bbf-adf1-191ac3e92d21"",""deployment"":""9f2b543f-0b35-41bc-9cb5-d19bf9898c07"",""replica"":""1901484f-77af-4ab4-83ab-a08df9c439b6""}",2026-05-16T17:11:45.292683356Z
2026-05-16T17:11:45.190038Z 0 [ERROR] [MY-012888] [InnoDB] Cannot resize redo log file ./#innodb_redo/#ib_redo322_tmp to 3 MB (Failed to set size),error,"{""level"":""error""}","{""project"":""0ee5f251-6f6f-4df1-88b1-bb752a8a350b"",""environment"":""e0e44f1f-ec58-480e-94e9-09bad9cd99ba"",""service"":""df16bcd7-7927-4bbf-adf1-191ac3e92d21"",""deployment"":""9f2b543f-0b35-41bc-9cb5-d19bf9898c07"",""replica"":""1901484f-77af-4ab4-83ab-a08df9c439b6""}",2026-05-16T17:11:45.292688101Z
2026-05-16T17:11:45.206527Z 0 [Warning] [MY-012638] [InnoDB] Retry attempts for writing partial data failed.,error,"{""level"":""error""}","{""project"":""0ee5f251-6f6f-4df1-88b1-bb752a8a350b"",""environment"":""e0e44f1f-ec58-480e-94e9-09bad9cd99ba"",""service"":""df16bcd7-7927-4bbf-adf1-191ac3e92d21"",""deployment"":""9f2b543f-0b35-41bc-9cb5-d19bf9898c07"",""replica"":""1901484f-77af-4ab4-83ab-a08df9c439b6""}",2026-05-16T17:11:45.292695131Z
2026-05-16T17:11:45.206542Z 0 [ERROR] [MY-012888] [InnoDB] Cannot resize redo log file ./#innodb_redo/#ib_redo322_tmp to 3 MB (Failed to set size),error,"{""level"":""error""}","{""project"":""0ee5f251-6f6f-4df1-88b1-bb752a8a350b"",""environment"":""e0e44f1f-ec58-480e-94e9-09bad9cd99ba"",""service"":""df16bcd7-7927-4bbf-adf1-191ac3e92d21"",""deployment"":""9f2b543f-0b35-41bc-9cb5-d19bf9898c07"",""replica"":""1901484f-77af-4ab4-83ab-a08df9c439b6""}",2026-05-16T17:11:45.292700113Z
2026-05-16T17:11:45.223031Z 0 [Warning] [MY-012638] [InnoDB] Retry attempts for writing partial data failed.,error,"{""level"":""error""}","{""project"":""0ee5f251-6f6f-4df1-88b1-bb752a8a350b"",""environment"":""e0e44f1f-ec58-480e-94e9-09bad9cd99ba"",""service"":""df16bcd7-7927-4bbf-adf1-191ac3e92d21"",""deployment"":""9f2b543f-0b35-41bc-9cb5-d19bf9898c07"",""replica"":""1901484f-77af-4ab4-83ab-a08df9c439b6""}",2026-05-16T17:11:45.292705348Z
2026-05-16T17:11:45.223047Z 0 [ERROR] [MY-012888] [InnoDB] Cannot resize redo log file ./#innodb_redo/#ib_redo322_tmp to 3 MB (Failed to set size),error,"{""level"":""error""}","{""project"":""0ee5f251-6f6f-4df1-88b1-bb752a8a350b"",""environment"":""e0e44f1f-ec58-480e-94e9-09bad9cd99ba"",""service"":""df16bcd7-7927-4bbf-adf1-191ac3e92d21"",""deployment"":""9f2b543f-0b35-41bc-9cb5-d19bf9898c07"",""replica"":""1901484f-77af-4ab4-83ab-a08df9c439b6""}",2026-05-16T17:11:45.292710988Z
"2026-05-16T17:11:45.226418Z 0 [ERROR] [MY-012144] [InnoDB] posix_fallocate(): Failed to preallocate data for file ./railway/kpi_cache.ibd, desired size 16384 bytes. Operating system error number 28. Check that the disk is not full or a disk quota exceeded. Make sure the file system supports this function. Refer to your operating system documentation for operating system error code information.",error,"{""level"":""error""}","{""project"":""0ee5f251-6f6f-4df1-88b1-bb752a8a350b"",""environment"":""e0e44f1f-ec58-480e-94e9-09bad9cd99ba"",""service"":""df16bcd7-7927-4bbf-adf1-191ac3e92d21"",""deployment"":""9f2b543f-0b35-41bc-9cb5-d19bf9898c07"",""replica"":""1901484f-77af-4ab4-83ab-a08df9c439b6""}",2026-05-16T17:11:45.292716471Z
2026-05-16T17:11:45.226450Z 0 [Warning] [MY-012638] [InnoDB] Retry attempts for writing partial data failed.,error,"{""level"":""error""}","{""project"":""0ee5f251-6f6f-4df1-88b1-bb752a8a350b"",""environment"":""e0e44f1f-ec58-480e-94e9-09bad9cd99ba"",""service"":""df16bcd7-7927-4bbf-adf1-191ac3e92d21"",""deployment"":""9f2b543f-0b35-41bc-9cb5-d19bf9898c07"",""replica"":""1901484f-77af-4ab4-83ab-a08df9c439b6""}",2026-05-16T17:11:45.292721237Z
2026-05-16T17:11:45.226455Z 0 [Warning] [MY-012145] [InnoDB] Error while writing 16384 zeroes to ./railway/kpi_cache.ibd starting at offset 163840,error,"{""level"":""error""}","{""project"":""0ee5f251-6f6f-4df1-88b1-bb752a8a350b"",""environment"":""e0e44f1f-ec58-480e-94e9-09bad9cd99ba"",""service"":""df16bcd7-7927-4bbf-adf1-191ac3e92d21"",""deployment"":""9f2b543f-0b35-41bc-9cb5-d19bf9898c07"",""replica"":""1901484f-77af-4ab4-83ab-a08df9c439b6""}",2026-05-16T17:11:45.292725663Z
2026-05-16T17:11:45.239727Z 0 [Warning] [MY-012638] [InnoDB] Retry attempts for writing partial data failed.,error,"{""level"":""error""}","{""project"":""0ee5f251-6f6f-4df1-88b1-bb752a8a350b"",""environment"":""e0e44f1f-ec58-480e-94e9-09bad9cd99ba"",""service"":""df16bcd7-7927-4bbf-adf1-191ac3e92d21"",""deployment"":""9f2b543f-0b35-41bc-9cb5-d19bf9898c07"",""replica"":""1901484f-77af-4ab4-83ab-a08df9c439b6""}",2026-05-16T17:11:45.293627031Z
2026-05-16T17:11:45.239744Z 0 [ERROR] [MY-012888] [InnoDB] Cannot resize redo log file ./#innodb_redo/#ib_redo322_tmp to 3 MB (Failed to set size),error,"{""level"":""error""}","{""project"":""0ee5f251-6f6f-4df1-88b1-bb752a8a350b"",""environment"":""e0e44f1f-ec58-480e-94e9-09bad9cd99ba"",""service"":""df16bcd7-7927-4bbf-adf1-191ac3e92d21"",""deployment"":""9f2b543f-0b35-41bc-9cb5-d19bf9898c07"",""replica"":""1901484f-77af-4ab4-83ab-a08df9c439b6""}",2026-05-16T17:11:45.293631146Z
2026-05-16T17:11:45.256411Z 0 [Warning] [MY-012638] [InnoDB] Retry attempts for writing partial data failed.,error,"{""level"":""error""}","{""project"":""0ee5f251-6f6f-4df1-88b1-bb752a8a350b"",""environment"":""e0e44f1f-ec58-480e-94e9-09bad9cd99ba"",""service"":""df16bcd7-7927-4bbf-adf1-191ac3e92d21"",""deployment"":""9f2b543f-0b35-41bc-9cb5-d19bf9898c07"",""replica"":""1901484f-77af-4ab4-83ab-a08df9c439b6""}",2026-05-16T17:11:45.293634100Z
2026-05-16T17:11:45.256427Z 0 [ERROR] [MY-012888] [InnoDB] Cannot resize redo log file ./#innodb_redo/#ib_redo322_tmp to 3 MB (Failed to set size),error,"{""level"":""error""}","{""project"":""0ee5f251-6f6f-4df1-88b1-bb752a8a350b"",""environment"":""e0e44f1f-ec58-480e-94e9-09bad9cd99ba"",""service"":""df16bcd7-7927-4bbf-adf1-191ac3e92d21"",""deployment"":""9f2b543f-0b35-41bc-9cb5-d19bf9898c07"",""replica"":""1901484f-77af-4ab4-83ab-a08df9c439b6""}",2026-05-16T17:11:45.293636605Z
2026-05-16T17:11:45.274012Z 0 [Warning] [MY-012638] [InnoDB] Retry attempts for writing partial data failed.,error,"{""level"":""error""}","{""project"":""0ee5f251-6f6f-4df1-88b1-bb752a8a350b"",""environment"":""e0e44f1f-ec58-480e-94e9-09bad9cd99ba"",""service"":""df16bcd7-7927-4bbf-adf1-191ac3e92d21"",""deployment"":""9f2b543f-0b35-41bc-9cb5-d19bf9898c07"",""replica"":""1901484f-77af-4ab4-83ab-a08df9c439b6""}",2026-05-16T17:11:45.293640022Z
2026-05-16T17:11:45.274031Z 0 [ERROR] [MY-012888] [InnoDB] Cannot resize redo log file ./#innodb_redo/#ib_redo322_tmp to 3 MB (Failed to set size),error,"{""level"":""error""}","{""project"":""0ee5f251-6f6f-4df1-88b1-bb752a8a350b"",""environment"":""e0e44f1f-ec58-480e-94e9-09bad9cd99ba"",""service"":""df16bcd7-7927-4bbf-adf1-191ac3e92d21"",""deployment"":""9f2b543f-0b35-41bc-9cb5-d19bf9898c07"",""replica"":""1901484f-77af-4ab4-83ab-a08df9c439b6""}",2026-05-16T17:11:45.293643341Z
"2026-05-16T17:11:45.276616Z 0 [ERROR] [MY-012144] [InnoDB] posix_fallocate(): Failed to preallocate data for file ./railway/kpi_cache.ibd, desired size 16384 bytes. Operating system error number 28. Check that the disk is not full or a disk quota exceeded. Make sure the file system supports this function. Refer to your operating system documentation for operating system error code information.",error,"{""level"":""error""}","{""project"":""0ee5f251-6f6f-4df1-88b1-bb752a8a350b"",""environment"":""e0e44f1f-ec58-480e-94e9-09bad9cd99ba"",""service"":""df16bcd7-7927-4bbf-adf1-191ac3e92d21"",""deployment"":""9f2b543f-0b35-41bc-9cb5-d19bf9898c07"",""replica"":""1901484f-77af-4ab4-83ab-a08df9c439b6""}",2026-05-16T17:11:45.293647394Z
2026-05-16T17:11:45.276649Z 0 [Warning] [MY-012638] [InnoDB] Retry attempts for writing partial data failed.,error,"{""level"":""error""}","{""project"":""0ee5f251-6f6f-4df1-88b1-bb752a8a350b"",""environment"":""e0e44f1f-ec58-480e-94e9-09bad9cd99ba"",""service"":""df16bcd7-7927-4bbf-adf1-191ac3e92d21"",""deployment"":""9f2b543f-0b35-41bc-9cb5-d19bf9898c07"",""replica"":""1901484f-77af-4ab4-83ab-a08df9c439b6""}",2026-05-16T17:11:45.293651020Z
2026-05-16T17:11:45.276655Z 0 [Warning] [MY-012145] [InnoDB] Error while writing 16384 zeroes to ./railway/kpi_cache.ibd starting at offset 163840,error,"{""level"":""error""}","{""project"":""0ee5f251-6f6f-4df1-88b1-bb752a8a350b"",""environment"":""e0e44f1f-ec58-480e-94e9-09bad9cd99ba"",""service"":""df16bcd7-7927-4bbf-adf1-191ac3e92d21"",""deployment"":""9f2b543f-0b35-41bc-9cb5-d19bf9898c07"",""replica"":""1901484f-77af-4ab4-83ab-a08df9c439b6""}",2026-05-16T17:11:45.293654593Z
2026-05-16T17:11:45.291457Z 0 [Warning] [MY-012638] [InnoDB] Retry attempts for writing partial data failed.,error,"{""level"":""error""}","{""project"":""0ee5f251-6f6f-4df1-88b1-bb752a8a350b"",""environment"":""e0e44f1f-ec58-480e-94e9-09bad9cd99ba"",""service"":""df16bcd7-7927-4bbf-adf1-191ac3e92d21"",""deployment"":""9f2b543f-0b35-41bc-9cb5-d19bf9898c07"",""replica"":""1901484f-77af-4ab4-83ab-a08df9c439b6""}",2026-05-16T17:11:45.293657751Z
2026-05-16T17:11:45.291473Z 0 [ERROR] [MY-012888] [InnoDB] Cannot resize redo log file ./#innodb_redo/#ib_redo322_tmp to 3 MB (Failed to set size),error,"{""level"":""error""}","{""project"":""0ee5f251-6f6f-4df1-88b1-bb752a8a350b"",""environment"":""e0e44f1f-ec58-480e-94e9-09bad9cd99ba"",""service"":""df16bcd7-7927-4bbf-adf1-191ac3e92d21"",""deployment"":""9f2b543f-0b35-41bc-9cb5-d19bf9898c07"",""replica"":""1901484f-77af-4ab4-83ab-a08df9c439b6""}",2026-05-16T17:11:45.293661035Z
2026-05-16T17:11:45.310214Z 0 [Warning] [MY-012638] [InnoDB] Retry attempts for writing partial data failed.,error,"{""level"":""error""}","{""project"":""0ee5f251-6f6f-4df1-88b1-bb752a8a350b"",""environment"":""e0e44f1f-ec58-480e-94e9-09bad9cd99ba"",""service"":""df16bcd7-7927-4bbf-adf1-191ac3e92d21"",""deployment"":""9f2b543f-0b35-41bc-9cb5-d19bf9898c07"",""replica"":""1901484f-77af-4ab4-83ab-a08df9c439b6""}",2026-05-16T17:11:45.311253511Z
2026-05-16T17:11:45.310232Z 0 [ERROR] [MY-012888] [InnoDB] Cannot resize redo log file ./#innodb_redo/#ib_redo322_tmp to 3 MB (Failed to set size),error,"{""level"":""error""}","{""project"":""0ee5f251-6f6f-4df1-88b1-bb752a8a350b"",""environment"":""e0e44f1f-ec58-480e-94e9-09bad9cd99ba"",""service"":""df16bcd7-7927-4bbf-adf1-191ac3e92d21"",""deployment"":""9f2b543f-0b35-41bc-9cb5-d19bf9898c07"",""replica"":""1901484f-77af-4ab4-83ab-a08df9c439b6""}",2026-05-16T17:11:45.311261101Z
2026-05-16T17:11:45.327111Z 0 [Warning] [MY-012638] [InnoDB] Retry attempts for writing partial data failed.,error,"{""level"":""error""}","{""project"":""0ee5f251-6f6f-4df1-88b1-bb752a8a350b"",""environment"":""e0e44f1f-ec58-480e-94e9-09bad9cd99ba"",""service"":""df16bcd7-7927-4bbf-adf1-191ac3e92d21"",""deployment"":""9f2b543f-0b35-41bc-9cb5-d19bf9898c07"",""replica"":""1901484f-77af-4ab4-83ab-a08df9c439b6""}",2026-05-16T17:11:45.328446510Z
2026-05-16T17:11:45.327128Z 0 [ERROR] [MY-012888] [InnoDB] Cannot resize redo log file ./#innodb_redo/#ib_redo322_tmp to 3 MB (Failed to set size),error,"{""level"":""error""}","{""project"":""0ee5f251-6f6f-4df1-88b1-bb752a8a350b"",""environment"":""e0e44f1f-ec58-480e-94e9-09bad9cd99ba"",""service"":""df16bcd7-7927-4bbf-adf1-191ac3e92d21"",""deployment"":""9f2b543f-0b35-41bc-9cb5-d19bf9898c07"",""replica"":""1901484f-77af-4ab4-83ab-a08df9c439b6""}",2026-05-16T17:11:45.328451755Z
"2026-05-16T17:11:45.327800Z 0 [ERROR] [MY-012144] [InnoDB] posix_fallocate(): Failed to preallocate data for file ./railway/kpi_cache.ibd, desired size 16384 bytes. Operating system error number 28. Check that the disk is not full or a disk quota exceeded. Make sure the file system supports this function. Refer to your operating system documentation for operating system error code information.",error,"{""level"":""error""}","{""project"":""0ee5f251-6f6f-4df1-88b1-bb752a8a350b"",""environment"":""e0e44f1f-ec58-480e-94e9-09bad9cd99ba"",""service"":""df16bcd7-7927-4bbf-adf1-191ac3e92d21"",""deployment"":""9f2b543f-0b35-41bc-9cb5-d19bf9898c07"",""replica"":""1901484f-77af-4ab4-83ab-a08df9c439b6""}",2026-05-16T17:11:45.328455667Z
2026-05-16T17:11:45.327834Z 0 [Warning] [MY-012638] [InnoDB] Retry attempts for writing partial data failed.,error,"{""level"":""error""}","{""project"":""0ee5f251-6f6f-4df1-88b1-bb752a8a350b"",""environment"":""e0e44f1f-ec58-480e-94e9-09bad9cd99ba"",""service"":""df16bcd7-7927-4bbf-adf1-191ac3e92d21"",""deployment"":""9f2b543f-0b35-41bc-9cb5-d19bf9898c07"",""replica"":""1901484f-77af-4ab4-83ab-a08df9c439b6""}",2026-05-16T17:11:45.328459934Z
2026-05-16T17:11:45.327840Z 0 [Warning] [MY-012145] [InnoDB] Error while writing 16384 zeroes to ./railway/kpi_cache.ibd starting at offset 163840,error,"{""level"":""error""}","{""project"":""0ee5f251-6f6f-4df1-88b1-bb752a8a350b"",""environment"":""e0e44f1f-ec58-480e-94e9-09bad9cd99ba"",""service"":""df16bcd7-7927-4bbf-adf1-191ac3e92d21"",""deployment"":""9f2b543f-0b35-41bc-9cb5-d19bf9898c07"",""replica"":""1901484f-77af-4ab4-83ab-a08df9c439b6""}",2026-05-16T17:11:45.328463660Z
2026-05-16T17:11:45.345221Z 0 [Warning] [MY-012638] [InnoDB] Retry attempts for writing partial data failed.,error,"{""level"":""error""}","{""project"":""0ee5f251-6f6f-4df1-88b1-bb752a8a350b"",""environment"":""e0e44f1f-ec58-480e-94e9-09bad9cd99ba"",""service"":""df16bcd7-7927-4bbf-adf1-191ac3e92d21"",""deployment"":""9f2b543f-0b35-41bc-9cb5-d19bf9898c07"",""replica"":""1901484f-77af-4ab4-83ab-a08df9c439b6""}",2026-05-16T17:11:45.349138948Z
2026-05-16T17:11:45.345241Z 0 [ERROR] [MY-012888] [InnoDB] Cannot resize redo log file ./#innodb_redo/#ib_redo322_tmp to 3 MB (Failed to set size),error,"{""level"":""error""}","{""project"":""0ee5f251-6f6f-4df1-88b1-bb752a8a350b"",""environment"":""e0e44f1f-ec58-480e-94e9-09bad9cd99ba"",""service"":""df16bcd7-7927-4bbf-adf1-191ac3e92d21"",""deployment"":""9f2b543f-0b35-41bc-9cb5-d19bf9898c07"",""replica"":""1901484f-77af-4ab4-83ab-a08df9c439b6""}",2026-05-16T17:11:45.349143540Z
2026-05-16T17:11:45.362758Z 0 [Warning] [MY-012638] [InnoDB] Retry attempts for writing partial data failed.,error,"{""level"":""error""}","{""project"":""0ee5f251-6f6f-4df1-88b1-bb752a8a350b"",""environment"":""e0e44f1f-ec58-480e-94e9-09bad9cd99ba"",""service"":""df16bcd7-7927-4bbf-adf1-191ac3e92d21"",""deployment"":""9f2b543f-0b35-41bc-9cb5-d19bf9898c07"",""replica"":""1901484f-77af-4ab4-83ab-a08df9c439b6""}",2026-05-16T17:11:45.371528709Z
2026-05-16T17:11:45.362776Z 0 [ERROR] [MY-012888] [InnoDB] Cannot resize redo log file ./#innodb_redo/#ib_redo322_tmp to 3 MB (Failed to set size),error,"{""level"":""error""}","{""project"":""0ee5f251-6f6f-4df1-88b1-bb752a8a350b"",""environment"":""e0e44f1f-ec58-480e-94e9-09bad9cd99ba"",""service"":""df16bcd7-7927-4bbf-adf1-191ac3e92d21"",""deployment"":""9f2b543f-0b35-41bc-9cb5-d19bf9898c07"",""replica"":""1901484f-77af-4ab4-83ab-a08df9c439b6""}",2026-05-16T17:11:45.371534447Z
"2026-05-16T17:11:45.379130Z 0 [ERROR] [MY-012144] [InnoDB] posix_fallocate(): Failed to preallocate data for file ./railway/kpi_cache.ibd, desired size 16384 bytes. Operating system error number 28. Check that the disk is not full or a disk quota exceeded. Make sure the file system supports this function. Refer to your operating system documentation for operating system error code information.",error,"{""level"":""error""}","{""project"":""0ee5f251-6f6f-4df1-88b1-bb752a8a350b"",""environment"":""e0e44f1f-ec58-480e-94e9-09bad9cd99ba"",""service"":""df16bcd7-7927-4bbf-adf1-191ac3e92d21"",""deployment"":""9f2b543f-0b35-41bc-9cb5-d19bf9898c07"",""replica"":""1901484f-77af-4ab4-83ab-a08df9c439b6""}",2026-05-16T17:11:45.383803535Z
2026-05-16T17:11:45.379164Z 0 [Warning] [MY-012638] [InnoDB] Retry attempts for writing partial data failed.,error,"{""level"":""error""}","{""project"":""0ee5f251-6f6f-4df1-88b1-bb752a8a350b"",""environment"":""e0e44f1f-ec58-480e-94e9-09bad9cd99ba"",""service"":""df16bcd7-7927-4bbf-adf1-191ac3e92d21"",""deployment"":""9f2b543f-0b35-41bc-9cb5-d19bf9898c07"",""replica"":""1901484f-77af-4ab4-83ab-a08df9c439b6""}",2026-05-16T17:11:45.383808076Z
2026-05-16T17:11:45.379169Z 0 [Warning] [MY-012145] [InnoDB] Error while writing 16384 zeroes to ./railway/kpi_cache.ibd starting at offset 163840,error,"{""level"":""error""}","{""project"":""0ee5f251-6f6f-4df1-88b1-bb752a8a350b"",""environment"":""e0e44f1f-ec58-480e-94e9-09bad9cd99ba"",""service"":""df16bcd7-7927-4bbf-adf1-191ac3e92d21"",""deployment"":""9f2b543f-0b35-41bc-9cb5-d19bf9898c07"",""replica"":""1901484f-77af-4ab4-83ab-a08df9c439b6""}",2026-05-16T17:11:45.383811358Z
2026-05-16T17:11:45.379994Z 0 [Warning] [MY-012638] [InnoDB] Retry attempts for writing partial data failed.,error,"{""level"":""error""}","{""project"":""0ee5f251-6f6f-4df1-88b1-bb752a8a350b"",""environment"":""e0e44f1f-ec58-480e-94e9-09bad9cd99ba"",""service"":""df16bcd7-7927-4bbf-adf1-191ac3e92d21"",""deployment"":""9f2b543f-0b35-41bc-9cb5-d19bf9898c07"",""replica"":""1901484f-77af-4ab4-83ab-a08df9c439b6""}",2026-05-16T17:11:45.383814116Z
2026-05-16T17:11:45.380012Z 0 [ERROR] [MY-012888] [InnoDB] Cannot resize redo log file ./#innodb_redo/#ib_redo322_tmp to 3 MB (Failed to set size),error,"{""level"":""error""}","{""project"":""0ee5f251-6f6f-4df1-88b1-bb752a8a350b"",""environment"":""e0e44f1f-ec58-480e-94e9-09bad9cd99ba"",""service"":""df16bcd7-7927-4bbf-adf1-191ac3e92d21"",""deployment"":""9f2b543f-0b35-41bc-9cb5-d19bf9898c07"",""replica"":""1901484f-77af-4ab4-83ab-a08df9c439b6""}",2026-05-16T17:11:45.383816874Z
2026-05-16T17:11:45.397085Z 0 [Warning] [MY-012638] [InnoDB] Retry attempts for writing partial data failed.,error,"{""level"":""error""}","{""project"":""0ee5f251-6f6f-4df1-88b1-bb752a8a350b"",""environment"":""e0e44f1f-ec58-480e-94e9-09bad9cd99ba"",""service"":""df16bcd7-7927-4bbf-adf1-191ac3e92d21"",""deployment"":""9f2b543f-0b35-41bc-9cb5-d19bf9898c07"",""replica"":""1901484f-77af-4ab4-83ab-a08df9c439b6""}",2026-05-16T17:11:45.400606685Z
2026-05-16T17:11:45.397102Z 0 [ERROR] [MY-012888] [InnoDB] Cannot resize redo log file ./#innodb_redo/#ib_redo322_tmp to 3 MB (Failed to set size),error,"{""level"":""error""}","{""project"":""0ee5f251-6f6f-4df1-88b1-bb752a8a350b"",""environment"":""e0e44f1f-ec58-480e-94e9-09bad9cd99ba"",""service"":""df16bcd7-7927-4bbf-adf1-191ac3e92d21"",""deployment"":""9f2b543f-0b35-41bc-9cb5-d19bf9898c07"",""replica"":""1901484f-77af-4ab4-83ab-a08df9c439b6""}",2026-05-16T17:11:45.400612804Z
2026-05-16T17:11:45.413708Z 0 [Warning] [MY-012638] [InnoDB] Retry attempts for writing partial data failed.,error,"{""level"":""error""}","{""project"":""0ee5f251-6f6f-4df1-88b1-bb752a8a350b"",""environment"":""e0e44f1f-ec58-480e-94e9-09bad9cd99ba"",""service"":""df16bcd7-7927-4bbf-adf1-191ac3e92d21"",""deployment"":""9f2b543f-0b35-41bc-9cb5-d19bf9898c07"",""replica"":""1901484f-77af-4ab4-83ab-a08df9c439b6""}",2026-05-16T17:11:45.417589873Z
2026-05-16T17:11:45.413724Z 0 [ERROR] [MY-012888] [InnoDB] Cannot resize redo log file ./#innodb_redo/#ib_redo322_tmp to 3 MB (Failed to set size),error,"{""level"":""error""}","{""project"":""0ee5f251-6f6f-4df1-88b1-bb752a8a350b"",""environment"":""e0e44f1f-ec58-480e-94e9-09bad9cd99ba"",""service"":""df16bcd7-7927-4bbf-adf1-191ac3e92d21"",""deployment"":""9f2b543f-0b35-41bc-9cb5-d19bf9898c07"",""replica"":""1901484f-77af-4ab4-83ab-a08df9c439b6""}",2026-05-16T17:11:45.417596216Z
"2026-05-16T17:11:45.429881Z 0 [ERROR] [MY-012144] [InnoDB] posix_fallocate(): Failed to preallocate data for file ./railway/kpi_cache.ibd, desired size 16384 bytes. Operating system error number 28. Check that the disk is not full or a disk quota exceeded. Make sure the file system supports this function. Refer to your operating system documentation for operating system error code information.",error,"{""level"":""error""}","{""project"":""0ee5f251-6f6f-4df1-88b1-bb752a8a350b"",""environment"":""e0e44f1f-ec58-480e-94e9-09bad9cd99ba"",""service"":""df16bcd7-7927-4bbf-adf1-191ac3e92d21"",""deployment"":""9f2b543f-0b35-41bc-9cb5-d19bf9898c07"",""replica"":""1901484f-77af-4ab4-83ab-a08df9c439b6""}",2026-05-16T17:11:45.440566264Z
2026-05-16T17:11:45.429913Z 0 [Warning] [MY-012638] [InnoDB] Retry attempts for writing partial data failed.,error,"{""level"":""error""}","{""project"":""0ee5f251-6f6f-4df1-88b1-bb752a8a350b"",""environment"":""e0e44f1f-ec58-480e-94e9-09bad9cd99ba"",""service"":""df16bcd7-7927-4bbf-adf1-191ac3e92d21"",""deployment"":""9f2b543f-0b35-41bc-9cb5-d19bf9898c07"",""replica"":""1901484f-77af-4ab4-83ab-a08df9c439b6""}",2026-05-16T17:11:45.440571023Z
2026-05-16T17:11:45.429918Z 0 [Warning] [MY-012145] [InnoDB] Error while writing 16384 zeroes to ./railway/kpi_cache.ibd starting at offset 163840,error,"{""level"":""error""}","{""project"":""0ee5f251-6f6f-4df1-88b1-bb752a8a350b"",""environment"":""e0e44f1f-ec58-480e-94e9-09bad9cd99ba"",""service"":""df16bcd7-7927-4bbf-adf1-191ac3e92d21"",""deployment"":""9f2b543f-0b35-41bc-9cb5-d19bf9898c07"",""replica"":""1901484f-77af-4ab4-83ab-a08df9c439b6""}",2026-05-16T17:11:45.440574333Z
2026-05-16T17:11:45.430941Z 0 [Warning] [MY-012638] [InnoDB] Retry attempts for writing partial data failed.,error,"{""level"":""error""}","{""project"":""0ee5f251-6f6f-4df1-88b1-bb752a8a350b"",""environment"":""e0e44f1f-ec58-480e-94e9-09bad9cd99ba"",""service"":""df16bcd7-7927-4bbf-adf1-191ac3e92d21"",""deployment"":""9f2b543f-0b35-41bc-9cb5-d19bf9898c07"",""replica"":""1901484f-77af-4ab4-83ab-a08df9c439b6""}",2026-05-16T17:11:45.440577393Z
2026-05-16T17:11:45.430958Z 0 [ERROR] [MY-012888] [InnoDB] Cannot resize redo log file ./#innodb_redo/#ib_redo322_tmp to 3 MB (Failed to set size),error,"{""level"":""error""}","{""project"":""0ee5f251-6f6f-4df1-88b1-bb752a8a350b"",""environment"":""e0e44f1f-ec58-480e-94e9-09bad9cd99ba"",""service"":""df16bcd7-7927-4bbf-adf1-191ac3e92d21"",""deployment"":""9f2b543f-0b35-41bc-9cb5-d19bf9898c07"",""replica"":""1901484f-77af-4ab4-83ab-a08df9c439b6""}",2026-05-16T17:11:45.440584696Z
2026-05-16T17:11:45.447499Z 0 [Warning] [MY-012638] [InnoDB] Retry attempts for writing partial data failed.,error,"{""level"":""error""}","{""project"":""0ee5f251-6f6f-4df1-88b1-bb752a8a350b"",""environment"":""e0e44f1f-ec58-480e-94e9-09bad9cd99ba"",""service"":""df16bcd7-7927-4bbf-adf1-191ac3e92d21"",""deployment"":""9f2b543f-0b35-41bc-9cb5-d19bf9898c07"",""replica"":""1901484f-77af-4ab4-83ab-a08df9c439b6""}",2026-05-16T17:11:45.448639075Z
2026-05-16T17:11:45.447518Z 0 [ERROR] [MY-012888] [InnoDB] Cannot resize redo log file ./#innodb_redo/#ib_redo322_tmp to 3 MB (Failed to set size),error,"{""level"":""error""}","{""project"":""0ee5f251-6f6f-4df1-88b1-bb752a8a350b"",""environment"":""e0e44f1f-ec58-480e-94e9-09bad9cd99ba"",""service"":""df16bcd7-7927-4bbf-adf1-191ac3e92d21"",""deployment"":""9f2b543f-0b35-41bc-9cb5-d19bf9898c07"",""replica"":""1901484f-77af-4ab4-83ab-a08df9c439b6""}",2026-05-16T17:11:45.448643121Z
2026-05-16T17:11:45.464467Z 0 [Warning] [MY-012638] [InnoDB] Retry attempts for writing partial data failed.,error,"{""level"":""error""}","{""project"":""0ee5f251-6f6f-4df1-88b1-bb752a8a350b"",""environment"":""e0e44f1f-ec58-480e-94e9-09bad9cd99ba"",""service"":""df16bcd7-7927-4bbf-adf1-191ac3e92d21"",""deployment"":""9f2b543f-0b35-41bc-9cb5-d19bf9898c07"",""replica"":""1901484f-77af-4ab4-83ab-a08df9c439b6""}",2026-05-16T17:11:45.469091637Z
2026-05-16T17:11:45.464485Z 0 [ERROR] [MY-012888] [InnoDB] Cannot resize redo log file ./#innodb_redo/#ib_redo322_tmp to 3 MB (Failed to set size),error,"{""level"":""error""}","{""project"":""0ee5f251-6f6f-4df1-88b1-bb752a8a350b"",""environment"":""e0e44f1f-ec58-480e-94e9-09bad9cd99ba"",""service"":""df16bcd7-7927-4bbf-adf1-191ac3e92d21"",""deployment"":""9f2b543f-0b35-41bc-9cb5-d19bf9898c07"",""replica"":""1901484f-77af-4ab4-83ab-a08df9c439b6""}",2026-05-16T17:11:45.469097949Z
"2026-05-16T17:11:45.480846Z 0 [ERROR] [MY-012144] [InnoDB] posix_fallocate(): Failed to preallocate data for file ./railway/kpi_cache.ibd, desired size 16384 bytes. Operating system error number 28. Check that the disk is not full or a disk quota exceeded. Make sure the file system supports this function. Refer to your operating system documentation for operating system error code information.",error,"{""level"":""error""}","{""project"":""0ee5f251-6f6f-4df1-88b1-bb752a8a350b"",""environment"":""e0e44f1f-ec58-480e-94e9-09bad9cd99ba"",""service"":""df16bcd7-7927-4bbf-adf1-191ac3e92d21"",""deployment"":""9f2b543f-0b35-41bc-9cb5-d19bf9898c07"",""replica"":""1901484f-77af-4ab4-83ab-a08df9c439b6""}",2026-05-16T17:11:45.483847138Z
2026-05-16T17:11:45.480878Z 0 [Warning] [MY-012638] [InnoDB] Retry attempts for writing partial data failed.,error,"{""level"":""error""}","{""project"":""0ee5f251-6f6f-4df1-88b1-bb752a8a350b"",""environment"":""e0e44f1f-ec58-480e-94e9-09bad9cd99ba"",""service"":""df16bcd7-7927-4bbf-adf1-191ac3e92d21"",""deployment"":""9f2b543f-0b35-41bc-9cb5-d19bf9898c07"",""replica"":""1901484f-77af-4ab4-83ab-a08df9c439b6""}",2026-05-16T17:11:45.483850536Z
2026-05-16T17:11:45.480884Z 0 [Warning] [MY-012145] [InnoDB] Error while writing 16384 zeroes to ./railway/kpi_cache.ibd starting at offset 163840,error,"{""level"":""error""}","{""project"":""0ee5f251-6f6f-4df1-88b1-bb752a8a350b"",""environment"":""e0e44f1f-ec58-480e-94e9-09bad9cd99ba"",""service"":""df16bcd7-7927-4bbf-adf1-191ac3e92d21"",""deployment"":""9f2b543f-0b35-41bc-9cb5-d19bf9898c07"",""replica"":""1901484f-77af-4ab4-83ab-a08df9c439b6""}",2026-05-16T17:11:45.483853883Z
2026-05-16T17:11:45.481415Z 0 [Warning] [MY-012638] [InnoDB] Retry attempts for writing partial data failed.,error,"{""level"":""error""}","{""project"":""0ee5f251-6f6f-4df1-88b1-bb752a8a350b"",""environment"":""e0e44f1f-ec58-480e-94e9-09bad9cd99ba"",""service"":""df16bcd7-7927-4bbf-adf1-191ac3e92d21"",""deployment"":""9f2b543f-0b35-41bc-9cb5-d19bf9898c07"",""replica"":""1901484f-77af-4ab4-83ab-a08df9c439b6""}",2026-05-16T17:11:45.483856853Z
2026-05-16T17:11:45.481432Z 0 [ERROR] [MY-012888] [InnoDB] Cannot resize redo log file ./#innodb_redo/#ib_redo322_tmp to 3 MB (Failed to set size),error,"{""level"":""error""}","{""project"":""0ee5f251-6f6f-4df1-88b1-bb752a8a350b"",""environment"":""e0e44f1f-ec58-480e-94e9-09bad9cd99ba"",""service"":""df16bcd7-7927-4bbf-adf1-191ac3e92d21"",""deployment"":""9f2b543f-0b35-41bc-9cb5-d19bf9898c07"",""replica"":""1901484f-77af-4ab4-83ab-a08df9c439b6""}",2026-05-16T17:11:45.483859585Z
2026-05-16T17:11:45.499967Z 0 [Warning] [MY-012638] [InnoDB] Retry attempts for writing partial data failed.,error,"{""level"":""error""}","{""project"":""0ee5f251-6f6f-4df1-88b1-bb752a8a350b"",""environment"":""e0e44f1f-ec58-480e-94e9-09bad9cd99ba"",""service"":""df16bcd7-7927-4bbf-adf1-191ac3e92d21"",""deployment"":""9f2b543f-0b35-41bc-9cb5-d19bf9898c07"",""replica"":""1901484f-77af-4ab4-83ab-a08df9c439b6""}",2026-05-16T17:11:45.502213395Z
2026-05-16T17:11:45.499986Z 0 [ERROR] [MY-012888] [InnoDB] Cannot resize redo log file ./#innodb_redo/#ib_redo322_tmp to 3 MB (Failed to set size),error,"{""level"":""error""}","{""project"":""0ee5f251-6f6f-4df1-88b1-bb752a8a350b"",""environment"":""e0e44f1f-ec58-480e-94e9-09bad9cd99ba"",""service"":""df16bcd7-7927-4bbf-adf1-191ac3e92d21"",""deployment"":""9f2b543f-0b35-41bc-9cb5-d19bf9898c07"",""replica"":""1901484f-77af-4ab4-83ab-a08df9c439b6""}",2026-05-16T17:11:45.502220865Z
2026-05-16T17:11:45.517060Z 0 [Warning] [MY-012638] [InnoDB] Retry attempts for writing partial data failed.,error,"{""level"":""error""}","{""project"":""0ee5f251-6f6f-4df1-88b1-bb752a8a350b"",""environment"":""e0e44f1f-ec58-480e-94e9-09bad9cd99ba"",""service"":""df16bcd7-7927-4bbf-adf1-191ac3e92d21"",""deployment"":""9f2b543f-0b35-41bc-9cb5-d19bf9898c07"",""replica"":""1901484f-77af-4ab4-83ab-a08df9c439b6""}",2026-05-16T17:11:45.525203366Z
2026-05-16T17:11:45.517078Z 0 [ERROR] [MY-012888] [InnoDB] Cannot resize redo log file ./#innodb_redo/#ib_redo322_tmp to 3 MB (Failed to set size),error,"{""level"":""error""}","{""project"":""0ee5f251-6f6f-4df1-88b1-bb752a8a350b"",""environment"":""e0e44f1f-ec58-480e-94e9-09bad9cd99ba"",""service"":""df16bcd7-7927-4bbf-adf1-191ac3e92d21"",""deployment"":""9f2b543f-0b35-41bc-9cb5-d19bf9898c07"",""replica"":""1901484f-77af-4ab4-83ab-a08df9c439b6""}",2026-05-16T17:11:45.525212449Z
"2026-05-16T17:11:45.531305Z 0 [ERROR] [MY-012144] [InnoDB] posix_fallocate(): Failed to preallocate data for file ./railway/kpi_cache.ibd, desired size 16384 bytes. Operating system error number 28. Check that the disk is not full or a disk quota exceeded. Make sure the file system supports this function. Refer to your operating system documentation for operating system error code information.",error,"{""level"":""error""}","{""project"":""0ee5f251-6f6f-4df1-88b1-bb752a8a350b"",""environment"":""e0e44f1f-ec58-480e-94e9-09bad9cd99ba"",""service"":""df16bcd7-7927-4bbf-adf1-191ac3e92d21"",""deployment"":""9f2b543f-0b35-41bc-9cb5-d19bf9898c07"",""replica"":""1901484f-77af-4ab4-83ab-a08df9c439b6""}",2026-05-16T17:11:45.534277216Z
2026-05-16T17:11:45.531338Z 0 [Warning] [MY-012638] [InnoDB] Retry attempts for writing partial data failed.,error,"{""level"":""error""}","{""project"":""0ee5f251-6f6f-4df1-88b1-bb752a8a350b"",""environment"":""e0e44f1f-ec58-480e-94e9-09bad9cd99ba"",""service"":""df16bcd7-7927-4bbf-adf1-191ac3e92d21"",""deployment"":""9f2b543f-0b35-41bc-9cb5-d19bf9898c07"",""replica"":""1901484f-77af-4ab4-83ab-a08df9c439b6""}",2026-05-16T17:11:45.534284221Z
2026-05-16T17:11:45.531343Z 0 [Warning] [MY-012145] [InnoDB] Error while writing 16384 zeroes to ./railway/kpi_cache.ibd starting at offset 163840,error,"{""level"":""error""}","{""project"":""0ee5f251-6f6f-4df1-88b1-bb752a8a350b"",""environment"":""e0e44f1f-ec58-480e-94e9-09bad9cd99ba"",""service"":""df16bcd7-7927-4bbf-adf1-191ac3e92d21"",""deployment"":""9f2b543f-0b35-41bc-9cb5-d19bf9898c07"",""replica"":""1901484f-77af-4ab4-83ab-a08df9c439b6""}",2026-05-16T17:11:45.534289035Z
2026-05-16T17:11:45.535814Z 0 [Warning] [MY-012638] [InnoDB] Retry attempts for writing partial data failed.,error,"{""level"":""error""}","{""project"":""0ee5f251-6f6f-4df1-88b1-bb752a8a350b"",""environment"":""e0e44f1f-ec58-480e-94e9-09bad9cd99ba"",""service"":""df16bcd7-7927-4bbf-adf1-191ac3e92d21"",""deployment"":""9f2b543f-0b35-41bc-9cb5-d19bf9898c07"",""replica"":""1901484f-77af-4ab4-83ab-a08df9c439b6""}",2026-05-16T17:11:45.540212616Z
2026-05-16T17:11:45.535831Z 0 [ERROR] [MY-012888] [InnoDB] Cannot resize redo log file ./#innodb_redo/#ib_redo322_tmp to 3 MB (Failed to set size),error,"{""level"":""error""}","{""project"":""0ee5f251-6f6f-4df1-88b1-bb752a8a350b"",""environment"":""e0e44f1f-ec58-480e-94e9-09bad9cd99ba"",""service"":""df16bcd7-7927-4bbf-adf1-191ac3e92d21"",""deployment"":""9f2b543f-0b35-41bc-9cb5-d19bf9898c07"",""replica"":""1901484f-77af-4ab4-83ab-a08df9c439b6""}",2026-05-16T17:11:45.540218791Z
2026-05-16T17:11:45.553266Z 0 [Warning] [MY-012638] [InnoDB] Retry attempts for writing partial data failed.,error,"{""level"":""error""}","{""project"":""0ee5f251-6f6f-4df1-88b1-bb752a8a350b"",""environment"":""e0e44f1f-ec58-480e-94e9-09bad9cd99ba"",""service"":""df16bcd7-7927-4bbf-adf1-191ac3e92d21"",""deployment"":""9f2b543f-0b35-41bc-9cb5-d19bf9898c07"",""replica"":""1901484f-77af-4ab4-83ab-a08df9c439b6""}",2026-05-16T17:11:45.556874297Z
2026-05-16T17:11:45.553283Z 0 [ERROR] [MY-012888] [InnoDB] Cannot resize redo log file ./#innodb_redo/#ib_redo322_tmp to 3 MB (Failed to set size),error,"{""level"":""error""}","{""project"":""0ee5f251-6f6f-4df1-88b1-bb752a8a350b"",""environment"":""e0e44f1f-ec58-480e-94e9-09bad9cd99ba"",""service"":""df16bcd7-7927-4bbf-adf1-191ac3e92d21"",""deployment"":""9f2b543f-0b35-41bc-9cb5-d19bf9898c07"",""replica"":""1901484f-77af-4ab4-83ab-a08df9c439b6""}",2026-05-16T17:11:45.556878595Z
2026-05-16T17:11:45.570807Z 0 [Warning] [MY-012638] [InnoDB] Retry attempts for writing partial data failed.,error,"{""level"":""error""}","{""project"":""0ee5f251-6f6f-4df1-88b1-bb752a8a350b"",""environment"":""e0e44f1f-ec58-480e-94e9-09bad9cd99ba"",""service"":""df16bcd7-7927-4bbf-adf1-191ac3e92d21"",""deployment"":""9f2b543f-0b35-41bc-9cb5-d19bf9898c07"",""replica"":""1901484f-77af-4ab4-83ab-a08df9c439b6""}",2026-05-16T17:11:45.571400959Z
2026-05-16T17:11:45.570824Z 0 [ERROR] [MY-012888] [InnoDB] Cannot resize redo log file ./#innodb_redo/#ib_redo322_tmp to 3 MB (Failed to set size),error,"{""level"":""error""}","{""project"":""0ee5f251-6f6f-4df1-88b1-bb752a8a350b"",""environment"":""e0e44f1f-ec58-480e-94e9-09bad9cd99ba"",""service"":""df16bcd7-7927-4bbf-adf1-191ac3e92d21"",""deployment"":""9f2b543f-0b35-41bc-9cb5-d19bf9898c07"",""replica"":""1901484f-77af-4ab4-83ab-a08df9c439b6""}",2026-05-16T17:11:45.571405449Z
"2026-05-16T17:11:45.581492Z 0 [ERROR] [MY-012144] [InnoDB] posix_fallocate(): Failed to preallocate data for file ./railway/kpi_cache.ibd, desired size 16384 bytes. Operating system error number 28. Check that the disk is not full or a disk quota exceeded. Make sure the file system supports this function. Refer to your operating system documentation for operating system error code information.",error,"{""level"":""error""}","{""project"":""0ee5f251-6f6f-4df1-88b1-bb752a8a350b"",""environment"":""e0e44f1f-ec58-480e-94e9-09bad9cd99ba"",""service"":""df16bcd7-7927-4bbf-adf1-191ac3e92d21"",""deployment"":""9f2b543f-0b35-41bc-9cb5-d19bf9898c07"",""replica"":""1901484f-77af-4ab4-83ab-a08df9c439b6""}",2026-05-16T17:11:45.583834072Z
2026-05-16T17:11:45.581533Z 0 [Warning] [MY-012638] [InnoDB] Retry attempts for writing partial data failed.,error,"{""level"":""error""}","{""project"":""0ee5f251-6f6f-4df1-88b1-bb752a8a350b"",""environment"":""e0e44f1f-ec58-480e-94e9-09bad9cd99ba"",""service"":""df16bcd7-7927-4bbf-adf1-191ac3e92d21"",""deployment"":""9f2b543f-0b35-41bc-9cb5-d19bf9898c07"",""replica"":""1901484f-77af-4ab4-83ab-a08df9c439b6""}",2026-05-16T17:11:45.583839348Z
2026-05-16T17:11:45.581539Z 0 [Warning] [MY-012145] [InnoDB] Error while writing 16384 zeroes to ./railway/kpi_cache.ibd starting at offset 163840,error,"{""level"":""error""}","{""project"":""0ee5f251-6f6f-4df1-88b1-bb752a8a350b"",""environment"":""e0e44f1f-ec58-480e-94e9-09bad9cd99ba"",""service"":""df16bcd7-7927-4bbf-adf1-191ac3e92d21"",""deployment"":""9f2b543f-0b35-41bc-9cb5-d19bf9898c07"",""replica"":""1901484f-77af-4ab4-83ab-a08df9c439b6""}",2026-05-16T17:11:45.583842576Z
2026-05-16T17:11:45.588754Z 0 [Warning] [MY-012638] [InnoDB] Retry attempts for writing partial data failed.,error,"{""level"":""error""}","{""project"":""0ee5f251-6f6f-4df1-88b1-bb752a8a350b"",""environment"":""e0e44f1f-ec58-480e-94e9-09bad9cd99ba"",""service"":""df16bcd7-7927-4bbf-adf1-191ac3e92d21"",""deployment"":""9f2b543f-0b35-41bc-9cb5-d19bf9898c07"",""replica"":""1901484f-77af-4ab4-83ab-a08df9c439b6""}",2026-05-16T17:11:45.589719869Z
2026-05-16T17:11:45.588770Z 0 [ERROR] [MY-012888] [InnoDB] Cannot resize redo log file ./#innodb_redo/#ib_redo322_tmp to 3 MB (Failed to set size),error,"{""level"":""error""}","{""project"":""0ee5f251-6f6f-4df1-88b1-bb752a8a350b"",""environment"":""e0e44f1f-ec58-480e-94e9-09bad9cd99ba"",""service"":""df16bcd7-7927-4bbf-adf1-191ac3e92d21"",""deployment"":""9f2b543f-0b35-41bc-9cb5-d19bf9898c07"",""replica"":""1901484f-77af-4ab4-83ab-a08df9c439b6""}",2026-05-16T17:11:45.589726128Z
2026-05-16T17:11:45.605166Z 0 [Warning] [MY-012638] [InnoDB] Retry attempts for writing partial data failed.,error,"{""level"":""error""}","{""project"":""0ee5f251-6f6f-4df1-88b1-bb752a8a350b"",""environment"":""e0e44f1f-ec58-480e-94e9-09bad9cd99ba"",""service"":""df16bcd7-7927-4bbf-adf1-191ac3e92d21"",""deployment"":""9f2b543f-0b35-41bc-9cb5-d19bf9898c07"",""replica"":""1901484f-77af-4ab4-83ab-a08df9c439b6""}",2026-05-16T17:11:45.613269503Z
2026-05-16T17:11:45.605183Z 0 [ERROR] [MY-012888] [InnoDB] Cannot resize redo log file ./#innodb_redo/#ib_redo322_tmp to 3 MB (Failed to set size),error,"{""level"":""error""}","{""project"":""0ee5f251-6f6f-4df1-88b1-bb752a8a350b"",""environment"":""e0e44f1f-ec58-480e-94e9-09bad9cd99ba"",""service"":""df16bcd7-7927-4bbf-adf1-191ac3e92d21"",""deployment"":""9f2b543f-0b35-41bc-9cb5-d19bf9898c07"",""replica"":""1901484f-77af-4ab4-83ab-a08df9c439b6""}",2026-05-16T17:11:45.613274544Z
2026-05-16T17:11:45.621505Z 0 [Warning] [MY-012638] [InnoDB] Retry attempts for writing partial data failed.,error,"{""level"":""error""}","{""project"":""0ee5f251-6f6f-4df1-88b1-bb752a8a350b"",""environment"":""e0e44f1f-ec58-480e-94e9-09bad9cd99ba"",""service"":""df16bcd7-7927-4bbf-adf1-191ac3e92d21"",""deployment"":""9f2b543f-0b35-41bc-9cb5-d19bf9898c07"",""replica"":""1901484f-77af-4ab4-83ab-a08df9c439b6""}",2026-05-16T17:11:45.623737352Z
2026-05-16T17:11:45.621524Z 0 [ERROR] [MY-012888] [InnoDB] Cannot resize redo log file ./#innodb_redo/#ib_redo322_tmp to 3 MB (Failed to set size),error,"{""level"":""error""}","{""project"":""0ee5f251-6f6f-4df1-88b1-bb752a8a350b"",""environment"":""e0e44f1f-ec58-480e-94e9-09bad9cd99ba"",""service"":""df16bcd7-7927-4bbf-adf1-191ac3e92d21"",""deployment"":""9f2b543f-0b35-41bc-9cb5-d19bf9898c07"",""replica"":""1901484f-77af-4ab4-83ab-a08df9c439b6""}",2026-05-16T17:11:45.623741945Z
"2026-05-16T17:11:45.631702Z 0 [ERROR] [MY-012144] [InnoDB] posix_fallocate(): Failed to preallocate data for file ./railway/kpi_cache.ibd, desired size 16384 bytes. Operating system error number 28. Check that the disk is not full or a disk quota exceeded. Make sure the file system supports this function. Refer to your operating system documentation for operating system error code information.",error,"{""level"":""error""}","{""project"":""0ee5f251-6f6f-4df1-88b1-bb752a8a350b"",""environment"":""e0e44f1f-ec58-480e-94e9-09bad9cd99ba"",""service"":""df16bcd7-7927-4bbf-adf1-191ac3e92d21"",""deployment"":""9f2b543f-0b35-41bc-9cb5-d19bf9898c07"",""replica"":""1901484f-77af-4ab4-83ab-a08df9c439b6""}",2026-05-16T17:11:45.635981952Z
2026-05-16T17:11:45.631733Z 0 [Warning] [MY-012638] [InnoDB] Retry attempts for writing partial data failed.,error,"{""level"":""error""}","{""project"":""0ee5f251-6f6f-4df1-88b1-bb752a8a350b"",""environment"":""e0e44f1f-ec58-480e-94e9-09bad9cd99ba"",""service"":""df16bcd7-7927-4bbf-adf1-191ac3e92d21"",""deployment"":""9f2b543f-0b35-41bc-9cb5-d19bf9898c07"",""replica"":""1901484f-77af-4ab4-83ab-a08df9c439b6""}",2026-05-16T17:11:45.635986426Z
2026-05-16T17:11:45.631738Z 0 [Warning] [MY-012145] [InnoDB] Error while writing 16384 zeroes to ./railway/kpi_cache.ibd starting at offset 163840,error,"{""level"":""error""}","{""project"":""0ee5f251-6f6f-4df1-88b1-bb752a8a350b"",""environment"":""e0e44f1f-ec58-480e-94e9-09bad9cd99ba"",""service"":""df16bcd7-7927-4bbf-adf1-191ac3e92d21"",""deployment"":""9f2b543f-0b35-41bc-9cb5-d19bf9898c07"",""replica"":""1901484f-77af-4ab4-83ab-a08df9c439b6""}",2026-05-16T17:11:45.635989857Z
2026-05-16T17:11:45.638078Z 0 [Warning] [MY-012638] [InnoDB] Retry attempts for writing partial data failed.,error,"{""level"":""error""}","{""project"":""0ee5f251-6f6f-4df1-88b1-bb752a8a350b"",""environment"":""e0e44f1f-ec58-480e-94e9-09bad9cd99ba"",""service"":""df16bcd7-7927-4bbf-adf1-191ac3e92d21"",""deployment"":""9f2b543f-0b35-41bc-9cb5-d19bf9898c07"",""replica"":""1901484f-77af-4ab4-83ab-a08df9c439b6""}",2026-05-16T17:11:45.641642605Z
2026-05-16T17:11:45.638094Z 0 [ERROR] [MY-012888] [InnoDB] Cannot resize redo log file ./#innodb_redo/#ib_redo322_tmp to 3 MB (Failed to set size),error,"{""level"":""error""}","{""project"":""0ee5f251-6f6f-4df1-88b1-bb752a8a350b"",""environment"":""e0e44f1f-ec58-480e-94e9-09bad9cd99ba"",""service"":""df16bcd7-7927-4bbf-adf1-191ac3e92d21"",""deployment"":""9f2b543f-0b35-41bc-9cb5-d19bf9898c07"",""replica"":""1901484f-77af-4ab4-83ab-a08df9c439b6""}",2026-05-16T17:11:45.641648508Z
2026-05-16T17:11:45.654758Z 0 [Warning] [MY-012638] [InnoDB] Retry attempts for writing partial data failed.,error,"{""level"":""error""}","{""project"":""0ee5f251-6f6f-4df1-88b1-bb752a8a350b"",""environment"":""e0e44f1f-ec58-480e-94e9-09bad9cd99ba"",""service"":""df16bcd7-7927-4bbf-adf1-191ac3e92d21"",""deployment"":""9f2b543f-0b35-41bc-9cb5-d19bf9898c07"",""replica"":""1901484f-77af-4ab4-83ab-a08df9c439b6""}",2026-05-16T17:11:45.655731516Z
2026-05-16T17:11:45.654774Z 0 [ERROR] [MY-012888] [InnoDB] Cannot resize redo log file ./#innodb_redo/#ib_redo322_tmp to 3 MB (Failed to set size),error,"{""level"":""error""}","{""project"":""0ee5f251-6f6f-4df1-88b1-bb752a8a350b"",""environment"":""e0e44f1f-ec58-480e-94e9-09bad9cd99ba"",""service"":""df16bcd7-7927-4bbf-adf1-191ac3e92d21"",""deployment"":""9f2b543f-0b35-41bc-9cb5-d19bf9898c07"",""replica"":""1901484f-77af-4ab4-83ab-a08df9c439b6""}",2026-05-16T17:11:45.655735904Z
2026-05-16T17:11:45.672095Z 0 [Warning] [MY-012638] [InnoDB] Retry attempts for writing partial data failed.,error,"{""level"":""error""}","{""project"":""0ee5f251-6f6f-4df1-88b1-bb752a8a350b"",""environment"":""e0e44f1f-ec58-480e-94e9-09bad9cd99ba"",""service"":""df16bcd7-7927-4bbf-adf1-191ac3e92d21"",""deployment"":""9f2b543f-0b35-41bc-9cb5-d19bf9898c07"",""replica"":""1901484f-77af-4ab4-83ab-a08df9c439b6""}",2026-05-16T17:11:45.675318944Z
2026-05-16T17:11:45.672110Z 0 [ERROR] [MY-012888] [InnoDB] Cannot resize redo log file ./#innodb_redo/#ib_redo322_tmp to 3 MB (Failed to set size),error,"{""level"":""error""}","{""project"":""0ee5f251-6f6f-4df1-88b1-bb752a8a350b"",""environment"":""e0e44f1f-ec58-480e-94e9-09bad9cd99ba"",""service"":""df16bcd7-7927-4bbf-adf1-191ac3e92d21"",""deployment"":""9f2b543f-0b35-41bc-9cb5-d19bf9898c07"",""replica"":""1901484f-77af-4ab4-83ab-a08df9c439b6""}",2026-05-16T17:11:45.675324111Z
"2026-05-16T17:11:45.681898Z 0 [ERROR] [MY-012144] [InnoDB] posix_fallocate(): Failed to preallocate data for file ./railway/kpi_cache.ibd, desired size 16384 bytes. Operating system error number 28. Check that the disk is not full or a disk quota exceeded. Make sure the file system supports this function. Refer to your operating system documentation for operating system error code information.",error,"{""level"":""error""}","{""project"":""0ee5f251-6f6f-4df1-88b1-bb752a8a350b"",""environment"":""e0e44f1f-ec58-480e-94e9-09bad9cd99ba"",""service"":""df16bcd7-7927-4bbf-adf1-191ac3e92d21"",""deployment"":""9f2b543f-0b35-41bc-9cb5-d19bf9898c07"",""replica"":""1901484f-77af-4ab4-83ab-a08df9c439b6""}",2026-05-16T17:11:45.682839689Z
2026-05-16T17:11:45.681934Z 0 [Warning] [MY-012638] [InnoDB] Retry attempts for writing partial data failed.,error,"{""level"":""error""}","{""project"":""0ee5f251-6f6f-4df1-88b1-bb752a8a350b"",""environment"":""e0e44f1f-ec58-480e-94e9-09bad9cd99ba"",""service"":""df16bcd7-7927-4bbf-adf1-191ac3e92d21"",""deployment"":""9f2b543f-0b35-41bc-9cb5-d19bf9898c07"",""replica"":""1901484f-77af-4ab4-83ab-a08df9c439b6""}",2026-05-16T17:11:45.682845197Z
2026-05-16T17:11:45.681939Z 0 [Warning] [MY-012145] [InnoDB] Error while writing 16384 zeroes to ./railway/kpi_cache.ibd starting at offset 163840,error,"{""level"":""error""}","{""project"":""0ee5f251-6f6f-4df1-88b1-bb752a8a350b"",""environment"":""e0e44f1f-ec58-480e-94e9-09bad9cd99ba"",""service"":""df16bcd7-7927-4bbf-adf1-191ac3e92d21"",""deployment"":""9f2b543f-0b35-41bc-9cb5-d19bf9898c07"",""replica"":""1901484f-77af-4ab4-83ab-a08df9c439b6""}",2026-05-16T17:11:45.682848612Z
2026-05-16T17:11:45.689243Z 0 [Warning] [MY-012638] [InnoDB] Retry attempts for writing partial data failed.,error,"{""level"":""error""}","{""project"":""0ee5f251-6f6f-4df1-88b1-bb752a8a350b"",""environment"":""e0e44f1f-ec58-480e-94e9-09bad9cd99ba"",""service"":""df16bcd7-7927-4bbf-adf1-191ac3e92d21"",""deployment"":""9f2b543f-0b35-41bc-9cb5-d19bf9898c07"",""replica"":""1901484f-77af-4ab4-83ab-a08df9c439b6""}",2026-05-16T17:11:45.694988965Z
2026-05-16T17:11:45.689263Z 0 [ERROR] [MY-012888] [InnoDB] Cannot resize redo log file ./#innodb_redo/#ib_redo322_tmp to 3 MB (Failed to set size),error,"{""level"":""error""}","{""project"":""0ee5f251-6f6f-4df1-88b1-bb752a8a350b"",""environment"":""e0e44f1f-ec58-480e-94e9-09bad9cd99ba"",""service"":""df16bcd7-7927-4bbf-adf1-191ac3e92d21"",""deployment"":""9f2b543f-0b35-41bc-9cb5-d19bf9898c07"",""replica"":""1901484f-77af-4ab4-83ab-a08df9c439b6""}",2026-05-16T17:11:45.694995999Z
2026-05-16T17:11:45.706453Z 0 [Warning] [MY-012638] [InnoDB] Retry attempts for writing partial data failed.,error,"{""level"":""error""}","{""project"":""0ee5f251-6f6f-4df1-88b1-bb752a8a350b"",""environment"":""e0e44f1f-ec58-480e-94e9-09bad9cd99ba"",""service"":""df16bcd7-7927-4bbf-adf1-191ac3e92d21"",""deployment"":""9f2b543f-0b35-41bc-9cb5-d19bf9898c07"",""replica"":""1901484f-77af-4ab4-83ab-a08df9c439b6""}",2026-05-16T17:11:45.706987465Z
2026-05-16T17:11:45.706470Z 0 [ERROR] [MY-012888] [InnoDB] Cannot resize redo log file ./#innodb_redo/#ib_redo322_tmp to 3 MB (Failed to set size),error,"{""level"":""error""}","{""project"":""0ee5f251-6f6f-4df1-88b1-bb752a8a350b"",""environment"":""e0e44f1f-ec58-480e-94e9-09bad9cd99ba"",""service"":""df16bcd7-7927-4bbf-adf1-191ac3e92d21"",""deployment"":""9f2b543f-0b35-41bc-9cb5-d19bf9898c07"",""replica"":""1901484f-77af-4ab4-83ab-a08df9c439b6""}",2026-05-16T17:11:45.706992099Z
2026-05-16T17:11:45.724410Z 0 [Warning] [MY-012638] [InnoDB] Retry attempts for writing partial data failed.,error,"{""level"":""error""}","{""project"":""0ee5f251-6f6f-4df1-88b1-bb752a8a350b"",""environment"":""e0e44f1f-ec58-480e-94e9-09bad9cd99ba"",""service"":""df16bcd7-7927-4bbf-adf1-191ac3e92d21"",""deployment"":""9f2b543f-0b35-41bc-9cb5-d19bf9898c07"",""replica"":""1901484f-77af-4ab4-83ab-a08df9c439b6""}",2026-05-16T17:11:45.729004556Z
2026-05-16T17:11:45.724428Z 0 [ERROR] [MY-012888] [InnoDB] Cannot resize redo log file ./#innodb_redo/#ib_redo322_tmp to 3 MB (Failed to set size),error,"{""level"":""error""}","{""project"":""0ee5f251-6f6f-4df1-88b1-bb752a8a350b"",""environment"":""e0e44f1f-ec58-480e-94e9-09bad9cd99ba"",""service"":""df16bcd7-7927-4bbf-adf1-191ac3e92d21"",""deployment"":""9f2b543f-0b35-41bc-9cb5-d19bf9898c07"",""replica"":""1901484f-77af-4ab4-83ab-a08df9c439b6""}",2026-05-16T17:11:45.729007802Z
"2026-05-16T17:11:45.732117Z 0 [ERROR] [MY-012144] [InnoDB] posix_fallocate(): Failed to preallocate data for file ./railway/kpi_cache.ibd, desired size 16384 bytes. Operating system error number 28. Check that the disk is not full or a disk quota exceeded. Make sure the file system supports this function. Refer to your operating system documentation for operating system error code information.",error,"{""level"":""error""}","{""project"":""0ee5f251-6f6f-4df1-88b1-bb752a8a350b"",""environment"":""e0e44f1f-ec58-480e-94e9-09bad9cd99ba"",""service"":""df16bcd7-7927-4bbf-adf1-191ac3e92d21"",""deployment"":""9f2b543f-0b35-41bc-9cb5-d19bf9898c07"",""replica"":""1901484f-77af-4ab4-83ab-a08df9c439b6""}",2026-05-16T17:11:45.734014004Z
2026-05-16T17:11:45.732156Z 0 [Warning] [MY-012638] [InnoDB] Retry attempts for writing partial data failed.,error,"{""level"":""error""}","{""project"":""0ee5f251-6f6f-4df1-88b1-bb752a8a350b"",""environment"":""e0e44f1f-ec58-480e-94e9-09bad9cd99ba"",""service"":""df16bcd7-7927-4bbf-adf1-191ac3e92d21"",""deployment"":""9f2b543f-0b35-41bc-9cb5-d19bf9898c07"",""replica"":""1901484f-77af-4ab4-83ab-a08df9c439b6""}",2026-05-16T17:11:45.734019090Z
2026-05-16T17:11:45.732163Z 0 [Warning] [MY-012145] [InnoDB] Error while writing 16384 zeroes to ./railway/kpi_cache.ibd starting at offset 163840,error,"{""level"":""error""}","{""project"":""0ee5f251-6f6f-4df1-88b1-bb752a8a350b"",""environment"":""e0e44f1f-ec58-480e-94e9-09bad9cd99ba"",""service"":""df16bcd7-7927-4bbf-adf1-191ac3e92d21"",""deployment"":""9f2b543f-0b35-41bc-9cb5-d19bf9898c07"",""replica"":""1901484f-77af-4ab4-83ab-a08df9c439b6""}",2026-05-16T17:11:45.734022820Z
2026-05-16T17:11:45.741902Z 0 [Warning] [MY-012638] [InnoDB] Retry attempts for writing partial data failed.,error,"{""level"":""error""}","{""project"":""0ee5f251-6f6f-4df1-88b1-bb752a8a350b"",""environment"":""e0e44f1f-ec58-480e-94e9-09bad9cd99ba"",""service"":""df16bcd7-7927-4bbf-adf1-191ac3e92d21"",""deployment"":""9f2b543f-0b35-41bc-9cb5-d19bf9898c07"",""replica"":""1901484f-77af-4ab4-83ab-a08df9c439b6""}",2026-05-16T17:11:45.746789804Z
2026-05-16T17:11:45.741918Z 0 [ERROR] [MY-012888] [InnoDB] Cannot resize redo log file ./#innodb_redo/#ib_redo322_tmp to 3 MB (Failed to set size),error,"{""level"":""error""}","{""project"":""0ee5f251-6f6f-4df1-88b1-bb752a8a350b"",""environment"":""e0e44f1f-ec58-480e-94e9-09bad9cd99ba"",""service"":""df16bcd7-7927-4bbf-adf1-191ac3e92d21"",""deployment"":""9f2b543f-0b35-41bc-9cb5-d19bf9898c07"",""replica"":""1901484f-77af-4ab4-83ab-a08df9c439b6""}",2026-05-16T17:11:45.746795599Z
2026-05-16T17:11:45.759222Z 0 [Warning] [MY-012638] [InnoDB] Retry attempts for writing partial data failed.,error,"{""level"":""error""}","{""project"":""0ee5f251-6f6f-4df1-88b1-bb752a8a350b"",""environment"":""e0e44f1f-ec58-480e-94e9-09bad9cd99ba"",""service"":""df16bcd7-7927-4bbf-adf1-191ac3e92d21"",""deployment"":""9f2b543f-0b35-41bc-9cb5-d19bf9898c07"",""replica"":""1901484f-77af-4ab4-83ab-a08df9c439b6""}",2026-05-16T17:11:45.769834193Z
2026-05-16T17:11:45.759239Z 0 [ERROR] [MY-012888] [InnoDB] Cannot resize redo log file ./#innodb_redo/#ib_redo322_tmp to 3 MB (Failed to set size),error,"{""level"":""error""}","{""project"":""0ee5f251-6f6f-4df1-88b1-bb752a8a350b"",""environment"":""e0e44f1f-ec58-480e-94e9-09bad9cd99ba"",""service"":""df16bcd7-7927-4bbf-adf1-191ac3e92d21"",""deployment"":""9f2b543f-0b35-41bc-9cb5-d19bf9898c07"",""replica"":""1901484f-77af-4ab4-83ab-a08df9c439b6""}",2026-05-16T17:11:45.769841153Z
2026-05-16T17:11:45.776051Z 0 [Warning] [MY-012638] [InnoDB] Retry attempts for writing partial data failed.,error,"{""level"":""error""}","{""project"":""0ee5f251-6f6f-4df1-88b1-bb752a8a350b"",""environment"":""e0e44f1f-ec58-480e-94e9-09bad9cd99ba"",""service"":""df16bcd7-7927-4bbf-adf1-191ac3e92d21"",""deployment"":""9f2b543f-0b35-41bc-9cb5-d19bf9898c07"",""replica"":""1901484f-77af-4ab4-83ab-a08df9c439b6""}",2026-05-16T17:11:45.778088284Z
2026-05-16T17:11:45.776067Z 0 [ERROR] [MY-012888] [InnoDB] Cannot resize redo log file ./#innodb_redo/#ib_redo322_tmp to 3 MB (Failed to set size),error,"{""level"":""error""}","{""project"":""0ee5f251-6f6f-4df1-88b1-bb752a8a350b"",""environment"":""e0e44f1f-ec58-480e-94e9-09bad9cd99ba"",""service"":""df16bcd7-7927-4bbf-adf1-191ac3e92d21"",""deployment"":""9f2b543f-0b35-41bc-9cb5-d19bf9898c07"",""replica"":""1901484f-77af-4ab4-83ab-a08df9c439b6""}",2026-05-16T17:11:45.778093013Z
"2026-05-16T17:11:45.782345Z 0 [ERROR] [MY-012144] [InnoDB] posix_fallocate(): Failed to preallocate data for file ./railway/kpi_cache.ibd, desired size 16384 bytes. Operating system error number 28. Check that the disk is not full or a disk quota exceeded. Make sure the file system supports this function. Refer to your operating system documentation for operating system error code information.",error,"{""level"":""error""}","{""project"":""0ee5f251-6f6f-4df1-88b1-bb752a8a350b"",""environment"":""e0e44f1f-ec58-480e-94e9-09bad9cd99ba"",""service"":""df16bcd7-7927-4bbf-adf1-191ac3e92d21"",""deployment"":""9f2b543f-0b35-41bc-9cb5-d19bf9898c07"",""replica"":""1901484f-77af-4ab4-83ab-a08df9c439b6""}",2026-05-16T17:11:45.784212277Z
2026-05-16T17:11:45.782378Z 0 [Warning] [MY-012638] [InnoDB] Retry attempts for writing partial data failed.,error,"{""level"":""error""}","{""project"":""0ee5f251-6f6f-4df1-88b1-bb752a8a350b"",""environment"":""e0e44f1f-ec58-480e-94e9-09bad9cd99ba"",""service"":""df16bcd7-7927-4bbf-adf1-191ac3e92d21"",""deployment"":""9f2b543f-0b35-41bc-9cb5-d19bf9898c07"",""replica"":""1901484f-77af-4ab4-83ab-a08df9c439b6""}",2026-05-16T17:11:45.784215832Z
2026-05-16T17:11:45.782384Z 0 [Warning] [MY-012145] [InnoDB] Error while writing 16384 zeroes to ./railway/kpi_cache.ibd starting at offset 163840,error,"{""level"":""error""}","{""project"":""0ee5f251-6f6f-4df1-88b1-bb752a8a350b"",""environment"":""e0e44f1f-ec58-480e-94e9-09bad9cd99ba"",""service"":""df16bcd7-7927-4bbf-adf1-191ac3e92d21"",""deployment"":""9f2b543f-0b35-41bc-9cb5-d19bf9898c07"",""replica"":""1901484f-77af-4ab4-83ab-a08df9c439b6""}",2026-05-16T17:11:45.784218669Z
2026-05-16T17:11:45.793201Z 0 [Warning] [MY-012638] [InnoDB] Retry attempts for writing partial data failed.,error,"{""level"":""error""}","{""project"":""0ee5f251-6f6f-4df1-88b1-bb752a8a350b"",""environment"":""e0e44f1f-ec58-480e-94e9-09bad9cd99ba"",""service"":""df16bcd7-7927-4bbf-adf1-191ac3e92d21"",""deployment"":""9f2b543f-0b35-41bc-9cb5-d19bf9898c07"",""replica"":""1901484f-77af-4ab4-83ab-a08df9c439b6""}",2026-05-16T17:11:45.796589753Z
2026-05-16T17:11:45.793218Z 0 [ERROR] [MY-012888] [InnoDB] Cannot resize redo log file ./#innodb_redo/#ib_redo322_tmp to 3 MB (Failed to set size),error,"{""level"":""error""}","{""project"":""0ee5f251-6f6f-4df1-88b1-bb752a8a350b"",""environment"":""e0e44f1f-ec58-480e-94e9-09bad9cd99ba"",""service"":""df16bcd7-7927-4bbf-adf1-191ac3e92d21"",""deployment"":""9f2b543f-0b35-41bc-9cb5-d19bf9898c07"",""replica"":""1901484f-77af-4ab4-83ab-a08df9c439b6""}",2026-05-16T17:11:45.796597038Z
2026-05-16T17:11:45.810225Z 0 [Warning] [MY-012638] [InnoDB] Retry attempts for writing partial data failed.,error,"{""level"":""error""}","{""project"":""0ee5f251-6f6f-4df1-88b1-bb752a8a350b"",""environment"":""e0e44f1f-ec58-480e-94e9-09bad9cd99ba"",""service"":""df16bcd7-7927-4bbf-adf1-191ac3e92d21"",""deployment"":""9f2b543f-0b35-41bc-9cb5-d19bf9898c07"",""replica"":""1901484f-77af-4ab4-83ab-a08df9c439b6""}",2026-05-16T17:11:45.819811634Z
2026-05-16T17:11:45.810242Z 0 [ERROR] [MY-012888] [InnoDB] Cannot resize redo log file ./#innodb_redo/#ib_redo322_tmp to 3 MB (Failed to set size),error,"{""level"":""error""}","{""project"":""0ee5f251-6f6f-4df1-88b1-bb752a8a350b"",""environment"":""e0e44f1f-ec58-480e-94e9-09bad9cd99ba"",""service"":""df16bcd7-7927-4bbf-adf1-191ac3e92d21"",""deployment"":""9f2b543f-0b35-41bc-9cb5-d19bf9898c07"",""replica"":""1901484f-77af-4ab4-83ab-a08df9c439b6""}",2026-05-16T17:11:45.819816787Z
2026-05-16T17:11:45.826886Z 0 [Warning] [MY-012638] [InnoDB] Retry attempts for writing partial data failed.,error,"{""level"":""error""}","{""project"":""0ee5f251-6f6f-4df1-88b1-bb752a8a350b"",""environment"":""e0e44f1f-ec58-480e-94e9-09bad9cd99ba"",""service"":""df16bcd7-7927-4bbf-adf1-191ac3e92d21"",""deployment"":""9f2b543f-0b35-41bc-9cb5-d19bf9898c07"",""replica"":""1901484f-77af-4ab4-83ab-a08df9c439b6""}",2026-05-16T17:11:45.828410061Z
2026-05-16T17:11:45.826903Z 0 [ERROR] [MY-012888] [InnoDB] Cannot resize redo log file ./#innodb_redo/#ib_redo322_tmp to 3 MB (Failed to set size),error,"{""level"":""error""}","{""project"":""0ee5f251-6f6f-4df1-88b1-bb752a8a350b"",""environment"":""e0e44f1f-ec58-480e-94e9-09bad9cd99ba"",""service"":""df16bcd7-7927-4bbf-adf1-191ac3e92d21"",""deployment"":""9f2b543f-0b35-41bc-9cb5-d19bf9898c07"",""replica"":""1901484f-77af-4ab4-83ab-a08df9c439b6""}",2026-05-16T17:11:45.828414457Z
"2026-05-16T17:11:45.832537Z 0 [ERROR] [MY-012144] [InnoDB] posix_fallocate(): Failed to preallocate data for file ./railway/kpi_cache.ibd, desired size 16384 bytes. Operating system error number 28. Check that the disk is not full or a disk quota exceeded. Make sure the file system supports this function. Refer to your operating system documentation for operating system error code information.",error,"{""level"":""error""}","{""project"":""0ee5f251-6f6f-4df1-88b1-bb752a8a350b"",""environment"":""e0e44f1f-ec58-480e-94e9-09bad9cd99ba"",""service"":""df16bcd7-7927-4bbf-adf1-191ac3e92d21"",""deployment"":""9f2b543f-0b35-41bc-9cb5-d19bf9898c07"",""replica"":""1901484f-77af-4ab4-83ab-a08df9c439b6""}",2026-05-16T17:11:45.834482986Z
2026-05-16T17:11:45.832567Z 0 [Warning] [MY-012638] [InnoDB] Retry attempts for writing partial data failed.,error,"{""level"":""error""}","{""project"":""0ee5f251-6f6f-4df1-88b1-bb752a8a350b"",""environment"":""e0e44f1f-ec58-480e-94e9-09bad9cd99ba"",""service"":""df16bcd7-7927-4bbf-adf1-191ac3e92d21"",""deployment"":""9f2b543f-0b35-41bc-9cb5-d19bf9898c07"",""replica"":""1901484f-77af-4ab4-83ab-a08df9c439b6""}",2026-05-16T17:11:45.834488755Z
2026-05-16T17:11:45.832571Z 0 [Warning] [MY-012145] [InnoDB] Error while writing 16384 zeroes to ./railway/kpi_cache.ibd starting at offset 163840,error,"{""level"":""error""}","{""project"":""0ee5f251-6f6f-4df1-88b1-bb752a8a350b"",""environment"":""e0e44f1f-ec58-480e-94e9-09bad9cd99ba"",""service"":""df16bcd7-7927-4bbf-adf1-191ac3e92d21"",""deployment"":""9f2b543f-0b35-41bc-9cb5-d19bf9898c07"",""replica"":""1901484f-77af-4ab4-83ab-a08df9c439b6""}",2026-05-16T17:11:45.834493292Z
2026-05-16T17:11:45.843577Z 0 [Warning] [MY-012638] [InnoDB] Retry attempts for writing partial data failed.,error,"{""level"":""error""}","{""project"":""0ee5f251-6f6f-4df1-88b1-bb752a8a350b"",""environment"":""e0e44f1f-ec58-480e-94e9-09bad9cd99ba"",""service"":""df16bcd7-7927-4bbf-adf1-191ac3e92d21"",""deployment"":""9f2b543f-0b35-41bc-9cb5-d19bf9898c07"",""replica"":""1901484f-77af-4ab4-83ab-a08df9c439b6""}",2026-05-16T17:11:45.846749594Z
2026-05-16T17:11:45.843593Z 0 [ERROR] [MY-012888] [InnoDB] Cannot resize redo log file ./#innodb_redo/#ib_redo322_tmp to 3 MB (Failed to set size),error,"{""level"":""error""}","{""project"":""0ee5f251-6f6f-4df1-88b1-bb752a8a350b"",""environment"":""e0e44f1f-ec58-480e-94e9-09bad9cd99ba"",""service"":""df16bcd7-7927-4bbf-adf1-191ac3e92d21"",""deployment"":""9f2b543f-0b35-41bc-9cb5-d19bf9898c07"",""replica"":""1901484f-77af-4ab4-83ab-a08df9c439b6""}",2026-05-16T17:11:45.846756410Z
2026-05-16T17:11:45.860164Z 0 [Warning] [MY-012638] [InnoDB] Retry attempts for writing partial data failed.,error,"{""level"":""error""}","{""project"":""0ee5f251-6f6f-4df1-88b1-bb752a8a350b"",""environment"":""e0e44f1f-ec58-480e-94e9-09bad9cd99ba"",""service"":""df16bcd7-7927-4bbf-adf1-191ac3e92d21"",""deployment"":""9f2b543f-0b35-41bc-9cb5-d19bf9898c07"",""replica"":""1901484f-77af-4ab4-83ab-a08df9c439b6""}",2026-05-16T17:11:45.861924721Z
2026-05-16T17:11:45.860185Z 0 [ERROR] [MY-012888] [InnoDB] Cannot resize redo log file ./#innodb_redo/#ib_redo322_tmp to 3 MB (Failed to set size),error,"{""level"":""error""}","{""project"":""0ee5f251-6f6f-4df1-88b1-bb752a8a350b"",""environment"":""e0e44f1f-ec58-480e-94e9-09bad9cd99ba"",""service"":""df16bcd7-7927-4bbf-adf1-191ac3e92d21"",""deployment"":""9f2b543f-0b35-41bc-9cb5-d19bf9898c07"",""replica"":""1901484f-77af-4ab4-83ab-a08df9c439b6""}",2026-05-16T17:11:45.861929749Z
2026-05-16T17:11:45.876646Z 0 [Warning] [MY-012638] [InnoDB] Retry attempts for writing partial data failed.,error,"{""level"":""error""}","{""project"":""0ee5f251-6f6f-4df1-88b1-bb752a8a350b"",""environment"":""e0e44f1f-ec58-480e-94e9-09bad9cd99ba"",""service"":""df16bcd7-7927-4bbf-adf1-191ac3e92d21"",""deployment"":""9f2b543f-0b35-41bc-9cb5-d19bf9898c07"",""replica"":""1901484f-77af-4ab4-83ab-a08df9c439b6""}",2026-05-16T17:11:45.877273283Z
2026-05-16T17:11:45.876666Z 0 [ERROR] [MY-012888] [InnoDB] Cannot resize redo log file ./#innodb_redo/#ib_redo322_tmp to 3 MB (Failed to set size),error,"{""level"":""error""}","{""project"":""0ee5f251-6f6f-4df1-88b1-bb752a8a350b"",""environment"":""e0e44f1f-ec58-480e-94e9-09bad9cd99ba"",""service"":""df16bcd7-7927-4bbf-adf1-191ac3e92d21"",""deployment"":""9f2b543f-0b35-41bc-9cb5-d19bf9898c07"",""replica"":""1901484f-77af-4ab4-83ab-a08df9c439b6""}",2026-05-16T17:11:45.877277202Z
"2026-05-16T17:11:45.882739Z 0 [ERROR] [MY-012144] [InnoDB] posix_fallocate(): Failed to preallocate data for file ./railway/kpi_cache.ibd, desired size 16384 bytes. Operating system error number 28. Check that the disk is not full or a disk quota exceeded. Make sure the file system supports this function. Refer to your operating system documentation for operating system error code information.",error,"{""level"":""error""}","{""project"":""0ee5f251-6f6f-4df1-88b1-bb752a8a350b"",""environment"":""e0e44f1f-ec58-480e-94e9-09bad9cd99ba"",""service"":""df16bcd7-7927-4bbf-adf1-191ac3e92d21"",""deployment"":""9f2b543f-0b35-41bc-9cb5-d19bf9898c07"",""replica"":""1901484f-77af-4ab4-83ab-a08df9c439b6""}",2026-05-16T17:11:45.884475190Z
2026-05-16T17:11:45.882771Z 0 [Warning] [MY-012638] [InnoDB] Retry attempts for writing partial data failed.,error,"{""level"":""error""}","{""project"":""0ee5f251-6f6f-4df1-88b1-bb752a8a350b"",""environment"":""e0e44f1f-ec58-480e-94e9-09bad9cd99ba"",""service"":""df16bcd7-7927-4bbf-adf1-191ac3e92d21"",""deployment"":""9f2b543f-0b35-41bc-9cb5-d19bf9898c07"",""replica"":""1901484f-77af-4ab4-83ab-a08df9c439b6""}",2026-05-16T17:11:45.884480036Z
2026-05-16T17:11:45.882776Z 0 [Warning] [MY-012145] [InnoDB] Error while writing 16384 zeroes to ./railway/kpi_cache.ibd starting at offset 163840,error,"{""level"":""error""}","{""project"":""0ee5f251-6f6f-4df1-88b1-bb752a8a350b"",""environment"":""e0e44f1f-ec58-480e-94e9-09bad9cd99ba"",""service"":""df16bcd7-7927-4bbf-adf1-191ac3e92d21"",""deployment"":""9f2b543f-0b35-41bc-9cb5-d19bf9898c07"",""replica"":""1901484f-77af-4ab4-83ab-a08df9c439b6""}",2026-05-16T17:11:45.884483485Z
2026-05-16T17:11:45.893340Z 0 [Warning] [MY-012638] [InnoDB] Retry attempts for writing partial data failed.,error,"{""level"":""error""}","{""project"":""0ee5f251-6f6f-4df1-88b1-bb752a8a350b"",""environment"":""e0e44f1f-ec58-480e-94e9-09bad9cd99ba"",""service"":""df16bcd7-7927-4bbf-adf1-191ac3e92d21"",""deployment"":""9f2b543f-0b35-41bc-9cb5-d19bf9898c07"",""replica"":""1901484f-77af-4ab4-83ab-a08df9c439b6""}",2026-05-16T17:11:45.898078431Z
2026-05-16T17:11:45.893359Z 0 [ERROR] [MY-012888] [InnoDB] Cannot resize redo log file ./#innodb_redo/#ib_redo322_tmp to 3 MB (Failed to set size),error,"{""level"":""error""}","{""project"":""0ee5f251-6f6f-4df1-88b1-bb752a8a350b"",""environment"":""e0e44f1f-ec58-480e-94e9-09bad9cd99ba"",""service"":""df16bcd7-7927-4bbf-adf1-191ac3e92d21"",""deployment"":""9f2b543f-0b35-41bc-9cb5-d19bf9898c07"",""replica"":""1901484f-77af-4ab4-83ab-a08df9c439b6""}",2026-05-16T17:11:45.898083071Z
2026-05-16T17:11:45.910156Z 0 [Warning] [MY-012638] [InnoDB] Retry attempts for writing partial data failed.,error,"{""level"":""error""}","{""project"":""0ee5f251-6f6f-4df1-88b1-bb752a8a350b"",""environment"":""e0e44f1f-ec58-480e-94e9-09bad9cd99ba"",""service"":""df16bcd7-7927-4bbf-adf1-191ac3e92d21"",""deployment"":""9f2b543f-0b35-41bc-9cb5-d19bf9898c07"",""replica"":""1901484f-77af-4ab4-83ab-a08df9c439b6""}",2026-05-16T17:11:45.910608842Z
2026-05-16T17:11:45.910173Z 0 [ERROR] [MY-012888] [InnoDB] Cannot resize redo log file ./#innodb_redo/#ib_redo322_tmp to 3 MB (Failed to set size),error,"{""level"":""error""}","{""project"":""0ee5f251-6f6f-4df1-88b1-bb752a8a350b"",""environment"":""e0e44f1f-ec58-480e-94e9-09bad9cd99ba"",""service"":""df16bcd7-7927-4bbf-adf1-191ac3e92d21"",""deployment"":""9f2b543f-0b35-41bc-9cb5-d19bf9898c07"",""replica"":""1901484f-77af-4ab4-83ab-a08df9c439b6""}",2026-05-16T17:11:45.910615455Z
2026-05-16T17:11:45.927472Z 0 [Warning] [MY-012638] [InnoDB] Retry attempts for writing partial data failed.,error,"{""level"":""error""}","{""project"":""0ee5f251-6f6f-4df1-88b1-bb752a8a350b"",""environment"":""e0e44f1f-ec58-480e-94e9-09bad9cd99ba"",""service"":""df16bcd7-7927-4bbf-adf1-191ac3e92d21"",""deployment"":""9f2b543f-0b35-41bc-9cb5-d19bf9898c07"",""replica"":""1901484f-77af-4ab4-83ab-a08df9c439b6""}",2026-05-16T17:11:45.933091160Z
2026-05-16T17:11:45.927489Z 0 [ERROR] [MY-012888] [InnoDB] Cannot resize redo log file ./#innodb_redo/#ib_redo322_tmp to 3 MB (Failed to set size),error,"{""level"":""error""}","{""project"":""0ee5f251-6f6f-4df1-88b1-bb752a8a350b"",""environment"":""e0e44f1f-ec58-480e-94e9-09bad9cd99ba"",""service"":""df16bcd7-7927-4bbf-adf1-191ac3e92d21"",""deployment"":""9f2b543f-0b35-41bc-9cb5-d19bf9898c07"",""replica"":""1901484f-77af-4ab4-83ab-a08df9c439b6""}",2026-05-16T17:11:45.933096125Z
"2026-05-16T17:11:45.932998Z 0 [ERROR] [MY-012144] [InnoDB] posix_fallocate(): Failed to preallocate data for file ./railway/kpi_cache.ibd, desired size 16384 bytes. Operating system error number 28. Check that the disk is not full or a disk quota exceeded. Make sure the file system supports this function. Refer to your operating system documentation for operating system error code information.",error,"{""level"":""error""}","{""project"":""0ee5f251-6f6f-4df1-88b1-bb752a8a350b"",""environment"":""e0e44f1f-ec58-480e-94e9-09bad9cd99ba"",""service"":""df16bcd7-7927-4bbf-adf1-191ac3e92d21"",""deployment"":""9f2b543f-0b35-41bc-9cb5-d19bf9898c07"",""replica"":""1901484f-77af-4ab4-83ab-a08df9c439b6""}",2026-05-16T17:11:45.934542834Z
2026-05-16T17:11:45.933029Z 0 [Warning] [MY-012638] [InnoDB] Retry attempts for writing partial data failed.,error,"{""level"":""error""}","{""project"":""0ee5f251-6f6f-4df1-88b1-bb752a8a350b"",""environment"":""e0e44f1f-ec58-480e-94e9-09bad9cd99ba"",""service"":""df16bcd7-7927-4bbf-adf1-191ac3e92d21"",""deployment"":""9f2b543f-0b35-41bc-9cb5-d19bf9898c07"",""replica"":""1901484f-77af-4ab4-83ab-a08df9c439b6""}",2026-05-16T17:11:45.934547450Z
2026-05-16T17:11:45.933035Z 0 [Warning] [MY-012145] [InnoDB] Error while writing 16384 zeroes to ./railway/kpi_cache.ibd starting at offset 163840,error,"{""level"":""error""}","{""project"":""0ee5f251-6f6f-4df1-88b1-bb752a8a350b"",""environment"":""e0e44f1f-ec58-480e-94e9-09bad9cd99ba"",""service"":""df16bcd7-7927-4bbf-adf1-191ac3e92d21"",""deployment"":""9f2b543f-0b35-41bc-9cb5-d19bf9898c07"",""replica"":""1901484f-77af-4ab4-83ab-a08df9c439b6""}",2026-05-16T17:11:45.934550549Z
2026-05-16T17:11:45.944719Z 0 [Warning] [MY-012638] [InnoDB] Retry attempts for writing partial data failed.,error,"{""level"":""error""}","{""project"":""0ee5f251-6f6f-4df1-88b1-bb752a8a350b"",""environment"":""e0e44f1f-ec58-480e-94e9-09bad9cd99ba"",""service"":""df16bcd7-7927-4bbf-adf1-191ac3e92d21"",""deployment"":""9f2b543f-0b35-41bc-9cb5-d19bf9898c07"",""replica"":""1901484f-77af-4ab4-83ab-a08df9c439b6""}",2026-05-16T17:11:46.289453041Z
2026-05-16T17:11:45.944736Z 0 [ERROR] [MY-012888] [InnoDB] Cannot resize redo log file ./#innodb_redo/#ib_redo322_tmp to 3 MB (Failed to set size),error,"{""level"":""error""}","{""project"":""0ee5f251-6f6f-4df1-88b1-bb752a8a350b"",""environment"":""e0e44f1f-ec58-480e-94e9-09bad9cd99ba"",""service"":""df16bcd7-7927-4bbf-adf1-191ac3e92d21"",""deployment"":""9f2b543f-0b35-41bc-9cb5-d19bf9898c07"",""replica"":""1901484f-77af-4ab4-83ab-a08df9c439b6""}",2026-05-16T17:11:46.289455897Z
2026-05-16T17:11:45.962035Z 0 [Warning] [MY-012638] [InnoDB] Retry attempts for writing partial data failed.,error,"{""level"":""error""}","{""project"":""0ee5f251-6f6f-4df1-88b1-bb752a8a350b"",""environment"":""e0e44f1f-ec58-480e-94e9-09bad9cd99ba"",""service"":""df16bcd7-7927-4bbf-adf1-191ac3e92d21"",""deployment"":""9f2b543f-0b35-41bc-9cb5-d19bf9898c07"",""replica"":""1901484f-77af-4ab4-83ab-a08df9c439b6""}",2026-05-16T17:11:46.289458789Z
2026-05-16T17:11:45.962053Z 0 [ERROR] [MY-012888] [InnoDB] Cannot resize redo log file ./#innodb_redo/#ib_redo322_tmp to 3 MB (Failed to set size),error,"{""level"":""error""}","{""project"":""0ee5f251-6f6f-4df1-88b1-bb752a8a350b"",""environment"":""e0e44f1f-ec58-480e-94e9-09bad9cd99ba"",""service"":""df16bcd7-7927-4bbf-adf1-191ac3e92d21"",""deployment"":""9f2b543f-0b35-41bc-9cb5-d19bf9898c07"",""replica"":""1901484f-77af-4ab4-83ab-a08df9c439b6""}",2026-05-16T17:11:46.289462759Z
2026-05-16T17:11:45.979167Z 0 [Warning] [MY-012638] [InnoDB] Retry attempts for writing partial data failed.,error,"{""level"":""error""}","{""project"":""0ee5f251-6f6f-4df1-88b1-bb752a8a350b"",""environment"":""e0e44f1f-ec58-480e-94e9-09bad9cd99ba"",""service"":""df16bcd7-7927-4bbf-adf1-191ac3e92d21"",""deployment"":""9f2b543f-0b35-41bc-9cb5-d19bf9898c07"",""replica"":""1901484f-77af-4ab4-83ab-a08df9c439b6""}",2026-05-16T17:11:46.289465621Z
2026-05-16T17:11:45.979186Z 0 [ERROR] [MY-012888] [InnoDB] Cannot resize redo log file ./#innodb_redo/#ib_redo322_tmp to 3 MB (Failed to set size),error,"{""level"":""error""}","{""project"":""0ee5f251-6f6f-4df1-88b1-bb752a8a350b"",""environment"":""e0e44f1f-ec58-480e-94e9-09bad9cd99ba"",""service"":""df16bcd7-7927-4bbf-adf1-191ac3e92d21"",""deployment"":""9f2b543f-0b35-41bc-9cb5-d19bf9898c07"",""replica"":""1901484f-77af-4ab4-83ab-a08df9c439b6""}",2026-05-16T17:11:46.289468426Z
"2026-05-16T17:11:45.983197Z 0 [ERROR] [MY-012144] [InnoDB] posix_fallocate(): Failed to preallocate data for file ./railway/kpi_cache.ibd, desired size 16384 bytes. Operating system error number 28. Check that the disk is not full or a disk quota exceeded. Make sure the file system supports this function. Refer to your operating system documentation for operating system error code information.",error,"{""level"":""error""}","{""project"":""0ee5f251-6f6f-4df1-88b1-bb752a8a350b"",""environment"":""e0e44f1f-ec58-480e-94e9-09bad9cd99ba"",""service"":""df16bcd7-7927-4bbf-adf1-191ac3e92d21"",""deployment"":""9f2b543f-0b35-41bc-9cb5-d19bf9898c07"",""replica"":""1901484f-77af-4ab4-83ab-a08df9c439b6""}",2026-05-16T17:11:46.289471470Z
2026-05-16T17:11:45.983230Z 0 [Warning] [MY-012638] [InnoDB] Retry attempts for writing partial data failed.,error,"{""level"":""error""}","{""project"":""0ee5f251-6f6f-4df1-88b1-bb752a8a350b"",""environment"":""e0e44f1f-ec58-480e-94e9-09bad9cd99ba"",""service"":""df16bcd7-7927-4bbf-adf1-191ac3e92d21"",""deployment"":""9f2b543f-0b35-41bc-9cb5-d19bf9898c07"",""replica"":""1901484f-77af-4ab4-83ab-a08df9c439b6""}",2026-05-16T17:11:46.289474164Z
2026-05-16T17:11:45.983236Z 0 [Warning] [MY-012145] [InnoDB] Error while writing 16384 zeroes to ./railway/kpi_cache.ibd starting at offset 163840,error,"{""level"":""error""}","{""project"":""0ee5f251-6f6f-4df1-88b1-bb752a8a350b"",""environment"":""e0e44f1f-ec58-480e-94e9-09bad9cd99ba"",""service"":""df16bcd7-7927-4bbf-adf1-191ac3e92d21"",""deployment"":""9f2b543f-0b35-41bc-9cb5-d19bf9898c07"",""replica"":""1901484f-77af-4ab4-83ab-a08df9c439b6""}",2026-05-16T17:11:46.289477091Z
2026-05-16T17:11:45.997805Z 0 [Warning] [MY-012638] [InnoDB] Retry attempts for writing partial data failed.,error,"{""level"":""error""}","{""project"":""0ee5f251-6f6f-4df1-88b1-bb752a8a350b"",""environment"":""e0e44f1f-ec58-480e-94e9-09bad9cd99ba"",""service"":""df16bcd7-7927-4bbf-adf1-191ac3e92d21"",""deployment"":""9f2b543f-0b35-41bc-9cb5-d19bf9898c07"",""replica"":""1901484f-77af-4ab4-83ab-a08df9c439b6""}",2026-05-16T17:11:46.289479895Z
2026-05-16T17:11:45.997823Z 0 [ERROR] [MY-012888] [InnoDB] Cannot resize redo log file ./#innodb_redo/#ib_redo322_tmp to 3 MB (Failed to set size),error,"{""level"":""error""}","{""project"":""0ee5f251-6f6f-4df1-88b1-bb752a8a350b"",""environment"":""e0e44f1f-ec58-480e-94e9-09bad9cd99ba"",""service"":""df16bcd7-7927-4bbf-adf1-191ac3e92d21"",""deployment"":""9f2b543f-0b35-41bc-9cb5-d19bf9898c07"",""replica"":""1901484f-77af-4ab4-83ab-a08df9c439b6""}",2026-05-16T17:11:46.289483460Z
2026-05-16T17:11:46.014844Z 0 [Warning] [MY-012638] [InnoDB] Retry attempts for writing partial data failed.,error,"{""level"":""error""}","{""project"":""0ee5f251-6f6f-4df1-88b1-bb752a8a350b"",""environment"":""e0e44f1f-ec58-480e-94e9-09bad9cd99ba"",""service"":""df16bcd7-7927-4bbf-adf1-191ac3e92d21"",""deployment"":""9f2b543f-0b35-41bc-9cb5-d19bf9898c07"",""replica"":""1901484f-77af-4ab4-83ab-a08df9c439b6""}",2026-05-16T17:11:46.290486150Z
2026-05-16T17:11:46.014865Z 0 [ERROR] [MY-012888] [InnoDB] Cannot resize redo log file ./#innodb_redo/#ib_redo322_tmp to 3 MB (Failed to set size),error,"{""level"":""error""}","{""project"":""0ee5f251-6f6f-4df1-88b1-bb752a8a350b"",""environment"":""e0e44f1f-ec58-480e-94e9-09bad9cd99ba"",""service"":""df16bcd7-7927-4bbf-adf1-191ac3e92d21"",""deployment"":""9f2b543f-0b35-41bc-9cb5-d19bf9898c07"",""replica"":""1901484f-77af-4ab4-83ab-a08df9c439b6""}",2026-05-16T17:11:46.290494392Z
2026-05-16T17:11:46.031727Z 0 [Warning] [MY-012638] [InnoDB] Retry attempts for writing partial data failed.,error,"{""level"":""error""}","{""project"":""0ee5f251-6f6f-4df1-88b1-bb752a8a350b"",""environment"":""e0e44f1f-ec58-480e-94e9-09bad9cd99ba"",""service"":""df16bcd7-7927-4bbf-adf1-191ac3e92d21"",""deployment"":""9f2b543f-0b35-41bc-9cb5-d19bf9898c07"",""replica"":""1901484f-77af-4ab4-83ab-a08df9c439b6""}",2026-05-16T17:11:46.290499227Z
2026-05-16T17:11:46.031747Z 0 [ERROR] [MY-012888] [InnoDB] Cannot resize redo log file ./#innodb_redo/#ib_redo322_tmp to 3 MB (Failed to set size),error,"{""level"":""error""}","{""project"":""0ee5f251-6f6f-4df1-88b1-bb752a8a350b"",""environment"":""e0e44f1f-ec58-480e-94e9-09bad9cd99ba"",""service"":""df16bcd7-7927-4bbf-adf1-191ac3e92d21"",""deployment"":""9f2b543f-0b35-41bc-9cb5-d19bf9898c07"",""replica"":""1901484f-77af-4ab4-83ab-a08df9c439b6""}",2026-05-16T17:11:46.290503673Z
"2026-05-16T17:11:46.033605Z 0 [ERROR] [MY-012144] [InnoDB] posix_fallocate(): Failed to preallocate data for file ./railway/kpi_cache.ibd, desired size 16384 bytes. Operating system error number 28. Check that the disk is not full or a disk quota exceeded. Make sure the file system supports this function. Refer to your operating system documentation for operating system error code information.",error,"{""level"":""error""}","{""project"":""0ee5f251-6f6f-4df1-88b1-bb752a8a350b"",""environment"":""e0e44f1f-ec58-480e-94e9-09bad9cd99ba"",""service"":""df16bcd7-7927-4bbf-adf1-191ac3e92d21"",""deployment"":""9f2b543f-0b35-41bc-9cb5-d19bf9898c07"",""replica"":""1901484f-77af-4ab4-83ab-a08df9c439b6""}",2026-05-16T17:11:46.290511592Z
2026-05-16T17:11:46.033639Z 0 [Warning] [MY-012638] [InnoDB] Retry attempts for writing partial data failed.,error,"{""level"":""error""}","{""project"":""0ee5f251-6f6f-4df1-88b1-bb752a8a350b"",""environment"":""e0e44f1f-ec58-480e-94e9-09bad9cd99ba"",""service"":""df16bcd7-7927-4bbf-adf1-191ac3e92d21"",""deployment"":""9f2b543f-0b35-41bc-9cb5-d19bf9898c07"",""replica"":""1901484f-77af-4ab4-83ab-a08df9c439b6""}",2026-05-16T17:11:46.290516462Z
2026-05-16T17:11:46.033644Z 0 [Warning] [MY-012145] [InnoDB] Error while writing 16384 zeroes to ./railway/kpi_cache.ibd starting at offset 163840,error,"{""level"":""error""}","{""project"":""0ee5f251-6f6f-4df1-88b1-bb752a8a350b"",""environment"":""e0e44f1f-ec58-480e-94e9-09bad9cd99ba"",""service"":""df16bcd7-7927-4bbf-adf1-191ac3e92d21"",""deployment"":""9f2b543f-0b35-41bc-9cb5-d19bf9898c07"",""replica"":""1901484f-77af-4ab4-83ab-a08df9c439b6""}",2026-05-16T17:11:46.290522000Z
2026-05-16T17:11:46.048793Z 0 [Warning] [MY-012638] [InnoDB] Retry attempts for writing partial data failed.,error,"{""level"":""error""}","{""project"":""0ee5f251-6f6f-4df1-88b1-bb752a8a350b"",""environment"":""e0e44f1f-ec58-480e-94e9-09bad9cd99ba"",""service"":""df16bcd7-7927-4bbf-adf1-191ac3e92d21"",""deployment"":""9f2b543f-0b35-41bc-9cb5-d19bf9898c07"",""replica"":""1901484f-77af-4ab4-83ab-a08df9c439b6""}",2026-05-16T17:11:46.290540376Z
2026-05-16T17:11:46.048812Z 0 [ERROR] [MY-012888] [InnoDB] Cannot resize redo log file ./#innodb_redo/#ib_redo322_tmp to 3 MB (Failed to set size),error,"{""level"":""error""}","{""project"":""0ee5f251-6f6f-4df1-88b1-bb752a8a350b"",""environment"":""e0e44f1f-ec58-480e-94e9-09bad9cd99ba"",""service"":""df16bcd7-7927-4bbf-adf1-191ac3e92d21"",""deployment"":""9f2b543f-0b35-41bc-9cb5-d19bf9898c07"",""replica"":""1901484f-77af-4ab4-83ab-a08df9c439b6""}",2026-05-16T17:11:46.290546505Z
2026-05-16T17:11:46.065843Z 0 [Warning] [MY-012638] [InnoDB] Retry attempts for writing partial data failed.,error,"{""level"":""error""}","{""project"":""0ee5f251-6f6f-4df1-88b1-bb752a8a350b"",""environment"":""e0e44f1f-ec58-480e-94e9-09bad9cd99ba"",""service"":""df16bcd7-7927-4bbf-adf1-191ac3e92d21"",""deployment"":""9f2b543f-0b35-41bc-9cb5-d19bf9898c07"",""replica"":""1901484f-77af-4ab4-83ab-a08df9c439b6""}",2026-05-16T17:11:46.290551082Z
2026-05-16T17:11:46.065860Z 0 [ERROR] [MY-012888] [InnoDB] Cannot resize redo log file ./#innodb_redo/#ib_redo322_tmp to 3 MB (Failed to set size),error,"{""level"":""error""}","{""project"":""0ee5f251-6f6f-4df1-88b1-bb752a8a350b"",""environment"":""e0e44f1f-ec58-480e-94e9-09bad9cd99ba"",""service"":""df16bcd7-7927-4bbf-adf1-191ac3e92d21"",""deployment"":""9f2b543f-0b35-41bc-9cb5-d19bf9898c07"",""replica"":""1901484f-77af-4ab4-83ab-a08df9c439b6""}",2026-05-16T17:11:46.290554908Z
2026-05-16T17:11:46.082261Z 0 [Warning] [MY-012638] [InnoDB] Retry attempts for writing partial data failed.,error,"{""level"":""error""}","{""project"":""0ee5f251-6f6f-4df1-88b1-bb752a8a350b"",""environment"":""e0e44f1f-ec58-480e-94e9-09bad9cd99ba"",""service"":""df16bcd7-7927-4bbf-adf1-191ac3e92d21"",""deployment"":""9f2b543f-0b35-41bc-9cb5-d19bf9898c07"",""replica"":""1901484f-77af-4ab4-83ab-a08df9c439b6""}",2026-05-16T17:11:46.291602125Z
2026-05-16T17:11:46.082283Z 0 [ERROR] [MY-012888] [InnoDB] Cannot resize redo log file ./#innodb_redo/#ib_redo322_tmp to 3 MB (Failed to set size),error,"{""level"":""error""}","{""project"":""0ee5f251-6f6f-4df1-88b1-bb752a8a350b"",""environment"":""e0e44f1f-ec58-480e-94e9-09bad9cd99ba"",""service"":""df16bcd7-7927-4bbf-adf1-191ac3e92d21"",""deployment"":""9f2b543f-0b35-41bc-9cb5-d19bf9898c07"",""replica"":""1901484f-77af-4ab4-83ab-a08df9c439b6""}",2026-05-16T17:11:46.291608451Z
"2026-05-16T17:11:46.083923Z 0 [ERROR] [MY-012144] [InnoDB] posix_fallocate(): Failed to preallocate data for file ./railway/kpi_cache.ibd, desired size 16384 bytes. Operating system error number 28. Check that the disk is not full or a disk quota exceeded. Make sure the file system supports this function. Refer to your operating system documentation for operating system error code information.",error,"{""level"":""error""}","{""project"":""0ee5f251-6f6f-4df1-88b1-bb752a8a350b"",""environment"":""e0e44f1f-ec58-480e-94e9-09bad9cd99ba"",""service"":""df16bcd7-7927-4bbf-adf1-191ac3e92d21"",""deployment"":""9f2b543f-0b35-41bc-9cb5-d19bf9898c07"",""replica"":""1901484f-77af-4ab4-83ab-a08df9c439b6""}",2026-05-16T17:11:46.291613783Z
2026-05-16T17:11:46.083958Z 0 [Warning] [MY-012638] [InnoDB] Retry attempts for writing partial data failed.,error,"{""level"":""error""}","{""project"":""0ee5f251-6f6f-4df1-88b1-bb752a8a350b"",""environment"":""e0e44f1f-ec58-480e-94e9-09bad9cd99ba"",""service"":""df16bcd7-7927-4bbf-adf1-191ac3e92d21"",""deployment"":""9f2b543f-0b35-41bc-9cb5-d19bf9898c07"",""replica"":""1901484f-77af-4ab4-83ab-a08df9c439b6""}",2026-05-16T17:11:46.291617890Z
2026-05-16T17:11:46.083963Z 0 [Warning] [MY-012145] [InnoDB] Error while writing 16384 zeroes to ./railway/kpi_cache.ibd starting at offset 163840,error,"{""level"":""error""}","{""project"":""0ee5f251-6f6f-4df1-88b1-bb752a8a350b"",""environment"":""e0e44f1f-ec58-480e-94e9-09bad9cd99ba"",""service"":""df16bcd7-7927-4bbf-adf1-191ac3e92d21"",""deployment"":""9f2b543f-0b35-41bc-9cb5-d19bf9898c07"",""replica"":""1901484f-77af-4ab4-83ab-a08df9c439b6""}",2026-05-16T17:11:46.291621603Z
2026-05-16T17:11:46.099374Z 0 [Warning] [MY-012638] [InnoDB] Retry attempts for writing partial data failed.,error,"{""level"":""error""}","{""project"":""0ee5f251-6f6f-4df1-88b1-bb752a8a350b"",""environment"":""e0e44f1f-ec58-480e-94e9-09bad9cd99ba"",""service"":""df16bcd7-7927-4bbf-adf1-191ac3e92d21"",""deployment"":""9f2b543f-0b35-41bc-9cb5-d19bf9898c07"",""replica"":""1901484f-77af-4ab4-83ab-a08df9c439b6""}",2026-05-16T17:11:46.291625913Z
2026-05-16T17:11:46.099390Z 0 [ERROR] [MY-012888] [InnoDB] Cannot resize redo log file ./#innodb_redo/#ib_redo322_tmp to 3 MB (Failed to set size),error,"{""level"":""error""}","{""project"":""0ee5f251-6f6f-4df1-88b1-bb752a8a350b"",""environment"":""e0e44f1f-ec58-480e-94e9-09bad9cd99ba"",""service"":""df16bcd7-7927-4bbf-adf1-191ac3e92d21"",""deployment"":""9f2b543f-0b35-41bc-9cb5-d19bf9898c07"",""replica"":""1901484f-77af-4ab4-83ab-a08df9c439b6""}",2026-05-16T17:11:46.291629531Z
Mounting volume on: /var/lib/containers/railwayapp/bind-mounts/1901484f-77af-4ab4-83ab-a08df9c439b6/vol_gemfjajebtev52gr,info,"{""level"":""info""}","{""project"":""0ee5f251-6f6f-4df1-88b1-bb752a8a350b"",""environment"":""e0e44f1f-ec58-480e-94e9-09bad9cd99ba"",""service"":""df16bcd7-7927-4bbf-adf1-191ac3e92d21"",""deployment"":""9f2b543f-0b35-41bc-9cb5-d19bf9898c07"",""replica"":""1901484f-77af-4ab4-83ab-a08df9c439b6""}",2026-05-16T17:25:42.486674688Z
2026-05-16 17:25:42+00:00 [Note] [Entrypoint]: Entrypoint script for MySQL Server 9.4.0-1.el9 started.,info,"{""level"":""info""}","{""project"":""0ee5f251-6f6f-4df1-88b1-bb752a8a350b"",""environment"":""e0e44f1f-ec58-480e-94e9-09bad9cd99ba"",""service"":""df16bcd7-7927-4bbf-adf1-191ac3e92d21"",""deployment"":""9f2b543f-0b35-41bc-9cb5-d19bf9898c07"",""replica"":""1901484f-77af-4ab4-83ab-a08df9c439b6""}",2026-05-16T17:25:50.457252305Z
2026-05-16 17:25:42+00:00 [Note] [Entrypoint]: Switching to dedicated user 'mysql',info,"{""level"":""info""}","{""project"":""0ee5f251-6f6f-4df1-88b1-bb752a8a350b"",""environment"":""e0e44f1f-ec58-480e-94e9-09bad9cd99ba"",""service"":""df16bcd7-7927-4bbf-adf1-191ac3e92d21"",""deployment"":""9f2b543f-0b35-41bc-9cb5-d19bf9898c07"",""replica"":""1901484f-77af-4ab4-83ab-a08df9c439b6""}",2026-05-16T17:25:50.457258652Z
2026-05-16 17:25:42+00:00 [Note] [Entrypoint]: Entrypoint script for MySQL Server 9.4.0-1.el9 started.,info,"{""level"":""info""}","{""project"":""0ee5f251-6f6f-4df1-88b1-bb752a8a350b"",""environment"":""e0e44f1f-ec58-480e-94e9-09bad9cd99ba"",""service"":""df16bcd7-7927-4bbf-adf1-191ac3e92d21"",""deployment"":""9f2b543f-0b35-41bc-9cb5-d19bf9898c07"",""replica"":""1901484f-77af-4ab4-83ab-a08df9c439b6""}",2026-05-16T17:25:50.457262962Z
'/var/lib/mysql/mysql.sock' -> '/var/run/mysqld/mysqld.sock',info,"{""level"":""info""}","{""project"":""0ee5f251-6f6f-4df1-88b1-bb752a8a350b"",""environment"":""e0e44f1f-ec58-480e-94e9-09bad9cd99ba"",""service"":""df16bcd7-7927-4bbf-adf1-191ac3e92d21"",""deployment"":""9f2b543f-0b35-41bc-9cb5-d19bf9898c07"",""replica"":""1901484f-77af-4ab4-83ab-a08df9c439b6""}",2026-05-16T17:25:50.457266656Z
2026-05-16T17:25:43.139340Z 0 [System] [MY-015015] [Server] MySQL Server - start.,error,"{""level"":""error""}","{""project"":""0ee5f251-6f6f-4df1-88b1-bb752a8a350b"",""environment"":""e0e44f1f-ec58-480e-94e9-09bad9cd99ba"",""service"":""df16bcd7-7927-4bbf-adf1-191ac3e92d21"",""deployment"":""9f2b543f-0b35-41bc-9cb5-d19bf9898c07"",""replica"":""1901484f-77af-4ab4-83ab-a08df9c439b6""}",2026-05-16T17:25:50.457280274Z
2026-05-16T17:25:43.254715Z 0 [System] [MY-010116] [Server] /usr/sbin/mysqld (mysqld 9.4.0) starting as process 1,error,"{""level"":""error""}","{""project"":""0ee5f251-6f6f-4df1-88b1-bb752a8a350b"",""environment"":""e0e44f1f-ec58-480e-94e9-09bad9cd99ba"",""service"":""df16bcd7-7927-4bbf-adf1-191ac3e92d21"",""deployment"":""9f2b543f-0b35-41bc-9cb5-d19bf9898c07"",""replica"":""1901484f-77af-4ab4-83ab-a08df9c439b6""}",2026-05-16T17:25:50.457284946Z
2026-05-16T17:25:43.254725Z 0 [System] [MY-015590] [Server] MySQL Server has access to 2 logical CPUs.,error,"{""level"":""error""}","{""project"":""0ee5f251-6f6f-4df1-88b1-bb752a8a350b"",""environment"":""e0e44f1f-ec58-480e-94e9-09bad9cd99ba"",""service"":""df16bcd7-7927-4bbf-adf1-191ac3e92d21"",""deployment"":""9f2b543f-0b35-41bc-9cb5-d19bf9898c07"",""replica"":""1901484f-77af-4ab4-83ab-a08df9c439b6""}",2026-05-16T17:25:50.457288030Z
2026-05-16T17:25:43.254733Z 0 [System] [MY-015590] [Server] MySQL Server has access to 999997440 bytes of physical memory.,error,"{""level"":""error""}","{""project"":""0ee5f251-6f6f-4df1-88b1-bb752a8a350b"",""environment"":""e0e44f1f-ec58-480e-94e9-09bad9cd99ba"",""service"":""df16bcd7-7927-4bbf-adf1-191ac3e92d21"",""deployment"":""9f2b543f-0b35-41bc-9cb5-d19bf9898c07"",""replica"":""1901484f-77af-4ab4-83ab-a08df9c439b6""}",2026-05-16T17:25:50.457291472Z
2026-05-16T17:25:43.260158Z 1 [System] [MY-013576] [InnoDB] InnoDB initialization has started.,error,"{""level"":""error""}","{""project"":""0ee5f251-6f6f-4df1-88b1-bb752a8a350b"",""environment"":""e0e44f1f-ec58-480e-94e9-09bad9cd99ba"",""service"":""df16bcd7-7927-4bbf-adf1-191ac3e92d21"",""deployment"":""9f2b543f-0b35-41bc-9cb5-d19bf9898c07"",""replica"":""1901484f-77af-4ab4-83ab-a08df9c439b6""}",2026-05-16T17:25:50.457294938Z
2026-05-16T17:25:44.394739Z 1 [System] [MY-013577] [InnoDB] InnoDB initialization has ended.,error,"{""level"":""error""}","{""project"":""0ee5f251-6f6f-4df1-88b1-bb752a8a350b"",""environment"":""e0e44f1f-ec58-480e-94e9-09bad9cd99ba"",""service"":""df16bcd7-7927-4bbf-adf1-191ac3e92d21"",""deployment"":""9f2b543f-0b35-41bc-9cb5-d19bf9898c07"",""replica"":""1901484f-77af-4ab4-83ab-a08df9c439b6""}",2026-05-16T17:25:50.457298369Z
2026-05-16T17:25:44.687587Z 0 [Warning] [MY-010068] [Server] CA certificate ca.pem is self signed.,error,"{""level"":""error""}","{""project"":""0ee5f251-6f6f-4df1-88b1-bb752a8a350b"",""environment"":""e0e44f1f-ec58-480e-94e9-09bad9cd99ba"",""service"":""df16bcd7-7927-4bbf-adf1-191ac3e92d21"",""deployment"":""9f2b543f-0b35-41bc-9cb5-d19bf9898c07"",""replica"":""1901484f-77af-4ab4-83ab-a08df9c439b6""}",2026-05-16T17:25:50.457301502Z
2026-05-16T17:25:44.687611Z 0 [System] [MY-013602] [Server] Channel mysql_main configured to support TLS. Encrypted connections are now supported for this channel.,error,"{""level"":""error""}","{""project"":""0ee5f251-6f6f-4df1-88b1-bb752a8a350b"",""environment"":""e0e44f1f-ec58-480e-94e9-09bad9cd99ba"",""service"":""df16bcd7-7927-4bbf-adf1-191ac3e92d21"",""deployment"":""9f2b543f-0b35-41bc-9cb5-d19bf9898c07"",""replica"":""1901484f-77af-4ab4-83ab-a08df9c439b6""}",2026-05-16T17:25:50.457304844Z
2026-05-16T17:25:44.693171Z 0 [Warning] [MY-011810] [Server] Insecure configuration for --pid-file: Location '/var/run/mysqld' in the path is accessible to all OS users. Consider choosing a different directory.,error,"{""level"":""error""}","{""project"":""0ee5f251-6f6f-4df1-88b1-bb752a8a350b"",""environment"":""e0e44f1f-ec58-480e-94e9-09bad9cd99ba"",""service"":""df16bcd7-7927-4bbf-adf1-191ac3e92d21"",""deployment"":""9f2b543f-0b35-41bc-9cb5-d19bf9898c07"",""replica"":""1901484f-77af-4ab4-83ab-a08df9c439b6""}",2026-05-16T17:25:50.457308615Z
"2026-05-16T17:25:44.741234Z 0 [System] [MY-011323] [Server] X Plugin ready for connections. Bind-address: '::' port: 33060, socket: /var/run/mysqld/mysqlx.sock",error,"{""level"":""error""}","{""project"":""0ee5f251-6f6f-4df1-88b1-bb752a8a350b"",""environment"":""e0e44f1f-ec58-480e-94e9-09bad9cd99ba"",""service"":""df16bcd7-7927-4bbf-adf1-191ac3e92d21"",""deployment"":""9f2b543f-0b35-41bc-9cb5-d19bf9898c07"",""replica"":""1901484f-77af-4ab4-83ab-a08df9c439b6""}",2026-05-16T17:25:50.457311604Z
2026-05-16T17:25:44.741323Z 0 [System] [MY-010931] [Server] /usr/sbin/mysqld: ready for connections. Version: '9.4.0'  socket: '/var/run/mysqld/mysqld.sock'  port: 3306  MySQL Community Server - GPL.,error,"{""level"":""error""}","{""project"":""0ee5f251-6f6f-4df1-88b1-bb752a8a350b"",""environment"":""e0e44f1f-ec58-480e-94e9-09bad9cd99ba"",""service"":""df16bcd7-7927-4bbf-adf1-191ac3e92d21"",""deployment"":""9f2b543f-0b35-41bc-9cb5-d19bf9898c07"",""replica"":""1901484f-77af-4ab4-83ab-a08df9c439b6""}",2026-05-16T17:25:50.458285929Z
2026-05-16T17:30:26.940307Z 0 [System] [MY-013172] [Server] Received SHUTDOWN from user <via user signal>. Shutting down mysqld (Version: 9.4.0).,error,"{""level"":""error""}","{""project"":""0ee5f251-6f6f-4df1-88b1-bb752a8a350b"",""environment"":""e0e44f1f-ec58-480e-94e9-09bad9cd99ba"",""service"":""df16bcd7-7927-4bbf-adf1-191ac3e92d21"",""deployment"":""9f2b543f-0b35-41bc-9cb5-d19bf9898c07"",""replica"":""1901484f-77af-4ab4-83ab-a08df9c439b6""}",2026-05-16T17:30:30.939241889Z
2026-05-16T17:30:28.941321Z 0 [Warning] [MY-010909] [Server] /usr/sbin/mysqld: Forcing close of thread 23  user: 'root'.,error,"{""level"":""error""}","{""project"":""0ee5f251-6f6f-4df1-88b1-bb752a8a350b"",""environment"":""e0e44f1f-ec58-480e-94e9-09bad9cd99ba"",""service"":""df16bcd7-7927-4bbf-adf1-191ac3e92d21"",""deployment"":""9f2b543f-0b35-41bc-9cb5-d19bf9898c07"",""replica"":""1901484f-77af-4ab4-83ab-a08df9c439b6""}",2026-05-16T17:30:30.939245958Z
2026-05-16T17:30:29.743871Z 0 [System] [MY-010910] [Server] /usr/sbin/mysqld: Shutdown complete (mysqld 9.4.0)  MySQL Community Server - GPL.,error,"{""level"":""error""}","{""project"":""0ee5f251-6f6f-4df1-88b1-bb752a8a350b"",""environment"":""e0e44f1f-ec58-480e-94e9-09bad9cd99ba"",""service"":""df16bcd7-7927-4bbf-adf1-191ac3e92d21"",""deployment"":""9f2b543f-0b35-41bc-9cb5-d19bf9898c07"",""replica"":""1901484f-77af-4ab4-83ab-a08df9c439b6""}",2026-05-16T17:30:30.939249675Z
2026-05-16T17:30:29.743882Z 0 [System] [MY-015016] [Server] MySQL Server - end.,error,"{""level"":""error""}","{""project"":""0ee5f251-6f6f-4df1-88b1-bb752a8a350b"",""environment"":""e0e44f1f-ec58-480e-94e9-09bad9cd99ba"",""service"":""df16bcd7-7927-4bbf-adf1-191ac3e92d21"",""deployment"":""9f2b543f-0b35-41bc-9cb5-d19bf9898c07"",""replica"":""1901484f-77af-4ab4-83ab-a08df9c439b6""}",2026-05-16T17:30:30.939253784Z
2026-05-16 17:30:31+00:00 [Note] [Entrypoint]: Entrypoint script for MySQL Server 9.4.0-1.el9 started.,info,"{""level"":""info""}","{""project"":""0ee5f251-6f6f-4df1-88b1-bb752a8a350b"",""environment"":""e0e44f1f-ec58-480e-94e9-09bad9cd99ba"",""service"":""df16bcd7-7927-4bbf-adf1-191ac3e92d21"",""deployment"":""9f2b543f-0b35-41bc-9cb5-d19bf9898c07"",""replica"":""1901484f-77af-4ab4-83ab-a08df9c439b6""}",2026-05-16T17:30:31.004146928Z
2026-05-16 17:30:31+00:00 [Note] [Entrypoint]: Switching to dedicated user 'mysql',info,"{""level"":""info""}","{""project"":""0ee5f251-6f6f-4df1-88b1-bb752a8a350b"",""environment"":""e0e44f1f-ec58-480e-94e9-09bad9cd99ba"",""service"":""df16bcd7-7927-4bbf-adf1-191ac3e92d21"",""deployment"":""9f2b543f-0b35-41bc-9cb5-d19bf9898c07"",""replica"":""1901484f-77af-4ab4-83ab-a08df9c439b6""}",2026-05-16T17:30:31.173120309Z
2026-05-16 17:30:31+00:00 [Note] [Entrypoint]: Entrypoint script for MySQL Server 9.4.0-1.el9 started.,info,"{""level"":""info""}","{""project"":""0ee5f251-6f6f-4df1-88b1-bb752a8a350b"",""environment"":""e0e44f1f-ec58-480e-94e9-09bad9cd99ba"",""service"":""df16bcd7-7927-4bbf-adf1-191ac3e92d21"",""deployment"":""9f2b543f-0b35-41bc-9cb5-d19bf9898c07"",""replica"":""1901484f-77af-4ab4-83ab-a08df9c439b6""}",2026-05-16T17:30:31.187332978Z
'/var/lib/mysql/mysql.sock' -> '/var/run/mysqld/mysqld.sock',info,"{""level"":""info""}","{""project"":""0ee5f251-6f6f-4df1-88b1-bb752a8a350b"",""environment"":""e0e44f1f-ec58-480e-94e9-09bad9cd99ba"",""service"":""df16bcd7-7927-4bbf-adf1-191ac3e92d21"",""deployment"":""9f2b543f-0b35-41bc-9cb5-d19bf9898c07"",""replica"":""1901484f-77af-4ab4-83ab-a08df9c439b6""}",2026-05-16T17:30:31.358558197Z
2026-05-16T17:30:31.368616Z 0 [System] [MY-015015] [Server] MySQL Server - start.,error,"{""level"":""error""}","{""project"":""0ee5f251-6f6f-4df1-88b1-bb752a8a350b"",""environment"":""e0e44f1f-ec58-480e-94e9-09bad9cd99ba"",""service"":""df16bcd7-7927-4bbf-adf1-191ac3e92d21"",""deployment"":""9f2b543f-0b35-41bc-9cb5-d19bf9898c07"",""replica"":""1901484f-77af-4ab4-83ab-a08df9c439b6""}",2026-05-16T17:30:31.491338534Z
2026-05-16T17:30:31.486880Z 0 [System] [MY-010116] [Server] /usr/sbin/mysqld (mysqld 9.4.0) starting as process 1,error,"{""level"":""error""}","{""project"":""0ee5f251-6f6f-4df1-88b1-bb752a8a350b"",""environment"":""e0e44f1f-ec58-480e-94e9-09bad9cd99ba"",""service"":""df16bcd7-7927-4bbf-adf1-191ac3e92d21"",""deployment"":""9f2b543f-0b35-41bc-9cb5-d19bf9898c07"",""replica"":""1901484f-77af-4ab4-83ab-a08df9c439b6""}",2026-05-16T17:30:31.491345668Z
2026-05-16T17:30:31.486891Z 0 [System] [MY-015590] [Server] MySQL Server has access to 2 logical CPUs.,error,"{""level"":""error""}","{""project"":""0ee5f251-6f6f-4df1-88b1-bb752a8a350b"",""environment"":""e0e44f1f-ec58-480e-94e9-09bad9cd99ba"",""service"":""df16bcd7-7927-4bbf-adf1-191ac3e92d21"",""deployment"":""9f2b543f-0b35-41bc-9cb5-d19bf9898c07"",""replica"":""1901484f-77af-4ab4-83ab-a08df9c439b6""}",2026-05-16T17:30:31.491349622Z
2026-05-16T17:30:31.486900Z 0 [System] [MY-015590] [Server] MySQL Server has access to 999997440 bytes of physical memory.,error,"{""level"":""error""}","{""project"":""0ee5f251-6f6f-4df1-88b1-bb752a8a350b"",""environment"":""e0e44f1f-ec58-480e-94e9-09bad9cd99ba"",""service"":""df16bcd7-7927-4bbf-adf1-191ac3e92d21"",""deployment"":""9f2b543f-0b35-41bc-9cb5-d19bf9898c07"",""replica"":""1901484f-77af-4ab4-83ab-a08df9c439b6""}",2026-05-16T17:30:31.491353444Z
2026-05-16T17:30:31.491140Z 1 [System] [MY-013576] [InnoDB] InnoDB initialization has started.,error,"{""level"":""error""}","{""project"":""0ee5f251-6f6f-4df1-88b1-bb752a8a350b"",""environment"":""e0e44f1f-ec58-480e-94e9-09bad9cd99ba"",""service"":""df16bcd7-7927-4bbf-adf1-191ac3e92d21"",""deployment"":""9f2b543f-0b35-41bc-9cb5-d19bf9898c07"",""replica"":""1901484f-77af-4ab4-83ab-a08df9c439b6""}",2026-05-16T17:30:31.492556067Z
2026-05-16T17:30:32.155415Z 1 [System] [MY-013577] [InnoDB] InnoDB initialization has ended.,error,"{""level"":""error""}","{""project"":""0ee5f251-6f6f-4df1-88b1-bb752a8a350b"",""environment"":""e0e44f1f-ec58-480e-94e9-09bad9cd99ba"",""service"":""df16bcd7-7927-4bbf-adf1-191ac3e92d21"",""deployment"":""9f2b543f-0b35-41bc-9cb5-d19bf9898c07"",""replica"":""1901484f-77af-4ab4-83ab-a08df9c439b6""}",2026-05-16T17:30:32.161504725Z
2026-05-16T17:30:32.330189Z 0 [Warning] [MY-010068] [Server] CA certificate ca.pem is self signed.,error,"{""level"":""error""}","{""project"":""0ee5f251-6f6f-4df1-88b1-bb752a8a350b"",""environment"":""e0e44f1f-ec58-480e-94e9-09bad9cd99ba"",""service"":""df16bcd7-7927-4bbf-adf1-191ac3e92d21"",""deployment"":""9f2b543f-0b35-41bc-9cb5-d19bf9898c07"",""replica"":""1901484f-77af-4ab4-83ab-a08df9c439b6""}",2026-05-16T17:30:32.336153423Z
2026-05-16T17:30:32.330211Z 0 [System] [MY-013602] [Server] Channel mysql_main configured to support TLS. Encrypted connections are now supported for this channel.,error,"{""level"":""error""}","{""project"":""0ee5f251-6f6f-4df1-88b1-bb752a8a350b"",""environment"":""e0e44f1f-ec58-480e-94e9-09bad9cd99ba"",""service"":""df16bcd7-7927-4bbf-adf1-191ac3e92d21"",""deployment"":""9f2b543f-0b35-41bc-9cb5-d19bf9898c07"",""replica"":""1901484f-77af-4ab4-83ab-a08df9c439b6""}",2026-05-16T17:30:32.336157903Z
2026-05-16T17:30:32.335257Z 0 [Warning] [MY-011810] [Server] Insecure configuration for --pid-file: Location '/var/run/mysqld' in the path is accessible to all OS users. Consider choosing a different directory.,error,"{""level"":""error""}","{""project"":""0ee5f251-6f6f-4df1-88b1-bb752a8a350b"",""environment"":""e0e44f1f-ec58-480e-94e9-09bad9cd99ba"",""service"":""df16bcd7-7927-4bbf-adf1-191ac3e92d21"",""deployment"":""9f2b543f-0b35-41bc-9cb5-d19bf9898c07"",""replica"":""1901484f-77af-4ab4-83ab-a08df9c439b6""}",2026-05-16T17:30:32.336160620Z
"2026-05-16T17:30:32.369165Z 0 [System] [MY-011323] [Server] X Plugin ready for connections. Bind-address: '::' port: 33060, socket: /var/run/mysqld/mysqlx.sock",error,"{""level"":""error""}","{""project"":""0ee5f251-6f6f-4df1-88b1-bb752a8a350b"",""environment"":""e0e44f1f-ec58-480e-94e9-09bad9cd99ba"",""service"":""df16bcd7-7927-4bbf-adf1-191ac3e92d21"",""deployment"":""9f2b543f-0b35-41bc-9cb5-d19bf9898c07"",""replica"":""1901484f-77af-4ab4-83ab-a08df9c439b6""}",2026-05-16T17:30:32.370392285Z
2026-05-16T17:30:32.369214Z 0 [System] [MY-010931] [Server] /usr/sbin/mysqld: ready for connections. Version: '9.4.0'  socket: '/var/run/mysqld/mysqld.sock'  port: 3306  MySQL Community Server - GPL.,error,"{""level"":""error""}","{""project"":""0ee5f251-6f6f-4df1-88b1-bb752a8a350b"",""environment"":""e0e44f1f-ec58-480e-94e9-09bad9cd99ba"",""service"":""df16bcd7-7927-4bbf-adf1-191ac3e92d21"",""deployment"":""9f2b543f-0b35-41bc-9cb5-d19bf9898c07"",""replica"":""1901484f-77af-4ab4-83ab-a08df9c439b6""}",2026-05-16T17:30:32.370396471Z
Mounting volume on: /var/lib/containers/railwayapp/bind-mounts/1901484f-77af-4ab4-83ab-a08df9c439b6/vol_gemfjajebtev52gr,info,"{""level"":""info""}","{""project"":""0ee5f251-6f6f-4df1-88b1-bb752a8a350b"",""environment"":""e0e44f1f-ec58-480e-94e9-09bad9cd99ba"",""service"":""df16bcd7-7927-4bbf-adf1-191ac3e92d21"",""deployment"":""9f2b543f-0b35-41bc-9cb5-d19bf9898c07"",""replica"":""1901484f-77af-4ab4-83ab-a08df9c439b6""}",2026-05-16T17:30:32.499328818Z